policy,corridor,horizon_days,test_year,threshold,signals,signals_per_week,signal_hit_rate,random_hit_rate,lift,wait_days_mean,waiting_cost_bps_mean,waiting_cost_bps_median
fast,RUB_TJS,1,2022,0.9370293244181742,4,0.07909604519774012,1.0,0.8591666666666666,1.1639185257032008,,,
slow,RUB_TJS,1,2022,0.9370293244181742,0,0.0,,,,,,
fast,RUB_TJS,1,2023,0.8235465921905283,41,0.8107344632768362,0.9024390243902439,0.8020325203252031,1.1251900658895087,,,
slow,RUB_TJS,1,2023,0.8235465921905283,21,0.4152542372881356,0.8571428571428571,0.7985714285714285,1.0733452593917712,1.4761904761904763,-4.24573425534348,-3.023319490714771
fast,RUB_TJS,1,2024,0.868940466525441,47,0.9293785310734464,0.9787234042553191,0.8527659574468085,1.1477045908183632,,,
slow,RUB_TJS,1,2024,0.868940466525441,16,0.3163841807909605,0.875,0.835,1.0479041916167666,1.875,1.8419758018948413,2.1829889149282966
fast,RUB_TJS,1,2025,0.8943797586499477,48,0.9464788732394366,0.9791666666666666,0.762013888888889,1.2849722045019591,,,
slow,RUB_TJS,1,2025,0.8943797586499477,3,0.059154929577464786,1.0,0.65,1.5384615384615383,1.0,-47.38520182156888,-36.94315427772654
fast,RUB_TJS,1,2026,0.8992583021359789,31,0.9393939393939394,1.0,0.8259139784946237,1.21077984637417,,,
slow,RUB_TJS,1,2026,0.8992583021359789,2,0.06060606060606061,1.0,0.7483333333333333,1.3363028953229399,2.0,25.55444981352739,25.55444981352739
fast,RUB_TJS,3,2022,0.8156630019596919,4,0.07909604519774012,1.0,0.44916666666666666,2.226345083487941,,,
slow,RUB_TJS,3,2022,0.8156630019596919,0,0.0,,,,,,
fast,RUB_TJS,3,2023,0.7285220855646849,32,0.632768361581921,0.84375,0.7165625,1.1774967291757523,,,
slow,RUB_TJS,3,2023,0.7285220855646849,17,0.3361581920903955,0.8823529411764706,0.6888235294117647,1.2809564474807855,1.0,-12.323941012758985,-3.023319490714771
fast,RUB_TJS,3,2024,0.7725365145816705,34,0.672316384180791,0.8823529411764706,0.6744117647058823,1.3083296990841693,,,
slow,RUB_TJS,3,2024,0.7725365145816705,14,0.2768361581920904,0.7857142857142857,0.7171428571428572,1.095617529880478,1.0,26.125790693964607,6.9480703217328355
fast,RUB_TJS,3,2025,0.7730577891484038,43,0.847887323943662,0.8604651162790697,0.604341085271318,1.4238070805541299,,,
slow,RUB_TJS,3,2025,0.7730577891484038,18,0.3549295774647887,0.7777777777777778,0.45259259259259255,1.7184942716857612,1.0,10.242416748718743,3.015920542855932
fast,RUB_TJS,3,2026,0.8119568195903407,26,0.7982456140350878,0.8461538461538461,0.5556410256410256,1.5228426395939088,,,
slow,RUB_TJS,3,2026,0.8119568195903407,8,0.2456140350877193,0.75,0.48333333333333334,1.5517241379310345,1.0,31.265482237022717,14.585288834897403
fast,RUB_TJS,5,2022,0.5712356757264306,2,0.03954802259887006,0.5,0.6366666666666667,0.7853403141361256,,,
slow,RUB_TJS,5,2022,0.5712356757264306,1,0.01977401129943503,1.0,0.5433333333333333,1.8404907975460123,1.0,15.689853894482741,15.689853894482741
fast,RUB_TJS,5,2023,0.5027313314139858,30,0.5932203389830508,0.6333333333333333,0.685,0.924574209245742,,,
slow,RUB_TJS,5,2023,0.5027313314139858,24,0.4745762711864407,0.625,0.690138888888889,0.9056148118333668,1.5,-15.157012050579695,-5.139281716585176
fast,RUB_TJS,5,2024,0.6193860632447423,28,0.5536723163841808,0.7857142857142857,0.5854761904761904,1.3420089467263117,,,
slow,RUB_TJS,5,2024,0.6193860632447423,13,0.2570621468926554,0.5384615384615384,0.7066666666666667,0.7619738751814223,1.0,25.179565699718566,25.735968383238106
fast,RUB_TJS,5,2025,0.6287340747308052,25,0.49295774647887325,0.6,0.5049333333333333,1.18827567995775,,,
slow,RUB_TJS,5,2025,0.6287340747308052,12,0.23661971830985915,0.5833333333333334,0.3705555555555556,1.5742128935532234,1.0,-2.792109931526825,3.013689847219947
fast,RUB_TJS,5,2026,0.5924833206436051,26,0.8017621145374448,0.6538461538461539,0.46615384615384614,1.4026402640264026,,,
slow,RUB_TJS,5,2026,0.5924833206436051,21,0.6475770925110131,0.7619047619047619,0.4074603174603174,1.8698870276587458,1.4761904761904763,6.998816220034224,-9.289668648220228
fast,RUB_TJS,10,2022,0.401874242197984,16,0.3163841807909605,0.4375,0.2075,2.108433734939759,,,
slow,RUB_TJS,10,2022,0.401874242197984,9,0.17796610169491525,0.2222222222222222,0.3781481481481481,0.5876591576885406,1.6666666666666667,6.824645808665893,14.891080956349612
fast,RUB_TJS,10,2023,0.34819589498248443,40,0.7909604519774012,0.625,0.54525,1.1462631820265934,,,
slow,RUB_TJS,10,2023,0.34819589498248443,31,0.612994350282486,0.5806451612903226,0.6105376344086021,0.9510390982740403,2.032258064516129,6.818027962814873,10.522051229380214
fast,RUB_TJS,10,2024,0.4582364433563903,40,0.7909604519774012,0.55,0.5161666666666668,1.0655473038424281,,,
slow,RUB_TJS,10,2024,0.4582364433563903,27,0.5338983050847458,0.5555555555555556,0.4683950617283951,1.1860832894043225,1.2222222222222223,28.52646834516269,21.478992194305935
fast,RUB_TJS,10,2025,0.4937643306531201,25,0.49295774647887325,0.48,0.3757333333333333,1.27750177430802,,,
slow,RUB_TJS,10,2025,0.4937643306531201,13,0.2563380281690141,0.6923076923076923,0.21948717948717952,3.154205607476635,1.3076923076923077,41.10464040860607,22.521252363076893
fast,RUB_TJS,10,2026,0.42836191058041023,29,0.918552036199095,0.5172413793103449,0.42781609195402304,1.2090274046211713,,,
slow,RUB_TJS,10,2026,0.42836191058041023,25,0.7918552036199095,0.56,0.36626666666666663,1.528940662540954,1.64,22.029272645191924,13.572055275279382
fast,RUB_TJS,20,2022,0.4155764045421381,1,0.01977401129943503,0.0,0.4866666666666667,0.0,,,
slow,RUB_TJS,20,2022,0.4155764045421381,0,0.0,,,,,,
fast,RUB_TJS,20,2023,0.017869265887944682,51,1.0084745762711864,0.4117647058823529,0.4422222222222223,0.9311262193319537,,,
slow,RUB_TJS,20,2023,0.017869265887944682,51,1.0084745762711864,0.43137254901960786,0.4462091503267974,0.9667496704262487,2.7254901960784315,17.938172408691422,11.089983497911682
fast,RUB_TJS,20,2024,0.34939670379283105,21,0.4152542372881356,0.2857142857142857,0.38238095238095243,0.74719800747198,,,
slow,RUB_TJS,20,2024,0.34939670379283105,12,0.23728813559322035,0.25,0.5566666666666666,0.44910179640718567,1.8333333333333333,2.8801622980102315,-4.7526269947145705
fast,RUB_TJS,20,2025,0.33519427917636985,34,0.6704225352112676,0.4411764705882353,0.3385294117647059,1.3032145960034751,,,
slow,RUB_TJS,20,2025,0.33519427917636985,25,0.49295774647887325,0.52,0.2729333333333333,1.9052271617000491,1.88,31.85480560499423,22.521252363076893
fast,RUB_TJS,20,2026,0.3453852666930682,22,0.7264150943396227,0.5909090909090909,0.24499999999999994,2.4118738404452698,,,
slow,RUB_TJS,20,2026,0.3453852666930682,15,0.49528301886792453,0.6,0.22066666666666662,2.7190332326283992,2.066666666666667,22.659587072671496,33.415958674714034
fast,RUB_UZS,1,2022,0.9444335270618055,16,0.3163841807909605,0.9375,0.6010416666666667,1.559792027729636,,,
slow,RUB_UZS,1,2022,0.9444335270618055,1,0.01977401129943503,1.0,1.0,1.0,3.0,-38.497831761499235,-38.497831761499235
fast,RUB_UZS,1,2023,0.9328458628469508,24,0.4745762711864407,0.9583333333333334,0.8259722222222222,1.1602488649739364,,,
slow,RUB_UZS,1,2023,0.9328458628469508,1,0.01977401129943503,1.0,0.15,6.666666666666667,1.0,-163.4951558617015,-163.4951558617015
fast,RUB_UZS,1,2024,0.8350208674914341,49,0.9689265536723164,0.8571428571428571,0.8301360544217686,1.0325329836925348,,,
slow,RUB_UZS,1,2024,0.8350208674914341,36,0.711864406779661,0.9722222222222222,0.8234259259259259,1.1807039244349489,1.0555555555555556,8.317504811952826,-0.974760743586156
fast,RUB_UZS,1,2025,0.8826644236442458,48,0.9464788732394366,0.9375,0.6665972222222223,1.4063964996353786,,,
slow,RUB_UZS,1,2025,0.8826644236442458,14,0.27605633802816903,1.0,0.5452380952380952,1.834061135371179,1.0,-7.356883411457034,-13.96708793204693
fast,RUB_UZS,1,2026,0.9201716627390472,29,0.8787878787878788,0.9655172413793104,0.763793103448276,1.2641083521444694,,,
slow,RUB_UZS,1,2026,0.9201716627390472,3,0.09090909090909091,1.0,0.6866666666666666,1.4563106796116505,1.0,-32.763246392700786,-48.901400113676715
fast,RUB_UZS,3,2022,0.7975617493078295,21,0.4152542372881356,0.6190476190476191,0.31650793650793646,1.9558676028084256,,,
slow,RUB_UZS,3,2022,0.7975617493078295,15,0.2966101694915254,0.8666666666666667,0.3444444444444444,2.516129032258065,1.0,-31.513108934305553,-9.219783020137928
fast,RUB_UZS,3,2023,0.674833983680171,41,0.8107344632768362,0.7804878048780488,0.6933333333333334,1.125703564727955,,,
slow,RUB_UZS,3,2023,0.674833983680171,32,0.632768361581921,0.90625,0.7047916666666667,1.2858409695536506,1.0,-10.699279049284396,-6.5392707862077515
fast,RUB_UZS,3,2024,0.698434721729402,50,0.9887005649717514,0.78,0.6403333333333333,1.2181155648099948,,,
slow,RUB_UZS,3,2024,0.698434721729402,42,0.8305084745762712,0.9285714285714286,0.6307936507936508,1.4720684448917967,1.0,11.416028398031594,7.510967000584623
fast,RUB_UZS,3,2025,0.8410087928302384,26,0.5126760563380282,0.6923076923076923,0.45576923076923076,1.518987341772152,,,
slow,RUB_UZS,3,2025,0.8410087928302384,2,0.039436619718309855,0.5,0.6683333333333333,0.7481296758104738,1.0,17.51533347895684,17.51533347895684
fast,RUB_UZS,3,2026,0.8636185114870514,6,0.1842105263157895,0.6666666666666666,0.45388888888888884,1.4687882496940026,,,
slow,RUB_UZS,3,2026,0.8636185114870514,0,0.0,,,,,,
fast,RUB_UZS,5,2022,0.5837362828996578,22,0.43502824858757067,0.5,0.25727272727272726,1.9434628975265018,,,
slow,RUB_UZS,5,2022,0.5837362828996578,16,0.3163841807909605,0.4375,0.29520833333333335,1.4820042342978121,1.25,-34.10687678756297,-6.233435491064809
fast,RUB_UZS,5,2023,0.0055844633115794155,51,1.0084745762711864,0.5490196078431373,0.6188888888888888,0.887105290949414,,,
slow,RUB_UZS,5,2023,0.0055844633115794155,51,1.0084745762711864,0.5490196078431373,0.6157516339869281,0.8916250928776139,2.7254901960784315,16.345162044777297,12.277506142348571
fast,RUB_UZS,5,2024,0.5751062330054468,38,0.7514124293785311,0.631578947368421,0.5564035087719299,1.1351095696042879,,,
slow,RUB_UZS,5,2024,0.5751062330054468,28,0.5536723163841808,0.6428571428571429,0.5332142857142858,1.2056262558606832,1.0714285714285714,27.1052195335517,32.72461437607954
fast,RUB_UZS,5,2025,0.616565141013922,25,0.49295774647887325,0.52,0.40133333333333326,1.2956810631229239,,,
slow,RUB_UZS,5,2025,0.616565141013922,15,0.29577464788732394,0.4666666666666667,0.3417777777777778,1.365409622886866,1.0,42.88166121792865,29.77447685818646
fast,RUB_UZS,5,2026,0.6402989631984461,5,0.1541850220264317,0.6,0.35333333333333333,1.6981132075471697,,,
slow,RUB_UZS,5,2026,0.6402989631984461,3,0.09251101321585903,0.6666666666666666,0.21666666666666667,3.0769230769230766,1.0,46.5512900366168,40.529073343142926
fast,RUB_UZS,10,2022,0.3532253214647972,30,0.5932203389830508,0.26666666666666666,0.2064444444444444,1.2917115177610337,,,
slow,RUB_UZS,10,2022,0.3532253214647972,26,0.5141242937853108,0.2692307692307692,0.1762820512820513,1.5272727272727271,2.0,-46.916613407405826,-18.12480988447829
fast,RUB_UZS,10,2023,3.4293370260369224e-05,51,1.0084745762711864,0.43137254901960786,0.4839869281045752,0.8912896691424712,,,
slow,RUB_UZS,10,2023,3.4293370260369224e-05,51,1.0084745762711864,0.43137254901960786,0.4822875816993465,0.8944301395853096,2.7254901960784315,16.345162044777297,12.277506142348571
fast,RUB_UZS,10,2024,0.38154319090831446,44,0.8700564971751413,0.5,0.47401515151515144,1.054818603164456,,,
slow,RUB_UZS,10,2024,0.38154319090831446,40,0.7909604519774012,0.55,0.43833333333333335,1.2547528517110267,1.8,30.05153424296939,18.921943577114853
fast,RUB_UZS,10,2025,0.5423649658746063,1,0.019718309859154928,0.0,0.7766666666666666,0.0,,,
slow,RUB_UZS,10,2025,0.5423649658746063,0,0.0,,,,,,
fast,RUB_UZS,10,2026,0.34586711528222475,30,0.9502262443438914,0.4,0.3864444444444445,1.0350776308223117,,,
slow,RUB_UZS,10,2026,0.34586711528222475,29,0.918552036199095,0.4482758620689655,0.37931034482758624,1.1818181818181817,1.7586206896551724,18.193922651336774,27.458486114970704
fast,RUB_UZS,20,2022,0.18228107657758658,35,0.692090395480226,0.17142857142857143,0.14142857142857143,1.2121212121212122,,,
slow,RUB_UZS,20,2022,0.18228107657758658,29,0.5734463276836158,0.20689655172413793,0.1442528735632184,1.4342629482071714,2.310344827586207,-28.86595171781412,-1.360792915753306
fast,RUB_UZS,20,2023,0.0011073759004434972,51,1.0084745762711864,0.35294117647058826,0.40836601307189546,0.8642765685019206,,,
slow,RUB_UZS,20,2023,0.0011073759004434972,51,1.0084745762711864,0.37254901960784315,0.4074509803921569,0.9143407122232916,2.7254901960784315,16.345162044777297,12.277506142348571
fast,RUB_UZS,20,2024,0.20563273218876138,53,1.0480225988700564,0.33962264150943394,0.37421383647798745,0.9075630252100839,,,
slow,RUB_UZS,20,2024,0.20563273218876138,50,0.9887005649717514,0.36,0.3574666666666666,1.0070869078701978,2.36,13.596730628250175,10.05165221651283
fast,RUB_UZS,20,2025,0.2864496733278088,35,0.6901408450704225,0.2,0.22114285714285714,0.9043927648578812,,,
slow,RUB_UZS,20,2025,0.2864496733278088,25,0.49295774647887325,0.16,0.114,1.4035087719298245,1.8,33.34090656999398,28.963664462609007
fast,RUB_UZS,20,2026,0.2491419861984839,25,0.8254716981132075,0.48,0.3104,1.5463917525773194,,,
slow,RUB_UZS,20,2026,0.2491419861984839,18,0.5943396226415094,0.5555555555555556,0.272037037037037,2.042205582028591,2.111111111111111,9.275810524269192,30.42616792379493
fast,RUB_KGS,1,2022,0.9551640744311837,3,0.059322033898305086,1.0,0.9122222222222223,1.0962241169305724,,,
slow,RUB_KGS,1,2022,0.9551640744311837,0,0.0,,,,,,
fast,RUB_KGS,1,2023,0.5750606033913176,49,0.9689265536723164,0.8367346938775511,0.7884353741496598,1.0612597066436584,,,
slow,RUB_KGS,1,2023,0.5750606033913176,41,0.8107344632768362,0.8048780487804879,0.8014634146341463,1.004260499087036,2.268292682926829,13.70672463482596,10.80681660740046
fast,RUB_KGS,1,2024,0.8545581978320991,49,0.9689265536723164,0.9387755102040817,0.8551700680272109,1.0977646965237453,,,
slow,RUB_KGS,1,2024,0.8545581978320991,21,0.4152542372881356,1.0,0.8566666666666667,1.1673151750972763,1.6666666666666667,27.404363581075856,12.049263710975922
fast,RUB_KGS,1,2025,0.9182050067957731,47,0.9267605633802817,1.0,0.733758865248227,1.3628455441716605,,,
slow,RUB_KGS,1,2025,0.9182050067957731,6,0.11830985915492957,0.6666666666666666,0.5316666666666666,1.2539184952978057,2.6666666666666665,20.11521192037513,2.725539312518066
fast,RUB_KGS,1,2026,0.9062679457210376,31,0.9393939393939394,1.0,0.8029032258064516,1.245480112494978,,,
slow,RUB_KGS,1,2026,0.9062679457210376,7,0.21212121212121213,1.0,0.8628571428571428,1.1589403973509935,2.142857142857143,56.55190278478526,47.33004045281541
fast,RUB_KGS,3,2022,0.9197260264850636,0,0.0,,,,,,
slow,RUB_KGS,3,2022,0.9197260264850636,0,0.0,,,,,,
fast,RUB_KGS,3,2023,0.7696206331377085,27,0.5338983050847458,0.8888888888888888,0.7371604938271605,1.2058281694858481,,,
slow,RUB_KGS,3,2023,0.7696206331377085,9,0.17796610169491525,0.8888888888888888,0.7896296296296296,1.125703564727955,1.0,26.011217966602768,13.797392098564565
fast,RUB_KGS,3,2024,0.8035553211530908,28,0.5536723163841808,0.8571428571428571,0.6548809523809525,1.3088529358298489,,,
slow,RUB_KGS,3,2024,0.8035553211530908,8,0.15819209039548024,0.625,0.6891666666666667,0.9068923821039903,1.0,51.99753517424077,12.479939768822446
fast,RUB_KGS,3,2025,0.762487437628315,48,0.9464788732394366,0.75,0.5494444444444445,1.3650151668351869,,,
slow,RUB_KGS,3,2025,0.762487437628315,31,0.6112676056338028,0.8387096774193549,0.5240860215053764,1.6003282724661467,1.0,3.9324837675206705,5.448549337554454
fast,RUB_KGS,3,2026,0.7660832828953337,32,0.9824561403508772,0.8125,0.5988541666666667,1.3567576969907809,,,
slow,RUB_KGS,3,2026,0.7660832828953337,23,0.7061403508771931,0.782608695652174,0.5195652173913042,1.5062761506276154,1.0,-6.2940183770299205,-4.287095153973075
fast,RUB_KGS,5,2022,0.7657289696648125,1,0.01977401129943503,0.0,0.5,0.0,,,
slow,RUB_KGS,5,2022,0.7657289696648125,0,0.0,,,,,,
fast,RUB_KGS,5,2023,0.5176639325341013,24,0.4745762711864407,0.6666666666666666,0.6984722222222223,0.9544641081725989,,,
slow,RUB_KGS,5,2023,0.5176639325341013,17,0.3361581920903955,0.7058823529411765,0.6654901960784313,1.0606953447259873,1.2352941176470589,-23.609394685281245,-16.234654016361596
fast,RUB_KGS,5,2024,0.5824175949971064,27,0.5338983050847458,0.7777777777777778,0.5890123456790123,1.3204778872353806,,,
slow,RUB_KGS,5,2024,0.5824175949971064,13,0.2570621468926554,0.5384615384615384,0.6912820512820513,0.7789317507418396,1.7692307692307692,0.21853359693504942,-3.188645569310866
fast,RUB_KGS,5,2025,0.5700484405673145,45,0.8873239436619718,0.5111111111111111,0.49496296296296294,1.032624962586052,,,
slow,RUB_KGS,5,2025,0.5700484405673145,32,0.6309859154929577,0.59375,0.4946875,1.2002526847757422,1.6875,-4.441994720045909,-4.269052992630362
fast,RUB_KGS,5,2026,0.643039289154239,25,0.7709251101321586,0.76,0.4576,1.6608391608391608,,,
slow,RUB_KGS,5,2026,0.643039289154239,8,0.24669603524229072,0.625,0.45875,1.3623978201634879,1.25,9.154215519883577,7.6988828229701545
fast,RUB_KGS,10,2022,0.6247236060736665,0,0.0,,,,,,
slow,RUB_KGS,10,2022,0.6247236060736665,0,0.0,,,,,,
fast,RUB_KGS,10,2023,0.3752331615320737,20,0.3954802259887006,0.4,0.6453333333333334,0.6198347107438016,,,
slow,RUB_KGS,10,2023,0.3752331615320737,13,0.2570621468926554,0.5384615384615384,0.7025641025641026,0.7664233576642335,1.7692307692307692,1.1650999080672686,11.106656764874323
fast,RUB_KGS,10,2024,0.10662703551190235,54,1.0677966101694916,0.5185185185185185,0.5412345679012346,0.9580291970802919,,,
slow,RUB_KGS,10,2024,0.10662703551190235,54,1.0677966101694916,0.5185185185185185,0.5473456790123457,0.9473328070373294,2.5925925925925926,6.433692931985505,1.7794773659396412
fast,RUB_KGS,10,2025,0.4500018572102868,31,0.6112676056338028,0.22580645161290322,0.33086021505376345,0.6824829379265518,,,
slow,RUB_KGS,10,2025,0.4500018572102868,21,0.4140845070422535,0.19047619047619047,0.16587301587301587,1.1483253588516746,2.0476190476190474,-15.696794735645193,-13.098200531544979
fast,RUB_KGS,10,2026,0.5163976769722469,16,0.5067873303167421,0.5625,0.33770833333333333,1.6656384947563232,,,
slow,RUB_KGS,10,2026,0.5163976769722469,7,0.22171945701357465,0.42857142857142855,0.33238095238095233,1.2893982808022924,1.2857142857142858,-0.6309174036968527,-15.029913735775668
fast,RUB_KGS,20,2022,0.525390198647644,0,0.0,,,,,,
slow,RUB_KGS,20,2022,0.525390198647644,0,0.0,,,,,,
fast,RUB_KGS,20,2023,0.1596246519537815,24,0.4745762711864407,0.5,0.6297222222222223,0.7940008822232024,,,
slow,RUB_KGS,20,2023,0.1596246519537815,20,0.3954802259887006,0.45,0.5976666666666666,0.7529280535415506,2.3,-7.7287817759550395,4.678461121735422
fast,RUB_KGS,20,2024,0.28514196826872923,29,0.5734463276836158,0.4482758620689655,0.3648275862068966,1.2287334593572778,,,
slow,RUB_KGS,20,2024,0.28514196826872923,27,0.5338983050847458,0.48148148148148145,0.3772839506172839,1.2761780104712042,2.185185185185185,-3.306742579950245,-1.8742663233795032
fast,RUB_KGS,20,2025,0.32572295176336374,37,0.7295774647887324,0.1891891891891892,0.250990990990991,0.7537688442211056,,,
slow,RUB_KGS,20,2025,0.32572295176336374,32,0.6309859154929577,0.1875,0.234375,0.8,2.3125,-3.6983037726719807,-4.269052992630362
fast,RUB_KGS,20,2026,0.41916477072009545,12,0.39622641509433965,0.5833333333333334,0.30583333333333335,1.9073569482288828,,,
slow,RUB_KGS,20,2026,0.41916477072009545,6,0.19811320754716982,0.3333333333333333,0.19055555555555556,1.7492711370262388,2.0,-7.93021478603939,-3.012099281028968
fast,RUB_AMD,1,2022,0.9412339363926302,5,0.09887005649717515,1.0,0.7813333333333332,1.279863481228669,,,
slow,RUB_AMD,1,2022,0.9412339363926302,0,0.0,,,,,,
fast,RUB_AMD,1,2023,0.7467970127372924,44,0.8700564971751413,0.8409090909090909,0.7806818181818183,1.0771470160116448,,,
slow,RUB_AMD,1,2023,0.7467970127372924,29,0.5734463276836158,0.9310344827586207,0.8418390804597701,1.10595303113053,1.3448275862068966,-1.9036627611136492,-0.14506980275386105
fast,RUB_AMD,1,2024,0.8754030601805632,48,0.9491525423728814,1.0,0.8468055555555555,1.180908643595211,,,
slow,RUB_AMD,1,2024,0.8754030601805632,11,0.21751412429378533,0.8181818181818182,0.7936363636363637,1.0309278350515463,2.272727272727273,-11.39945275057755,-9.94629003381764
fast,RUB_AMD,1,2025,0.8855881264795363,48,0.9464788732394366,1.0,0.7240277777777777,1.3811624784193364,,,
slow,RUB_AMD,1,2025,0.8855881264795363,14,0.27605633802816903,1.0,0.5547619047619048,1.8025751072961373,1.1428571428571428,19.706807175534156,12.635305793079477
fast,RUB_AMD,1,2026,0.8813048042083397,32,0.9696969696969697,0.96875,0.8092708333333334,1.1970652593641395,,,
slow,RUB_AMD,1,2026,0.8813048042083397,13,0.3939393939393939,1.0,0.7994871794871795,1.2508017960230917,1.1538461538461537,35.819721185255034,17.705817836644044
fast,RUB_AMD,3,2022,0.8922326811334175,0,0.0,,,,,,
slow,RUB_AMD,3,2022,0.8922326811334175,0,0.0,,,,,,
fast,RUB_AMD,3,2023,0.5749250144855624,33,0.652542372881356,0.7878787878787878,0.7516161616161616,1.048246203467276,,,
slow,RUB_AMD,3,2023,0.5749250144855624,24,0.4745762711864407,0.9166666666666666,0.7570833333333333,1.2107870115575123,1.0,-25.215736956076583,-14.021131737049775
fast,RUB_AMD,3,2024,0.7681717333119857,39,0.7711864406779662,0.9230769230769231,0.6966666666666667,1.3249907986750094,,,
slow,RUB_AMD,3,2024,0.7681717333119857,14,0.2768361581920904,0.6428571428571429,0.7683333333333333,0.8366904245429192,1.0,47.32244397927441,11.379112904139621
fast,RUB_AMD,3,2025,0.77491177353327,42,0.828169014084507,0.8095238095238095,0.5307936507936508,1.5251196172248804,,,
slow,RUB_AMD,3,2025,0.77491177353327,19,0.37464788732394366,0.9473684210526315,0.3850877192982456,2.4601366742596813,1.0,15.063524576675503,16.69401304994711
fast,RUB_AMD,3,2026,0.8781416054595204,4,0.12280701754385966,0.75,0.5575,1.345291479820628,,,
slow,RUB_AMD,3,2026,0.8781416054595204,0,0.0,,,,,,
fast,RUB_AMD,5,2022,0.7521927332341143,1,0.01977401129943503,0.0,0.45666666666666667,0.0,,,
slow,RUB_AMD,5,2022,0.7521927332341143,1,0.01977401129943503,1.0,0.49666666666666665,2.0134228187919465,1.0,-158.79667271249122,-158.79667271249122
fast,RUB_AMD,5,2023,0.00038269297529766664,51,1.0084745762711864,0.5882352941176471,0.6322222222222222,0.9304248940349427,,,
slow,RUB_AMD,5,2023,0.00038269297529766664,51,1.0084745762711864,0.6274509803921569,0.6319607843137255,0.9928637914986038,2.7254901960784315,18.208628521600243,15.392611546456436
fast,RUB_AMD,5,2024,0.5053881377306881,46,0.9096045197740114,0.6739130434782609,0.6581159420289854,1.024003523452984,,,
slow,RUB_AMD,5,2024,0.5053881377306881,41,0.8107344632768362,0.7073170731707317,0.6380487804878048,1.1085626911314985,1.7804878048780488,-5.516551404360699,3.2367084776541155
fast,RUB_AMD,5,2025,0.5539417889823369,45,0.8873239436619718,0.4888888888888889,0.46044444444444443,1.0617760617760619,,,
slow,RUB_AMD,5,2025,0.5539417889823369,35,0.6901408450704225,0.5428571428571428,0.4715238095238095,1.1512825691779438,2.085714285714286,17.005707165448232,7.625445823138399
fast,RUB_AMD,5,2026,0.6881313599916519,16,0.49339207048458145,0.8125,0.47833333333333333,1.6986062717770034,,,
slow,RUB_AMD,5,2026,0.6881313599916519,6,0.18502202643171806,0.8333333333333334,0.4011111111111111,2.0775623268698062,1.0,16.75746457463434,8.50516070335039
fast,RUB_AMD,10,2022,0.5475089085786758,2,0.03954802259887006,0.0,0.66,0.0,,,
slow,RUB_AMD,10,2022,0.5475089085786758,1,0.01977401129943503,0.0,0.49333333333333335,0.0,1.0,-110.20628236234731,-110.20628236234731
fast,RUB_AMD,10,2023,0.00010192577346131714,51,1.0084745762711864,0.5098039215686274,0.5226143790849672,0.975487743871936,,,
slow,RUB_AMD,10,2023,0.00010192577346131714,51,1.0084745762711864,0.5294117647058824,0.519673202614379,1.0187397811596028,2.7254901960784315,18.208628521600243,15.392611546456436
fast,RUB_AMD,10,2024,0.35150464385782143,49,0.9689265536723164,0.5102040816326531,0.5310204081632652,0.9607993850883937,,,
slow,RUB_AMD,10,2024,0.35150464385782143,46,0.9096045197740114,0.5217391304347826,0.5412318840579711,0.9639844691391082,2.0434782608695654,-4.298203361666269,-4.1451194953046056
fast,RUB_AMD,10,2025,0.46517233382292716,29,0.571830985915493,0.3103448275862069,0.2932183908045977,1.058408467267738,,,
slow,RUB_AMD,10,2025,0.46517233382292716,19,0.37464788732394366,0.3157894736842105,0.20842105263157895,1.5151515151515151,2.263157894736842,-2.966806866170289,3.7222970491002094
fast,RUB_AMD,10,2026,0.5527486022998519,17,0.5384615384615384,0.5294117647058824,0.39274509803921565,1.3479780329505744,,,
slow,RUB_AMD,10,2026,0.5527486022998519,6,0.19004524886877827,0.8333333333333334,0.3361111111111111,2.479338842975207,1.3333333333333333,6.873310654813744,2.709987395097535
fast,RUB_AMD,20,2022,0.4150369174343851,2,0.03954802259887006,0.0,0.4666666666666667,0.0,,,
slow,RUB_AMD,20,2022,0.4150369174343851,1,0.01977401129943503,0.0,0.4633333333333333,0.0,1.0,3.4678673193955234,3.4678673193955234
fast,RUB_AMD,20,2023,6.313356253269632e-05,51,1.0084745762711864,0.43137254901960786,0.45281045751633997,0.9526558891454964,,,
slow,RUB_AMD,20,2023,6.313356253269632e-05,51,1.0084745762711864,0.45098039215686275,0.45411764705882357,0.9930915371329878,2.7254901960784315,18.208628521600243,15.392611546456436
fast,RUB_AMD,20,2024,0.3138641721442641,28,0.5536723163841808,0.35714285714285715,0.35547619047619045,1.0046885465505695,,,
slow,RUB_AMD,20,2024,0.3138641721442641,27,0.5338983050847458,0.37037037037037035,0.36814814814814817,1.0060362173038229,1.8888888888888888,-12.383309411629865,-17.84974481475965
fast,RUB_AMD,20,2025,0.28501646925939156,44,0.8676056338028169,0.3181818181818182,0.24696969696969698,1.2883435582822085,,,
slow,RUB_AMD,20,2025,0.28501646925939156,39,0.7690140845070422,0.28205128205128205,0.2546153846153846,1.1077542799597182,2.3333333333333335,5.1866501107941865,0.5655575454799333
fast,RUB_AMD,20,2026,0.41714717320227795,19,0.6273584905660378,0.631578947368421,0.2484210526315789,2.5423728813559325,,,
slow,RUB_AMD,20,2026,0.41714717320227795,14,0.46226415094339623,0.7142857142857143,0.2883333333333333,2.4772914946325355,1.5714285714285714,10.368817524315194,12.537682028913588
fast,RUB_KZT,1,2022,0.930505059797107,4,0.07909604519774012,1.0,0.9225,1.0840108401084012,,,
slow,RUB_KZT,1,2022,0.930505059797107,0,0.0,,,,,,
fast,RUB_KZT,1,2023,0.7830963079663211,44,0.8700564971751413,0.9090909090909091,0.693560606060606,1.310759148006554,,,
slow,RUB_KZT,1,2023,0.7830963079663211,30,0.5932203389830508,0.8,0.7536666666666667,1.0614772224679345,2.533333333333333,21.431222901856287,33.02646733167713
fast,RUB_KZT,1,2024,0.8765357079284473,45,0.8898305084745763,0.9333333333333333,0.8142222222222221,1.146288209606987,,,
slow,RUB_KZT,1,2024,0.8765357079284473,23,0.4548022598870057,0.8695652173913043,0.7717391304347826,1.1267605633802817,2.739130434782609,10.508765949814485,0.14364170014324884
fast,RUB_KZT,1,2025,0.8919877912892855,48,0.9464788732394366,0.9583333333333334,0.7093055555555556,1.351086743685138,,,
slow,RUB_KZT,1,2025,0.8919877912892855,16,0.31549295774647884,0.625,0.5779166666666666,1.0814708002883924,2.625,44.01869945787597,5.2570119431344375
fast,RUB_KZT,1,2026,0.9264397229566994,23,0.696969696969697,1.0,0.7171014492753623,1.3945028294260307,,,
slow,RUB_KZT,1,2026,0.9264397229566994,0,0.0,,,,,,
fast,RUB_KZT,3,2022,0.8978232093614109,0,0.0,,,,,,
slow,RUB_KZT,3,2022,0.8978232093614109,0,0.0,,,,,,
fast,RUB_KZT,3,2023,0.7905072981403813,28,0.5536723163841808,0.6785714285714286,0.5896428571428571,1.150817686250757,,,
slow,RUB_KZT,3,2023,0.7905072981403813,11,0.21751412429378533,0.6363636363636364,0.6333333333333333,1.0047846889952154,1.1818181818181819,-20.977759731129524,7.610766498700183
fast,RUB_KZT,3,2024,0.7721034454950952,43,0.8502824858757062,0.813953488372093,0.5973643410852714,1.362574617181417,,,
slow,RUB_KZT,3,2024,0.7721034454950952,21,0.4152542372881356,0.8095238095238095,0.6207936507936507,1.3040143185885966,1.0,5.2533805164298295,14.331098483710836
fast,RUB_KZT,3,2025,0.7374760402540389,48,0.9464788732394366,0.75,0.5184027777777778,1.4467515070328199,,,
slow,RUB_KZT,3,2025,0.7374760402540389,34,0.6704225352112676,0.7058823529411765,0.5224509803921568,1.3510977669356357,1.0,0.9790330365375288,13.395016259255543
fast,RUB_KZT,3,2026,0.7076564932571958,32,0.9824561403508772,0.75,0.6164583333333333,1.2166272389320716,,,
slow,RUB_KZT,3,2026,0.7076564932571958,19,0.5833333333333334,0.7894736842105263,0.5433333333333333,1.4530190506942202,1.0,-2.252974389458842,3.943688902696696
fast,RUB_KZT,5,2022,0.745366017283023,2,0.03954802259887006,0.0,0.7516666666666667,0.0,,,
slow,RUB_KZT,5,2022,0.745366017283023,1,0.01977401129943503,0.0,0.49,0.0,1.0,-60.54108595572983,-60.54108595572983
fast,RUB_KZT,5,2023,0.646475855957163,14,0.2768361581920904,0.5,0.6114285714285714,0.8177570093457944,,,
slow,RUB_KZT,5,2023,0.646475855957163,7,0.1384180790960452,0.8571428571428571,0.818095238095238,1.0477299185098954,1.2857142857142858,-93.62406358269334,-61.0759213105716
fast,RUB_KZT,5,2024,0.6027909074434558,33,0.652542372881356,0.6060606060606061,0.5116161616161616,1.1846001974333662,,,
slow,RUB_KZT,5,2024,0.6027909074434558,18,0.3559322033898305,0.5555555555555556,0.6044444444444445,0.9191176470588236,1.5555555555555556,-11.703608575294856,-3.7255469372793337
fast,RUB_KZT,5,2025,0.5948271938431752,45,0.8873239436619718,0.5777777777777777,0.4548888888888889,1.2701514411333659,,,
slow,RUB_KZT,5,2025,0.5948271938431752,21,0.4140845070422535,0.5238095238095238,0.38523809523809516,1.359703337453647,1.4761904761904763,28.29991132756319,16.667662742129163
fast,RUB_KZT,5,2026,0.5876381526951733,25,0.7709251101321586,0.44,0.5033333333333334,0.8741721854304635,,,
slow,RUB_KZT,5,2026,0.5876381526951733,7,0.2158590308370044,0.5714285714285714,0.5128571428571428,1.1142061281337048,1.5714285714285714,-3.643024110892012,25.00196865894866
fast,RUB_KZT,10,2022,0.5992455129578886,17,0.3361581920903955,0.17647058823529413,0.17117647058823532,1.0309278350515463,,,
slow,RUB_KZT,10,2022,0.5992455129578886,11,0.21751412429378533,0.18181818181818182,0.2539393939393939,0.7159904534606206,1.1818181818181819,-181.6278521604793,-128.8703798558366
fast,RUB_KZT,10,2023,0.0009208862158076372,51,1.0084745762711864,0.4117647058823529,0.442483660130719,0.9305760709010339,,,
slow,RUB_KZT,10,2023,0.0009208862158076372,51,1.0084745762711864,0.45098039215686275,0.43692810457516346,1.032161555721765,2.7254901960784315,26.856171655669726,23.215811485362003
fast,RUB_KZT,10,2024,0.4366919244128342,34,0.672316384180791,0.5,0.3823529411764706,1.3076923076923075,,,
slow,RUB_KZT,10,2024,0.4366919244128342,20,0.3954802259887006,0.3,0.4586666666666667,0.6540697674418604,1.3,-42.48112131039383,-5.816129319774488
fast,RUB_KZT,10,2025,0.40199173483187994,44,0.8676056338028169,0.2727272727272727,0.2875,0.9486166007905138,,,
slow,RUB_KZT,10,2025,0.40199173483187994,32,0.6309859154929577,0.28125,0.26427083333333334,1.064249113125739,1.8125,13.92270675194162,13.527956216969894
fast,RUB_KZT,10,2026,0.45293529541710015,17,0.5384615384615384,0.35294117647058826,0.36627450980392157,0.9635974304068523,,,
slow,RUB_KZT,10,2026,0.45293529541710015,11,0.34841628959276016,0.45454545454545453,0.48,0.946969696969697,1.1818181818181819,-27.41578217255211,-16.736649121767975
fast,RUB_KZT,20,2022,0.3526142675893153,16,0.3163841807909605,0.1875,0.16770833333333332,1.1180124223602486,,,
slow,RUB_KZT,20,2022,0.3526142675893153,13,0.2570621468926554,0.07692307692307693,0.1935897435897436,0.3973509933774835,1.1538461538461537,-145.60342243660915,-130.7813919068923
fast,RUB_KZT,20,2023,0.05503587620308561,28,0.5536723163841808,0.42857142857142855,0.5094047619047618,0.8413180649684507,,,
slow,RUB_KZT,20,2023,0.05503587620308561,24,0.4745762711864407,0.375,0.5141666666666667,0.7293354943273906,2.25,-6.693666392816415,-2.030832483154721
fast,RUB_KZT,20,2024,0.07722946857631685,53,1.0480225988700564,0.32075471698113206,0.3060377358490566,1.0480887792848335,,,
slow,RUB_KZT,20,2024,0.07722946857631685,53,1.0480225988700564,0.32075471698113206,0.3086792452830189,1.039119804400978,2.5849056603773586,1.246571519595787,-5.889878581601948
fast,RUB_KZT,20,2025,0.37103354626608626,18,0.3549295774647887,0.16666666666666666,0.0787037037037037,2.1176470588235294,,,
slow,RUB_KZT,20,2025,0.37103354626608626,8,0.15774647887323942,0.375,0.019583333333333335,19.148936170212764,2.0,7.887130403916167,-2.5074852052875407
fast,RUB_KZT,20,2026,0.2187196525518386,28,0.9245283018867925,0.4642857142857143,0.3435714285714286,1.3513513513513513,,,
slow,RUB_KZT,20,2026,0.2187196525518386,23,0.7594339622641509,0.43478260869565216,0.30057971014492757,1.4464802314368368,2.0434782608695654,17.428112441401606,42.83674440742624
