policy,corridor,horizon_days,folds,signals,signals_per_week,signal_hit_rate,random_hit_rate,lift,median_fold_lift,min_fold_lift,folds_lift_ge_1_3,wait_days_mean,waiting_cost_bps_mean,waiting_cost_bps_median
fast,RUB_AMD,1,5,177,0.7518203883495146,0.9548022598870056,0.788436911487759,1.211006544690202,1.1970652593641395,1.0771470160116448,1,,,
slow,RUB_AMD,1,4,67,0.36244204018547144,0.9402985074626866,0.7657213930348258,1.227990383990644,1.1783774135768108,1.0309278350515463,1,1.4179104477611941,8.37241008264395,4.379905945188496
fast,RUB_AMD,3,4,118,0.6398140975987607,0.8389830508474576,0.6482768361581921,1.2941740380844482,1.3351411392478187,1.048246203467276,3,,,
slow,RUB_AMD,3,3,57,0.3753527751646284,0.8596491228070176,0.6358479532163743,1.3519727766025935,1.2107870115575123,0.8366904245429192,1,1.0,6.02707887229541,2.4559064371535992
fast,RUB_AMD,5,5,159,0.677007299270073,0.6037735849056604,0.5745073375262054,1.050941468398774,1.024003523452984,0.0,1,,,
slow,RUB_AMD,5,5,134,0.5705596107055961,0.6417910447761194,0.5805721393034826,1.105445820300784,1.1512825691779438,0.9928637914986038,2,2.1791044776119404,9.24932322797632,8.036217401272776
fast,RUB_AMD,10,5,148,0.6324786324786325,0.46621621621621623,0.4673873873873873,0.9974942174248268,0.975487743871936,0.0,1,,,
slow,RUB_AMD,10,5,123,0.5256410256410257,0.5040650406504065,0.47048780487804875,1.0713668567478831,1.0187397811596028,0.0,2,2.317073170731707,4.923471146945233,4.643292504279741
fast,RUB_AMD,20,5,144,0.6187845303867403,0.4027777777777778,0.344212962962963,1.1701412239408204,1.0046885465505695,0.0,1,,,
slow,RUB_AMD,20,5,132,0.567219152854512,0.4090909090909091,0.36007575757575766,1.136124552913949,1.0060362173038229,0.0,1,2.303030303030303,7.1606164202150575,3.8191836277929605
fast,RUB_KGS,1,5,179,0.7603155339805826,0.9385474860335196,0.7969273743016758,1.1777076761303893,1.0977646965237453,1.0612597066436584,1,,,
slow,RUB_KGS,1,4,75,0.40571870170015456,0.8666666666666667,0.8010666666666666,1.081890812250333,1.163127786224135,1.004260499087036,0,2.12,22.05362581661607,13.917033838383059
fast,RUB_KGS,3,4,135,0.7319907048799381,0.8148148148148148,0.620567901234568,1.3130147614689849,1.3328053164103149,1.2058281694858481,3,,,
slow,RUB_KGS,3,4,71,0.3849728892331526,0.8028169014084507,0.5748826291079813,1.3964883625969784,1.3159898576777853,0.9068923821039903,2,1.0,8.834166439645124,4.145322365640394
fast,RUB_KGS,5,5,122,0.5194647201946472,0.6475409836065574,0.5481967213114755,1.18122009569378,1.032624962586052,0.0,2,,,
slow,RUB_KGS,5,4,70,0.3798449612403101,0.6142857142857143,0.5685714285714286,1.0804020100502512,1.1304740147508647,0.7789317507418396,1,1.542857142857143,-6.677555425314657,-5.606573483708554
fast,RUB_KGS,10,4,121,0.6596573208722741,0.4297520661157025,0.4776308539944904,0.8997577575268196,0.8202560675034218,0.6198347107438016,1,,,
slow,RUB_KGS,10,4,95,0.5179127725856698,0.4421052631578947,0.46842105263157896,0.9438202247191011,1.047829082944502,0.7664233576642335,0,2.263157894736842,0.30017479850173423,-1.4715083327238676
fast,RUB_KGS,20,4,102,0.56,0.38235294117647056,0.378921568627451,1.0090556274256144,1.01136717079024,0.7537688442211056,1,,,
slow,RUB_KGS,20,4,85,0.4666666666666667,0.35294117647058826,0.362156862745098,0.9745533297238768,1.038089005235602,0.7529280535415506,1,2.2470588235294118,-4.8209964072882014,-1.3143324676103945
fast,RUB_KZT,1,5,164,0.6966019417475728,0.9451219512195121,0.7401626016260162,1.2769112478031635,1.310759148006554,1.0840108401084012,3,,,
slow,RUB_KZT,1,3,69,0.4543744120413923,0.782608695652174,0.7189371980676329,1.0885633651390942,1.0814708002883924,1.0614772224679345,0,2.6231884057971016,23.028079640977353,15.626231451358839
fast,RUB_KZT,3,4,151,0.8187451587916345,0.7549668874172185,0.574878587196468,1.313263190231165,1.2896009280567444,1.150817686250757,2,,,
slow,RUB_KZT,3,4,85,0.46088303640588696,0.7411764705882353,0.5657647058823528,1.3100436681222711,1.327556042762116,1.0047846889952154,3,1.0235294117647058,-1.528867721821651,10.765084018935944
fast,RUB_KZT,5,5,119,0.5066909975669099,0.5378151260504201,0.5042016806722689,1.0666666666666667,0.8741721854304635,0.0,0,,,
slow,RUB_KZT,5,5,54,0.22992700729927007,0.5740740740740741,0.5329012345679013,1.077261670334762,1.0477299185098954,0.0,1,1.4814814814814814,-6.6255095608760675,-0.5573644778408509
fast,RUB_KZT,10,5,163,0.6965811965811965,0.3619631901840491,0.35186094069529655,1.0287109147971638,0.9635974304068523,0.9305760709010339,1,,,
slow,RUB_KZT,10,5,125,0.5341880341880342,0.36,0.3838933333333333,0.9377604890247291,0.946969696969697,0.6540697674418604,0,1.992,-10.671288266959472,-0.8087913636211308
fast,RUB_KZT,20,5,143,0.614487415592388,0.3356643356643357,0.309114219114219,1.0858909584495895,1.1180124223602486,0.8413180649684507,2,,,
slow,RUB_KZT,20,5,121,0.519950890116636,0.3305785123966942,0.3164187327823691,1.0447501305937665,1.039119804400978,0.3973509933774835,2,2.2231404958677685,-12.590748472573305,-9.056829747782755
fast,RUB_TJS,1,5,171,0.7263349514563107,0.9649122807017544,0.8104093567251461,1.190648001154568,1.1639185257032008,1.1251900658895087,0,,,
slow,RUB_TJS,1,4,42,0.22720247295208654,0.8809523809523809,0.7994444444444445,1.1019557232204904,1.2048240773573555,1.0479041916167666,2,1.619047619047619,-3.588940770703512,-2.1019630921971975
fast,RUB_TJS,3,5,139,0.5914893617021276,0.8633093525179856,0.6337410071942446,1.362243160404132,1.4238070805541299,1.1774967291757523,4,,,
slow,RUB_TJS,3,4,57,0.3090627420604183,0.8070175438596491,0.5923391812865497,1.3624247210978377,1.41634029270591,1.095617529880478,2,1.0,10.363884769679313,3.804305852854291
fast,RUB_TJS,5,5,111,0.4726277372262774,0.6666666666666666,0.5672072072072072,1.1753494282083863,1.18827567995775,0.7853403141361256,2,,,
slow,RUB_TJS,5,5,71,0.30231143552311435,0.647887323943662,0.5534741784037559,1.1705827466282128,1.5742128935532234,0.7619738751814223,3,1.3098591549295775,1.3059963411170175,0.9576889891908238
fast,RUB_TJS,10,5,150,0.6410256410256411,0.54,0.45051111111111114,1.198638583337444,1.2090274046211713,1.0655473038424281,1,,,
slow,RUB_TJS,10,5,105,0.44871794871794873,0.5523809523809524,0.4474920634920635,1.2343927355278095,1.1860832894043225,0.5876591576885406,2,1.6095238095238096,20.267499675107842,15.925845414915974
fast,RUB_TJS,20,5,129,0.5543278084714549,0.4263565891472868,0.3718604651162792,1.1465499270377315,0.9311262193319537,0.0,2,,,
slow,RUB_TJS,20,4,103,0.5654901960784314,0.4563106796116505,0.3841747572815534,1.18776851149861,1.4359884160631489,0.44910179640718567,2,2.320388349514563,20.249249384799157,15.270177899558773
fast,RUB_UZS,1,5,166,0.7050970873786409,0.9216867469879518,0.748574297188755,1.2312562032243355,1.2641083521444694,1.0325329836925348,2,,,
slow,RUB_UZS,1,5,55,0.23361650485436894,0.9818181818181818,0.7361212121212121,1.3337724353696692,1.4563106796116505,1.0,3,1.0727272727272728,-1.8881622060254513,-10.533232832399811
fast,RUB_UZS,3,5,144,0.6127659574468085,0.7361111111111112,0.5671064814814815,1.2980121637617863,1.4687882496940026,1.125703564727955,3,,,
slow,RUB_UZS,3,4,91,0.4495412844036697,0.9010989010989011,0.6104395604395604,1.4761476147614763,1.3789547072227237,0.7481296758104738,2,1.0,-3.302963779301575,0.032284291447811725
fast,RUB_UZS,5,5,141,0.6003649635036497,0.5602836879432624,0.4976359338061466,1.1258907363420427,1.2956810631229239,0.887105290949414,2,,,
slow,RUB_UZS,5,5,113,0.4811435523114355,0.5486725663716814,0.5029498525073746,1.090909090909091,1.365409622886866,0.8916250928776139,3,1.831858407079646,16.192196203547454,17.795676290576928
fast,RUB_UZS,10,5,156,0.6666666666666666,0.41025641025641024,0.4109188034188034,0.998388019343768,1.0350776308223117,0.0,0,,,
slow,RUB_UZS,10,4,146,0.7965705378020266,0.4383561643835616,0.39529680365296804,1.1089291902506642,1.2182855167646043,0.8944301395853096,1,2.1506849315068495,9.201756454100224,11.699189018370452
fast,RUB_UZS,20,5,199,0.8551258440761202,0.3065326633165829,0.3070854271356784,0.9981999672721322,0.9075630252100839,0.8642765685019206,1,,,
slow,RUB_UZS,20,5,173,0.7434008594229589,0.32947976878612717,0.2923892100192678,1.126853377265239,1.4035087719298245,0.9143407122232916,3,2.352601156069364,9.692569072637204,13.647601524405239
