indicator,corridor,horizon_days,test_year,threshold,signals,signals_per_week,signal_hit_rate,random_hit_rate,lift
momentum,RUB_TJS,1,2022,0.006526404164792471,36,0.711864406779661,0.6666666666666666,0.6244444444444445,1.0676156583629892
level,RUB_TJS,1,2022,-0.001055093272420704,12,0.23728813559322035,0.4166666666666667,0.6197222222222221,0.6723442402510087
reversal,RUB_TJS,1,2022,-0.005887426996157691,18,0.3559322033898305,0.8888888888888888,0.5594444444444445,1.5888778550148954
seasonality,RUB_TJS,1,2022,0.8119471744471745,32,0.632768361581921,0.78125,0.6107291666666667,1.279208596281767
momentum,RUB_TJS,1,2023,-0.07140546573083682,51,1.0084745762711864,0.7058823529411765,0.7971241830065359,0.88553624139062
level,RUB_TJS,1,2023,-0.1544866055772618,51,1.0084745762711864,0.7058823529411765,0.7990849673202614,0.8833633240634714
reversal,RUB_TJS,1,2023,-0.005844209804218503,7,0.1384180790960452,0.5714285714285714,0.7785714285714285,0.7339449541284404
seasonality,RUB_TJS,1,2023,0.8670268256333832,19,0.37570621468926557,0.5263157894736842,0.7735087719298246,0.680426400544341
momentum,RUB_TJS,1,2024,-0.01896142055676106,53,1.0480225988700564,0.7924528301886793,0.8549056603773586,0.9269476936658574
level,RUB_TJS,1,2024,-0.0683398502740741,54,1.0677966101694916,0.8518518518518519,0.8630864197530862,0.9869832641968248
reversal,RUB_TJS,1,2024,-0.03850753993455316,44,0.8700564971751413,0.8636363636363636,0.8636363636363638,0.9999999999999999
seasonality,RUB_TJS,1,2024,0.712,54,1.0677966101694916,0.8333333333333334,0.8626543209876544,0.9660107334525939
momentum,RUB_TJS,1,2025,-0.0029170476301738635,42,0.828169014084507,0.7857142857142857,0.7471428571428572,1.051625239005736
level,RUB_TJS,1,2025,-0.04023943821185688,47,0.9267605633802817,0.7446808510638298,0.7657446808510638,0.9724923589886079
reversal,RUB_TJS,1,2025,-0.010592941898237281,20,0.39436619718309857,0.75,0.6398333333333333,1.1721802552748113
seasonality,RUB_TJS,1,2025,0.8568973102061338,15,0.29577464788732394,0.7333333333333333,0.6024444444444444,1.217263002582073
momentum,RUB_TJS,1,2026,-0.00567051805703131,26,0.7878787878787878,0.7692307692307693,0.7925641025641024,0.9705596894208997
level,RUB_TJS,1,2026,-0.031023402679730736,22,0.6666666666666666,0.6818181818181818,0.7771212121212121,0.8773640085786703
reversal,RUB_TJS,1,2026,-0.008608603787975427,17,0.5151515151515151,0.7647058823529411,0.7766666666666667,0.9845998485231001
seasonality,RUB_TJS,1,2026,0.7983864684617304,26,0.7878787878787878,0.8076923076923077,0.79,1.0223953261927945
momentum,RUB_TJS,3,2022,0.006618094034974015,35,0.692090395480226,0.42857142857142855,0.432,0.992063492063492
level,RUB_TJS,3,2022,-0.001522417699855119,12,0.23728813559322035,0.25,0.38305555555555554,0.6526468455402465
reversal,RUB_TJS,3,2022,-0.0024832183084617207,15,0.2966101694915254,0.6,0.3566666666666667,1.6822429906542054
seasonality,RUB_TJS,3,2022,0.6481481481481481,36,0.711864406779661,0.5833333333333334,0.4293518518518518,1.358637049816692
momentum,RUB_TJS,3,2023,-0.1043784612386552,51,1.0084745762711864,0.6078431372549019,0.6838562091503267,0.8888464111631463
level,RUB_TJS,3,2023,-0.14959834706688735,51,1.0084745762711864,0.6078431372549019,0.6875163398692811,0.8841144595493867
reversal,RUB_TJS,3,2023,-0.11567415671316711,51,1.0084745762711864,0.6078431372549019,0.6804575163398693,0.8932859475554701
seasonality,RUB_TJS,3,2023,0.696969696969697,19,0.37570621468926557,0.47368421052631576,0.6982456140350877,0.678391959798995
momentum,RUB_TJS,3,2024,-0.03948663784909758,54,1.0677966101694916,0.6666666666666666,0.7124074074074074,0.9357941252924357
level,RUB_TJS,3,2024,-0.0704962401616172,54,1.0677966101694916,0.6666666666666666,0.7096296296296296,0.9394572025052191
reversal,RUB_TJS,3,2024,-0.07599816055031039,54,1.0677966101694916,0.6666666666666666,0.7104938271604938,0.9383145091225021
seasonality,RUB_TJS,3,2024,0.568,54,1.0677966101694916,0.6666666666666666,0.7093209876543211,0.9398659820729265
momentum,RUB_TJS,3,2025,-0.0011429771570377056,41,0.8084507042253521,0.5121951219512195,0.604959349593496,0.8466603951081844
level,RUB_TJS,3,2025,-0.0035889817033563794,16,0.31549295774647884,0.5625,0.44729166666666664,1.2575687005123428
reversal,RUB_TJS,3,2025,-0.008200193235283867,20,0.39436619718309857,0.75,0.48650000000000004,1.541623843782117
seasonality,RUB_TJS,3,2025,0.589041095890411,53,1.0450704225352112,0.5094339622641509,0.6201886792452829,0.8214177061149986
momentum,RUB_TJS,3,2026,-0.005683648385167994,26,0.7982456140350878,0.5769230769230769,0.5553846153846153,1.0387811634349031
level,RUB_TJS,3,2026,-0.048688288134200786,25,0.7675438596491229,0.44,0.5530666666666667,0.7955641272902603
reversal,RUB_TJS,3,2026,-0.008608195126789986,17,0.5219298245614036,0.5294117647058824,0.48627450980392156,1.0887096774193548
seasonality,RUB_TJS,3,2026,0.6160304391217565,30,0.9210526315789475,0.6,0.5914444444444444,1.0144655269584821
momentum,RUB_TJS,5,2022,0.006750036412432817,35,0.692090395480226,0.4,0.38247619047619047,1.0458167330677293
level,RUB_TJS,5,2022,-0.0011770138990412724,12,0.23728813559322035,0.16666666666666666,0.3655555555555555,0.45592705167173253
reversal,RUB_TJS,5,2022,-0.002259402047727052,15,0.2966101694915254,0.5333333333333333,0.33199999999999996,1.6064257028112452
seasonality,RUB_TJS,5,2022,0.6091954022988506,15,0.2966101694915254,0.6,0.3293333333333333,1.8218623481781377
momentum,RUB_TJS,5,2023,-0.10584978742899609,51,1.0084745762711864,0.5686274509803921,0.6337908496732025,0.8971846962978242
level,RUB_TJS,5,2023,-0.15305045621466573,51,1.0084745762711864,0.5686274509803921,0.6323529411764706,0.8992248062015504
reversal,RUB_TJS,5,2023,-0.11165736022589556,51,1.0084745762711864,0.5882352941176471,0.632483660130719,0.930040301746409
seasonality,RUB_TJS,5,2023,0.5606060606060606,19,0.37570621468926557,0.42105263157894735,0.6508771929824562,0.6469002695417789
momentum,RUB_TJS,5,2024,-0.03949490767638582,54,1.0677966101694916,0.5925925925925926,0.6381481481481482,0.9286128845037723
level,RUB_TJS,5,2024,-0.0700004897685991,54,1.0677966101694916,0.6111111111111112,0.6377777777777777,0.9581881533101048
reversal,RUB_TJS,5,2024,-0.07623803193060735,54,1.0677966101694916,0.5925925925925926,0.6414814814814814,0.9237875288683604
seasonality,RUB_TJS,5,2024,0.44,54,1.0677966101694916,0.5925925925925926,0.6387654320987654,0.9277155005798222
momentum,RUB_TJS,5,2025,-0.013097436648611648,52,1.0253521126760563,0.5,0.5277564102564102,0.9474067776023322
level,RUB_TJS,5,2025,-9.586152118522715e-06,13,0.2563380281690141,0.3076923076923077,0.3687179487179487,0.8344923504867873
reversal,RUB_TJS,5,2025,-0.00421785323284285,16,0.31549295774647884,0.5625,0.3747916666666667,1.500833796553641
seasonality,RUB_TJS,5,2025,0.5884864864864872,18,0.3549295774647887,0.5555555555555556,0.3872222222222222,1.4347202295552368
momentum,RUB_TJS,5,2026,-0.011954939489821015,31,0.9559471365638766,0.4838709677419355,0.5097849462365591,0.9491668424383042
level,RUB_TJS,5,2026,-0.050311383572552514,26,0.8017621145374448,0.38461538461538464,0.46615384615384614,0.8250825082508252
reversal,RUB_TJS,5,2026,-0.008607786465604544,17,0.5242290748898678,0.4117647058823529,0.3901960784313725,1.0552763819095479
seasonality,RUB_TJS,5,2026,0.5022439917462374,30,0.9251101321585903,0.5,0.5077777777777777,0.9846827133479215
momentum,RUB_TJS,10,2022,0.004333737193310156,39,0.7711864406779662,0.28205128205128205,0.2568376068376068,1.0981697171381033
level,RUB_TJS,10,2022,-0.0002909302275431281,12,0.23728813559322035,0.08333333333333333,0.2844444444444444,0.29296875000000006
reversal,RUB_TJS,10,2022,-0.0004040693186581273,14,0.2768361581920904,0.35714285714285715,0.23999999999999996,1.4880952380952384
seasonality,RUB_TJS,10,2022,0.47936291000841047,15,0.2966101694915254,0.4,0.2202222222222222,1.8163471241170537
momentum,RUB_TJS,10,2023,-0.1477252734433555,51,1.0084745762711864,0.49019607843137253,0.5077124183006536,0.9654994850669413
level,RUB_TJS,10,2023,-0.10763580650865714,51,1.0084745762711864,0.49019607843137253,0.5104575163398692,0.9603072983354674
reversal,RUB_TJS,10,2023,-0.10732988624852788,51,1.0084745762711864,0.5098039215686274,0.5101960784313726,0.9992313604919291
seasonality,RUB_TJS,10,2023,0.3712121212121212,44,0.8700564971751413,0.4772727272727273,0.5222727272727273,0.9138381201044385
momentum,RUB_TJS,10,2024,-0.004346536299515982,46,0.9096045197740114,0.5434782608695652,0.5420289855072464,1.0026737967914436
level,RUB_TJS,10,2024,-0.025308855341861013,33,0.652542372881356,0.5454545454545454,0.46080808080808083,1.183691363437089
reversal,RUB_TJS,10,2024,-0.02652614761348045,32,0.632768361581921,0.53125,0.4579166666666667,1.1601455868971793
seasonality,RUB_TJS,10,2024,0.32,54,1.0677966101694916,0.5,0.5237654320987654,0.9546258102533884
momentum,RUB_TJS,10,2025,-0.0030073695796263983,42,0.828169014084507,0.3333333333333333,0.42333333333333334,0.7874015748031495
level,RUB_TJS,10,2025,-0.049207693136406515,53,1.0450704225352112,0.41509433962264153,0.41465408805031445,1.0010617321401487
reversal,RUB_TJS,10,2025,-0.0231231097657227,26,0.5126760563380282,0.46153846153846156,0.38666666666666666,1.193633952254642
seasonality,RUB_TJS,10,2025,0.3505747126436782,49,0.9661971830985915,0.42857142857142855,0.39768707482993193,1.077659938419432
momentum,RUB_TJS,10,2026,-0.04703018725308272,32,1.0135746606334841,0.375,0.433125,0.8658008658008658
level,RUB_TJS,10,2026,-0.030033588231296548,22,0.6968325791855203,0.2727272727272727,0.33106060606060606,0.8237986270022882
reversal,RUB_TJS,10,2026,-0.009440935499113887,17,0.5384615384615384,0.35294117647058826,0.3005882352941176,1.1741682974559688
seasonality,RUB_TJS,10,2026,0.3918918918918919,29,0.918552036199095,0.41379310344827586,0.4248275862068966,0.9740259740259739
momentum,RUB_TJS,20,2022,0.0036714065270896604,39,0.7711864406779662,0.1794871794871795,0.18880341880341878,0.9506564056133998
level,RUB_TJS,20,2022,-0.0025253605604878653,13,0.2570621468926554,0.15384615384615385,0.18820512820512822,0.8174386920980926
reversal,RUB_TJS,20,2022,-7.99799936522082e-05,14,0.2768361581920904,0.35714285714285715,0.17428571428571427,2.0491803278688527
seasonality,RUB_TJS,20,2022,0.3093827160493827,27,0.5338983050847458,0.2222222222222222,0.17283950617283952,1.2857142857142856
momentum,RUB_TJS,20,2023,-0.14849463680741143,51,1.0084745762711864,0.4117647058823529,0.4412418300653595,0.9331950822100429
level,RUB_TJS,20,2023,-0.04482743192304485,37,0.731638418079096,0.40540540540540543,0.5210810810810811,0.7780082987551867
reversal,RUB_TJS,20,2023,-0.006248054419752624,7,0.1384180790960452,0.2857142857142857,0.5204761904761903,0.5489478499542545
seasonality,RUB_TJS,20,2023,0.3442622950819672,19,0.37570621468926557,0.5263157894736842,0.5064912280701753,1.0391409767925184
momentum,RUB_TJS,20,2024,-0.004518624434020904,46,0.9096045197740114,0.45652173913043476,0.4213768115942029,1.0834049871023215
level,RUB_TJS,20,2024,-0.02556468782558403,33,0.652542372881356,0.48484848484848486,0.3255555555555556,1.4892956872479055
reversal,RUB_TJS,20,2024,-0.019299179564065592,30,0.5932203389830508,0.5,0.32655555555555554,1.5311330384484518
seasonality,RUB_TJS,20,2024,0.2631578947368421,36,0.711864406779661,0.4444444444444444,0.35944444444444446,1.2364760432766615
momentum,RUB_TJS,20,2025,-0.0016932243770896552,41,0.8084507042253521,0.24390243902439024,0.3038211382113821,0.8027829810008027
level,RUB_TJS,20,2025,-0.04887369894445348,53,1.0450704225352112,0.3018867924528302,0.27264150943396226,1.1072664359861593
reversal,RUB_TJS,20,2025,-0.02481650249893541,29,0.571830985915493,0.3448275862068966,0.32873563218390806,1.048951048951049
seasonality,RUB_TJS,20,2025,0.2277810581010865,49,0.9661971830985915,0.32653061224489793,0.28061224489795916,1.1636363636363636
momentum,RUB_TJS,20,2026,-0.020768969653981183,30,0.9905660377358491,0.3333333333333333,0.37977777777777777,0.8777062609713282
level,RUB_TJS,20,2026,-0.03241324454555965,22,0.7264150943396227,0.22727272727272727,0.24499999999999994,0.9276437847866421
reversal,RUB_TJS,20,2026,-0.011432907010645943,17,0.5613207547169812,0.23529411764705882,0.20588235294117646,1.1428571428571428
seasonality,RUB_TJS,20,2026,0.38030146231721046,14,0.46226415094339623,0.5,0.2257142857142857,2.2151898734177218
momentum,RUB_UZS,1,2022,0.00514096896805596,38,0.7514124293785311,0.631578947368421,0.6085087719298246,1.037912642352602
level,RUB_UZS,1,2022,-0.006578552247302294,19,0.37570621468926557,0.5263157894736842,0.5664912280701754,0.9290802105915145
reversal,RUB_UZS,1,2022,-0.00838167874828028,20,0.3954802259887006,0.8,0.5701666666666667,1.4030985092078339
seasonality,RUB_UZS,1,2022,0.7283950617283951,52,1.0282485875706215,0.6538461538461539,0.6860897435897435,0.9530038307016726
momentum,RUB_UZS,1,2023,-0.12334572914573998,51,1.0084745762711864,0.7058823529411765,0.79718954248366,0.8854636385996558
level,RUB_UZS,1,2023,-0.12325014507425598,51,1.0084745762711864,0.7058823529411765,0.802549019607843,0.8795504519912047
reversal,RUB_UZS,1,2023,-0.012027781495485168,15,0.2966101694915254,0.6,0.8595555555555556,0.6980351602895553
seasonality,RUB_UZS,1,2023,0.8600928641251222,15,0.2966101694915254,0.7333333333333333,0.8644444444444446,0.8483290488431875
momentum,RUB_UZS,1,2024,-0.019451583075191396,52,1.0282485875706215,0.7884615384615384,0.8294871794871793,0.9505409582689337
level,RUB_UZS,1,2024,-0.0645754723409624,52,1.0282485875706215,0.8076923076923077,0.8355769230769231,0.9666283084004603
reversal,RUB_UZS,1,2024,-0.09028176134477678,54,1.0677966101694916,0.8148148148148148,0.844753086419753,0.9645597369382536
seasonality,RUB_UZS,1,2024,0.688,54,1.0677966101694916,0.8148148148148148,0.8441975308641974,0.9651945013161745
momentum,RUB_UZS,1,2025,-0.0011943623694713182,45,0.8873239436619718,0.6666666666666666,0.6623703703703704,1.0064862446879892
level,RUB_UZS,1,2025,-0.03711951348675371,48,0.9464788732394366,0.625,0.6665972222222223,0.9375976664235857
reversal,RUB_UZS,1,2025,-0.06308802912597049,53,1.0450704225352112,0.6037735849056604,0.6842138364779874,0.8824340472469896
seasonality,RUB_UZS,1,2025,0.8076923076923077,24,0.4732394366197183,0.5833333333333334,0.5956944444444444,0.9792492422476102
momentum,RUB_UZS,1,2026,0.0046920278465832025,20,0.6060606060606061,0.65,0.7496666666666666,0.8670520231213874
level,RUB_UZS,1,2026,-0.002664939582043044,8,0.24242424242424243,0.5,0.82,0.6097560975609756
reversal,RUB_UZS,1,2026,-0.004927435287112397,9,0.2727272727272727,0.7777777777777778,0.8366666666666667,0.9296148738379815
seasonality,RUB_UZS,1,2026,0.8010471204188482,19,0.5757575757575758,0.8947368421052632,0.7463157894736842,1.1988716502115657
momentum,RUB_UZS,3,2022,0.005188603093490653,38,0.7514124293785311,0.42105263157894735,0.38289473684210523,1.0996563573883162
level,RUB_UZS,3,2022,-0.0029759003962438147,16,0.3163841807909605,0.25,0.3383333333333333,0.7389162561576355
reversal,RUB_UZS,3,2022,-0.0052925627790188605,19,0.37570621468926557,0.5789473684210527,0.31491228070175437,1.838440111420613
seasonality,RUB_UZS,3,2022,0.6024096385542169,45,0.8898305084745763,0.4444444444444444,0.426962962962963,1.0409437890353919
momentum,RUB_UZS,3,2023,-0.005435572118957454,45,0.8898305084745763,0.6,0.670962962962963,0.8942371384411569
level,RUB_UZS,3,2023,-0.12000165330082489,51,1.0084745762711864,0.6078431372549019,0.6771895424836603,0.8975967570697807
reversal,RUB_UZS,3,2023,-0.0006417527545199649,8,0.15819209039548024,0.75,0.8475,0.8849557522123893
seasonality,RUB_UZS,3,2023,0.6893939393939394,15,0.2966101694915254,0.5333333333333333,0.7964444444444445,0.6696428571428571
momentum,RUB_UZS,3,2024,-0.057279985510964915,54,1.0677966101694916,0.6111111111111112,0.6609876543209877,0.9245423982069481
level,RUB_UZS,3,2024,-0.0761567085911391,54,1.0677966101694916,0.6111111111111112,0.6601234567901234,0.9257527585561999
reversal,RUB_UZS,3,2024,-0.07469403063273596,54,1.0677966101694916,0.6111111111111112,0.6610493827160494,0.9244560649920628
seasonality,RUB_UZS,3,2024,0.536,54,1.0677966101694916,0.6111111111111112,0.662283950617284,0.9227327803150341
momentum,RUB_UZS,3,2025,-0.001150883674714886,45,0.8873239436619718,0.4444444444444444,0.4957037037037037,0.8965929468021517
level,RUB_UZS,3,2025,-0.03721829504651501,48,0.9464788732394366,0.4375,0.5077777777777778,0.861597374179431
reversal,RUB_UZS,3,2025,-0.0005520871298448797,18,0.3549295774647887,0.6111111111111112,0.4146296296296296,1.4738722644037519
seasonality,RUB_UZS,3,2025,0.6781609195402298,27,0.532394366197183,0.4444444444444444,0.4571604938271605,0.9721847150958681
momentum,RUB_UZS,3,2026,0.004523714237921876,20,0.6140350877192983,0.4,0.521,0.7677543186180422
level,RUB_UZS,3,2026,-0.0026219763125330114,8,0.2456140350877193,0.25,0.5720833333333334,0.4369992716678805
reversal,RUB_UZS,3,2026,-0.0015150978594853418,5,0.15350877192982457,0.8,0.35533333333333333,2.25140712945591
seasonality,RUB_UZS,3,2026,0.6006476520642925,30,0.9210526315789475,0.5666666666666667,0.5715555555555555,0.9914463452566098
momentum,RUB_UZS,5,2022,0.00521755997037799,38,0.7514124293785311,0.34210526315789475,0.34192982456140353,1.0005130836326321
level,RUB_UZS,5,2022,-0.0017425506163648483,16,0.3163841807909605,0.1875,0.2939583333333333,0.6378454996456414
reversal,RUB_UZS,5,2022,-0.0011739638452092221,17,0.3361581920903955,0.5294117647058824,0.28254901960784307,1.8736988202637062
seasonality,RUB_UZS,5,2022,0.43017600934267614,48,0.9491525423728814,0.3958333333333333,0.4101388888888889,0.9651202167287504
momentum,RUB_UZS,5,2023,-0.005539576483023719,45,0.8898305084745763,0.5111111111111111,0.6185925925925926,0.8262483534905999
level,RUB_UZS,5,2023,-0.12261899347713882,51,1.0084745762711864,0.5490196078431373,0.6188888888888888,0.887105290949414
reversal,RUB_UZS,5,2023,-0.0005897390300424509,8,0.15819209039548024,0.625,0.8275,0.7552870090634441
seasonality,RUB_UZS,5,2023,0.5049230769230769,39,0.7711864406779662,0.5641025641025641,0.6540170940170941,0.8625196027182436
momentum,RUB_UZS,5,2024,-0.0183606462371697,52,1.0282485875706215,0.5769230769230769,0.605576923076923,0.952683391552874
level,RUB_UZS,5,2024,-0.07693093958059005,54,1.0677966101694916,0.5925925925925926,0.6138271604938271,0.9654062751407884
reversal,RUB_UZS,5,2024,-0.021760337134326607,33,0.652542372881356,0.6060606060606061,0.5375757575757575,1.1273957158962797
seasonality,RUB_UZS,5,2024,0.4,54,1.0677966101694916,0.5925925925925926,0.6062345679012346,0.9774971998778127
momentum,RUB_UZS,5,2025,0.015965522455621058,23,0.4535211267605634,0.391304347826087,0.3855072463768116,1.0150375939849625
level,RUB_UZS,5,2025,-0.05250760679777022,52,1.0253521126760563,0.40384615384615385,0.45730769230769225,0.8830950378469303
reversal,RUB_UZS,5,2025,-0.06309105053589383,53,1.0450704225352112,0.41509433962264153,0.45515723270440256,0.9119801022523144
seasonality,RUB_UZS,5,2025,0.5337931034482758,36,0.7098591549295774,0.3888888888888889,0.47712962962962974,0.8150591888220452
momentum,RUB_UZS,5,2026,0.004311583488368805,21,0.6475770925110131,0.38095238095238093,0.4814285714285714,0.7912957467853611
level,RUB_UZS,5,2026,-0.04114811645502771,23,0.7092511013215859,0.43478260869565216,0.49753623188405793,0.873871249635887
reversal,RUB_UZS,5,2026,-0.034662471723578454,24,0.7400881057268722,0.5416666666666666,0.5020833333333333,1.0788381742738589
seasonality,RUB_UZS,5,2026,0.5151515151515151,25,0.7709251101321586,0.6,0.5009333333333333,1.1977641735427202
momentum,RUB_UZS,10,2022,0.0043083477812680985,38,0.7514124293785311,0.2631578947368421,0.222719298245614,1.1815675462780624
level,RUB_UZS,10,2022,-0.009897285700967151,19,0.37570621468926557,0.15789473684210525,0.18578947368421053,0.8498583569405098
reversal,RUB_UZS,10,2022,-0.0005529713112427897,16,0.3163841807909605,0.375,0.21020833333333333,1.78394449950446
seasonality,RUB_UZS,10,2022,0.44650776053215124,15,0.2966101694915254,0.26666666666666666,0.21599999999999994,1.2345679012345683
momentum,RUB_UZS,10,2023,-0.012954632739614835,49,0.9689265536723164,0.42857142857142855,0.476734693877551,0.898972602739726
level,RUB_UZS,10,2023,-0.09942419075996456,51,1.0084745762711864,0.45098039215686275,0.4839869281045752,0.9318028359216745
reversal,RUB_UZS,10,2023,-0.08181980661786,50,0.9887005649717514,0.44,0.4726666666666666,0.9308885754583922
seasonality,RUB_UZS,10,2023,0.3333333333333333,39,0.7711864406779662,0.4358974358974359,0.5285470085470084,0.8247089262613198
momentum,RUB_UZS,10,2024,-0.009218715885199097,51,1.0084745762711864,0.47058823529411764,0.47816993464052293,0.9841443411700381
level,RUB_UZS,10,2024,-0.021666722645436013,31,0.612994350282486,0.45161290322580644,0.3733333333333334,1.2096774193548385
reversal,RUB_UZS,10,2024,-0.020382243527446296,33,0.652542372881356,0.48484848484848486,0.3761616161616162,1.2889366272824918
seasonality,RUB_UZS,10,2024,0.256,54,1.0677966101694916,0.46296296296296297,0.4792592592592592,0.9659969088098919
momentum,RUB_UZS,10,2025,0.01641816804248599,23,0.4535211267605634,0.30434782608695654,0.21898550724637678,1.3898080741230976
level,RUB_UZS,10,2025,-0.036959344446720735,48,0.9464788732394366,0.25,0.278125,0.898876404494382
reversal,RUB_UZS,10,2025,-0.007683141131771709,20,0.39436619718309857,0.1,0.19349999999999998,0.516795865633075
seasonality,RUB_UZS,10,2025,0.32585623678646936,44,0.8676056338028169,0.29545454545454547,0.2890151515151515,1.0222804718217564
momentum,RUB_UZS,10,2026,0.003175484362165872,21,0.665158371040724,0.2857142857142857,0.29396825396825393,0.9719222462203024
level,RUB_UZS,10,2026,-0.04361121209074241,24,0.7601809954751131,0.2916666666666667,0.31888888888888883,0.9146341463414637
reversal,RUB_UZS,10,2026,-0.049033332175681205,25,0.7918552036199095,0.32,0.32466666666666666,0.9856262833675565
seasonality,RUB_UZS,10,2026,0.372972972972973,24,0.7601809954751131,0.4166666666666667,0.31680555555555556,1.31521262604121
momentum,RUB_UZS,20,2022,0.004309859514511147,38,0.7514124293785311,0.18421052631578946,0.14710526315789474,1.2522361359570662
level,RUB_UZS,20,2022,-0.002164397038896426,16,0.3163841807909605,0.1875,0.1525,1.2295081967213115
reversal,RUB_UZS,20,2022,-0.00016315605743927254,15,0.2966101694915254,0.26666666666666666,0.16155555555555554,1.6506189821182946
seasonality,RUB_UZS,20,2022,0.2891566265060241,19,0.37570621468926557,0.10526315789473684,0.13754385964912277,0.7653061224489798
momentum,RUB_UZS,20,2023,0.006487789043200047,27,0.5338983050847458,0.25925925925925924,0.5265432098765431,0.49237983587338807
level,RUB_UZS,20,2023,-0.004827742317601469,11,0.21751412429378533,0.18181818181818182,0.6484848484848486,0.2803738317757009
reversal,RUB_UZS,20,2023,-0.006024507974224516,11,0.21751412429378533,0.45454545454545453,0.6387878787878788,0.7115749525616698
seasonality,RUB_UZS,20,2023,0.14166666666666666,47,0.9293785310734464,0.3404255319148936,0.40992907801418443,0.8304498269896193
momentum,RUB_UZS,20,2024,-0.004291248797395272,46,0.9096045197740114,0.391304347826087,0.3640579710144927,1.0748407643312103
level,RUB_UZS,20,2024,-0.02077438091663158,31,0.612994350282486,0.3870967741935484,0.2798924731182796,1.3830195927775641
reversal,RUB_UZS,20,2024,-0.02672819087763605,34,0.672316384180791,0.4117647058823529,0.2908823529411765,1.4155712841253791
seasonality,RUB_UZS,20,2024,0.24982475720551411,27,0.5338983050847458,0.3333333333333333,0.2834567901234568,1.1759581881533099
momentum,RUB_UZS,20,2025,0.01653877372667698,22,0.43380281690140843,0.22727272727272727,0.09727272727272726,2.336448598130841
level,RUB_UZS,20,2025,-0.05368590529863624,52,1.0253521126760563,0.21153846153846154,0.19756410256410256,1.0707332900713822
reversal,RUB_UZS,20,2025,-0.051815994096320435,52,1.0253521126760563,0.21153846153846154,0.19596153846153844,1.0794896957801767
seasonality,RUB_UZS,20,2025,0.19540229885057472,53,1.0450704225352112,0.20754716981132076,0.19352201257861631,1.072473188170296
momentum,RUB_UZS,20,2026,0.013542778812086877,11,0.36320754716981135,0.18181818181818182,0.416969696969697,0.436046511627907
level,RUB_UZS,20,2026,-0.05515486574099877,26,0.8584905660377359,0.3076923076923077,0.32820512820512815,0.9375000000000002
reversal,RUB_UZS,20,2026,-0.04907961948151672,25,0.8254716981132075,0.32,0.31453333333333333,1.0173802458668928
seasonality,RUB_UZS,20,2026,0.24581005586592178,23,0.7594339622641509,0.43478260869565216,0.30289855072463767,1.4354066985645932
momentum,RUB_KGS,1,2022,0.004363086129777616,38,0.7514124293785311,0.5526315789473685,0.5892982456140351,0.9377791009228937
level,RUB_KGS,1,2022,-0.0009646268145130921,15,0.2966101694915254,0.6,0.5760000000000001,1.0416666666666665
reversal,RUB_KGS,1,2022,-0.005190976273587683,17,0.3361581920903955,1.0,0.5623529411764705,1.7782426778242681
seasonality,RUB_KGS,1,2022,0.8039295392953931,35,0.692090395480226,0.6857142857142857,0.578,1.1863568956994563
momentum,RUB_KGS,1,2023,-0.1473889770646903,51,1.0084745762711864,0.7058823529411765,0.7947058823529412,0.8882309400444116
level,RUB_KGS,1,2023,-0.1523713397265256,51,1.0084745762711864,0.7058823529411765,0.7963398692810457,0.886408404464872
reversal,RUB_KGS,1,2023,-0.006618730031260505,10,0.1977401129943503,0.6,0.8143333333333334,0.7367990176013098
seasonality,RUB_KGS,1,2023,0.8120300751879699,36,0.711864406779661,0.6388888888888888,0.8134259259259258,0.7854297097324987
momentum,RUB_KGS,1,2024,-0.009578356463394088,51,1.0084745762711864,0.8431372549019608,0.8545098039215687,0.986691142726021
level,RUB_KGS,1,2024,-0.06373323454494827,51,1.0084745762711864,0.8431372549019608,0.8581045751633987,0.9825576967019576
reversal,RUB_KGS,1,2024,-0.03779468607395153,44,0.8700564971751413,0.8863636363636364,0.8745454545454546,1.0135135135135134
seasonality,RUB_KGS,1,2024,0.7222222222222222,54,1.0677966101694916,0.8518518518518519,0.8702469135802468,0.9788622499645342
momentum,RUB_KGS,1,2025,-0.0009495566631708911,48,0.9464788732394366,0.7083333333333334,0.7390277777777777,0.9584664536741215
level,RUB_KGS,1,2025,-0.039705214621089224,52,1.0253521126760563,0.6923076923076923,0.7526923076923077,0.9197751660705161
reversal,RUB_KGS,1,2025,-0.010417185750310072,31,0.6112676056338028,0.7096774193548387,0.6975268817204301,1.0174194542932018
seasonality,RUB_KGS,1,2025,0.8577961672473868,15,0.29577464788732394,0.8,0.5804444444444444,1.3782542113323124
momentum,RUB_KGS,1,2026,-0.008063671017068286,28,0.8484848484848485,0.7142857142857143,0.7866666666666666,0.9079903147699758
level,RUB_KGS,1,2026,-0.0024030490301636814,10,0.30303030303030304,0.5,0.8770000000000001,0.5701254275940706
reversal,RUB_KGS,1,2026,-0.0023511921840468457,9,0.2727272727272727,0.8888888888888888,0.8885185185185185,1.0004168403501459
seasonality,RUB_KGS,1,2026,0.868599840389785,5,0.15151515151515152,1.0,0.8486666666666666,1.178318931657502
momentum,RUB_KGS,3,2022,0.004179475983336029,38,0.7514124293785311,0.39473684210526316,0.4112280701754386,0.9598976109215017
level,RUB_KGS,3,2022,-0.0012174076479254347,16,0.3163841807909605,0.5625,0.3754166666666667,1.4983351831298557
reversal,RUB_KGS,3,2022,-0.005270172439671226,17,0.3361581920903955,0.8823529411764706,0.36980392156862746,2.386002120890774
seasonality,RUB_KGS,3,2022,0.6344265952699689,44,0.8700564971751413,0.5227272727272727,0.4575,1.1425732737208145
momentum,RUB_KGS,3,2023,-0.012479616956625559,48,0.9491525423728814,0.625,0.6962499999999999,0.8976660682226213
level,RUB_KGS,3,2023,-0.0786025947837776,50,0.9887005649717514,0.66,0.6955999999999999,0.9488211615871193
reversal,RUB_KGS,3,2023,-0.006553448520883007,10,0.1977401129943503,0.6,0.769,0.7802340702210663
seasonality,RUB_KGS,3,2023,0.7131147540983607,24,0.4745762711864407,0.5416666666666666,0.7504166666666666,0.7218212104386452
momentum,RUB_KGS,3,2024,-0.03470801969197601,54,1.0677966101694916,0.6666666666666666,0.7020987654320987,0.9495340249692281
level,RUB_KGS,3,2024,-0.07091296514986042,53,1.0480225988700564,0.660377358490566,0.700566037735849,0.9426339886883921
reversal,RUB_KGS,3,2024,-0.069670570806136,53,1.0480225988700564,0.660377358490566,0.699559748427673,0.9439899307740717
seasonality,RUB_KGS,3,2024,0.6,46,0.9096045197740114,0.6956521739130435,0.6964492753623187,0.9988554780980129
momentum,RUB_KGS,3,2025,-0.0010935003864870566,48,0.9464788732394366,0.4791666666666667,0.5490277777777777,0.8727548697192008
level,RUB_KGS,3,2025,-0.007713622059404243,30,0.5915492957746479,0.4666666666666667,0.5116666666666667,0.9120521172638436
reversal,RUB_KGS,3,2025,-0.0063338088646002575,28,0.5521126760563381,0.5,0.4988095238095238,1.0023866348448687
seasonality,RUB_KGS,3,2025,0.6164383561643836,45,0.8873239436619718,0.4222222222222222,0.5467407407407406,0.7722530822381792
momentum,RUB_KGS,3,2026,0.0049343411138929255,21,0.6447368421052632,0.5714285714285714,0.4977777777777777,1.1479591836734695
level,RUB_KGS,3,2026,-0.0023805019937287123,10,0.30701754385964913,0.4,0.602,0.6644518272425249
reversal,RUB_KGS,3,2026,-0.0023310057705777975,9,0.27631578947368424,0.6666666666666666,0.6025925925925926,1.1063306699446835
seasonality,RUB_KGS,3,2026,0.7133430021754898,9,0.27631578947368424,0.6666666666666666,0.5937037037037037,1.122894572676232
momentum,RUB_KGS,5,2022,0.00388532534289332,38,0.7514124293785311,0.3157894736842105,0.34929824561403505,0.9040683073832245
level,RUB_KGS,5,2022,-0.00015165676896293658,14,0.2768361581920904,0.42857142857142855,0.3459523809523809,1.2388162422573985
reversal,RUB_KGS,5,2022,-0.005373939638616975,17,0.3361581920903955,0.5882352941176471,0.3345098039215686,1.758499413833529
seasonality,RUB_KGS,5,2022,0.4916902642934197,49,0.9689265536723164,0.40816326530612246,0.41374149659863946,0.9865175928970733
momentum,RUB_KGS,5,2023,-0.006479585403713406,43,0.8502824858757062,0.5581395348837209,0.6492248062015504,0.8597014925373133
level,RUB_KGS,5,2023,-0.07895933922937469,50,0.9887005649717514,0.62,0.6452666666666667,0.9608430622998244
reversal,RUB_KGS,5,2023,-0.0047875150535724425,8,0.15819209039548024,0.625,0.7220833333333333,0.8655510675129833
seasonality,RUB_KGS,5,2023,0.5833333333333334,19,0.37570621468926557,0.47368421052631576,0.6742105263157894,0.7025761124121781
momentum,RUB_KGS,5,2024,-0.03480245570797491,54,1.0677966101694916,0.5925925925925926,0.625,0.9481481481481481
level,RUB_KGS,5,2024,-0.06793804253012414,51,1.0084745762711864,0.5686274509803921,0.6188235294117647,0.9188846641318125
reversal,RUB_KGS,5,2024,-0.03719086319270206,44,0.8700564971751413,0.5909090909090909,0.6292424242424242,0.939080183000241
seasonality,RUB_KGS,5,2024,0.48314680710994073,50,0.9887005649717514,0.6,0.6112000000000001,0.9816753926701569
momentum,RUB_KGS,5,2025,-0.007103906604282927,50,0.9859154929577465,0.4,0.49126666666666663,0.8142217397204506
level,RUB_KGS,5,2025,-0.03170013178167932,45,0.8873239436619718,0.35555555555555557,0.49496296296296294,0.7183478000598624
reversal,RUB_KGS,5,2025,-0.0049638458508831085,27,0.532394366197183,0.4074074074074074,0.42395061728395056,0.9609784507862552
seasonality,RUB_KGS,5,2025,0.5975609756097561,14,0.27605633802816903,0.6428571428571429,0.30785714285714283,2.0881670533642693
momentum,RUB_KGS,5,2026,-0.05191962760505642,33,1.0176211453744493,0.45454545454545453,0.5275757575757575,0.8615738081562322
level,RUB_KGS,5,2026,-0.04483220161067528,24,0.7400881057268722,0.375,0.4583333333333333,0.8181818181818182
reversal,RUB_KGS,5,2026,-0.0023108193571087458,9,0.2775330396475771,0.5555555555555556,0.5140740740740741,1.0806916426512967
seasonality,RUB_KGS,5,2026,0.6228571428571429,9,0.2775330396475771,0.6666666666666666,0.4940740740740741,1.349325337331334
momentum,RUB_KGS,10,2022,0.003882331484174162,38,0.7514124293785311,0.21052631578947367,0.22728070175438594,0.9262832883056735
level,RUB_KGS,10,2022,-0.00030188270159436725,14,0.2768361581920904,0.21428571428571427,0.2573809523809524,0.8325624421831637
reversal,RUB_KGS,10,2022,-0.0009284868367647859,14,0.2768361581920904,0.35714285714285715,0.25904761904761897,1.3786764705882357
seasonality,RUB_KGS,10,2022,0.37349397590361444,52,1.0282485875706215,0.28846153846153844,0.2973717948717948,0.9700366458288425
momentum,RUB_KGS,10,2023,-0.012332718524312102,48,0.9491525423728814,0.5208333333333334,0.5386111111111112,0.966993295513151
level,RUB_KGS,10,2023,-0.07982547571588139,50,0.9887005649717514,0.52,0.534,0.9737827715355805
reversal,RUB_KGS,10,2023,-0.08222055245887634,50,0.9887005649717514,0.52,0.5358666666666666,0.9703906444389153
seasonality,RUB_KGS,10,2023,0.3968253968253968,43,0.8502824858757062,0.6511627906976745,0.5513953488372093,1.180936313791649
momentum,RUB_KGS,10,2024,-0.0008732699643920381,40,0.7909604519774012,0.6,0.5123333333333333,1.1711125569290826
level,RUB_KGS,10,2024,-0.06826066268884061,53,1.0480225988700564,0.5283018867924528,0.5440251572327045,0.9710982658959536
reversal,RUB_KGS,10,2024,-0.061447389010012385,51,1.0084745762711864,0.5490196078431373,0.5424836601307189,1.0120481927710845
seasonality,RUB_KGS,10,2024,0.3629032258064516,36,0.711864406779661,0.5,0.49703703703703705,1.005961251862891
momentum,RUB_KGS,10,2025,-0.000759852869359201,47,0.9267605633802817,0.3404255319148936,0.3379432624113475,1.007345225603358
level,RUB_KGS,10,2025,-0.03509760651517774,49,0.9661971830985915,0.3673469387755102,0.3378231292517007,1.0873942811115584
reversal,RUB_KGS,10,2025,-0.04169495982467891,52,1.0253521126760563,0.3269230769230769,0.35173076923076924,0.9294696555494806
seasonality,RUB_KGS,10,2025,0.3160919540229885,53,1.0450704225352112,0.33962264150943394,0.3509433962264151,0.9677419354838708
momentum,RUB_KGS,10,2026,-0.05191962760505642,32,1.0135746606334841,0.4375,0.43822916666666667,0.9983361064891847
level,RUB_KGS,10,2026,-0.00232943304056868,10,0.3167420814479638,0.2,0.42566666666666664,0.4698512137823023
reversal,RUB_KGS,10,2026,-0.032766972543457215,21,0.665158371040724,0.38095238095238093,0.3276190476190476,1.1627906976744187
seasonality,RUB_KGS,10,2026,0.48,11,0.34841628959276016,0.5454545454545454,0.3987878787878788,1.3677811550151975
momentum,RUB_KGS,20,2022,0.0038956054278179997,38,0.7514124293785311,0.18421052631578946,0.17289473684210524,1.0654490106544903
level,RUB_KGS,20,2022,-0.000177761997483804,14,0.2768361581920904,0.21428571428571427,0.15952380952380948,1.3432835820895526
reversal,RUB_KGS,20,2022,-0.006010085503098916,17,0.3361581920903955,0.35294117647058826,0.13215686274509805,2.6706231454005933
seasonality,RUB_KGS,20,2022,0.21830362687864868,48,0.9491525423728814,0.1875,0.22798611111111114,0.8224185196466646
momentum,RUB_KGS,20,2023,-0.011379031406247273,48,0.9491525423728814,0.4583333333333333,0.4816666666666667,0.9515570934256055
level,RUB_KGS,20,2023,-0.07994622973414144,50,0.9887005649717514,0.46,0.47306666666666664,0.9723788049605413
reversal,RUB_KGS,20,2023,-0.08172402041409231,50,0.9887005649717514,0.46,0.47279999999999994,0.9729272419627751
seasonality,RUB_KGS,20,2023,0.30864197530864196,36,0.711864406779661,0.5555555555555556,0.5715740740740741,0.9719747286570549
momentum,RUB_KGS,20,2024,-0.00309866791117365,46,0.9096045197740114,0.4782608695652174,0.43166666666666664,1.107940238375021
level,RUB_KGS,20,2024,-0.066157791940118,51,1.0084745762711864,0.45098039215686275,0.431437908496732,1.0452961672473868
reversal,RUB_KGS,20,2024,-0.060689591141781934,51,1.0084745762711864,0.47058823529411764,0.43215686274509807,1.0889292196007259
seasonality,RUB_KGS,20,2024,0.3064516129032258,27,0.5338983050847458,0.37037037037037035,0.3811111111111111,0.9718172983479105
momentum,RUB_KGS,20,2025,-0.0007905378837508303,47,0.9267605633802817,0.23404255319148937,0.2295035460992908,1.0197775030902347
level,RUB_KGS,20,2025,-0.049165318922627634,53,1.0450704225352112,0.20754716981132076,0.21999999999999995,0.9433962264150946
reversal,RUB_KGS,20,2025,-0.048985668689917015,53,1.0450704225352112,0.20754716981132076,0.22138364779874214,0.9375
seasonality,RUB_KGS,20,2025,0.20114942528735633,53,1.0450704225352112,0.20754716981132076,0.220251572327044,0.9423186750428327
momentum,RUB_KGS,20,2026,-0.0007412291853186476,22,0.7264150943396227,0.22727272727272727,0.2851515151515151,0.7970244420828907
level,RUB_KGS,20,2026,-0.00385737325543527,10,0.33018867924528306,0.2,0.3696666666666666,0.5410279531109109
reversal,RUB_KGS,20,2026,-0.024807434484527713,20,0.6603773584905661,0.3,0.2518333333333333,1.1912640635340834
seasonality,RUB_KGS,20,2026,0.34269662921348315,23,0.7594339622641509,0.5217391304347826,0.30855072463768113,1.690934711131987
momentum,RUB_AMD,1,2022,0.0004221989446877017,41,0.8107344632768362,0.6341463414634146,0.6311382113821137,1.0047661986345486
level,RUB_AMD,1,2022,-0.005476817189757316,16,0.3163841807909605,0.5625,0.61,0.9221311475409836
reversal,RUB_AMD,1,2022,-0.0013191107643091976,13,0.2570621468926554,0.7692307692307693,0.6048717948717949,1.271725307333616
seasonality,RUB_AMD,1,2022,0.7923652819486152,39,0.7711864406779662,0.717948717948718,0.6153846153846154,1.1666666666666665
momentum,RUB_AMD,1,2023,-0.018867652385876482,50,0.9887005649717514,0.72,0.7937333333333334,0.9071056610112547
level,RUB_AMD,1,2023,-0.123529807328834,51,1.0084745762711864,0.7058823529411765,0.793921568627451,0.8891084218325512
reversal,RUB_AMD,1,2023,-0.004159111290525884,7,0.1384180790960452,0.7142857142857143,0.8133333333333332,0.8782201405152226
seasonality,RUB_AMD,1,2023,0.8101533580116345,31,0.612994350282486,0.6774193548387096,0.8192473118279571,0.8268801680010499
momentum,RUB_AMD,1,2024,-0.007650073175793026,49,0.9689265536723164,0.7959183673469388,0.8472789115646259,0.939381774387796
level,RUB_AMD,1,2024,-0.0929223492557733,54,1.0677966101694916,0.8333333333333334,0.8580864197530864,0.9711531544493203
reversal,RUB_AMD,1,2024,-0.08008028647956943,54,1.0677966101694916,0.8333333333333334,0.8564814814814813,0.9729729729729732
seasonality,RUB_AMD,1,2024,0.76,42,0.8305084745762712,0.8333333333333334,0.854126984126984,0.9756550826983834
momentum,RUB_AMD,1,2025,-0.07007544307660551,53,1.0450704225352112,0.6226415094339622,0.7506918238993712,0.8294235924932974
level,RUB_AMD,1,2025,-0.07560976444809636,53,1.0450704225352112,0.6226415094339622,0.7505031446540881,0.8296321126288443
reversal,RUB_AMD,1,2025,-0.007911322277429564,28,0.5521126760563381,0.8214285714285714,0.6685714285714286,1.2286324786324785
seasonality,RUB_AMD,1,2025,0.7635135135135135,45,0.8873239436619718,0.5777777777777777,0.723037037037037,0.7990984530273537
momentum,RUB_AMD,1,2026,-0.0017364792080402647,24,0.7272727272727273,0.625,0.7654166666666666,0.8165487207403376
level,RUB_AMD,1,2026,-0.006004103768457142,10,0.30303030303030304,0.7,0.8860000000000002,0.7900677200902932
reversal,RUB_AMD,1,2026,-0.009052575976477194,13,0.3939393939393939,0.7692307692307693,0.7994871794871795,0.9621552277100706
seasonality,RUB_AMD,1,2026,0.8571428571428571,8,0.24242424242424243,1.0,0.87875,1.1379800853485063
momentum,RUB_AMD,3,2022,0.006877873452956873,34,0.672316384180791,0.4117647058823529,0.41411764705882353,0.9943181818181818
level,RUB_AMD,3,2022,-0.0004685495101944932,13,0.2570621468926554,0.38461538461538464,0.3525641025641026,1.0909090909090908
reversal,RUB_AMD,3,2022,-0.001316156702123991,13,0.2570621468926554,0.7692307692307693,0.3669230769230769,2.0964360587002098
seasonality,RUB_AMD,3,2022,0.6351351351351351,45,0.8898305084745763,0.4444444444444444,0.4751111111111111,0.9354536950420954
momentum,RUB_AMD,3,2023,-0.11323203973955452,51,1.0084745762711864,0.6274509803921569,0.6834640522875818,0.918045328488094
level,RUB_AMD,3,2023,-0.1265042024950284,51,1.0084745762711864,0.6274509803921569,0.6830718954248366,0.9185723854176634
reversal,RUB_AMD,3,2023,-0.004134932232545747,7,0.1384180790960452,0.5714285714285714,0.8038095238095238,0.7109004739336493
seasonality,RUB_AMD,3,2023,0.6751054852320675,27,0.5338983050847458,0.5925925925925926,0.7538271604938271,0.7861120209629872
momentum,RUB_AMD,3,2024,-0.04067778692212174,54,1.0677966101694916,0.7037037037037037,0.7242592592592593,0.9716185118895423
level,RUB_AMD,3,2024,-0.09321507818230679,54,1.0677966101694916,0.7037037037037037,0.7207407407407408,0.9763617677286741
reversal,RUB_AMD,3,2024,-0.09715088493220683,54,1.0677966101694916,0.7037037037037037,0.7218518518518519,0.9748589020010262
seasonality,RUB_AMD,3,2024,0.7262237762237767,14,0.2768361581920904,0.5,0.7704761904761904,0.6489493201483313
momentum,RUB_AMD,3,2025,-0.015615050571316584,52,1.0253521126760563,0.36538461538461536,0.534551282051282,0.6835351960666747
level,RUB_AMD,3,2025,-0.05707954242720259,53,1.0450704225352112,0.41509433962264153,0.5452830188679245,0.7612456747404844
reversal,RUB_AMD,3,2025,-0.0005500578645962293,16,0.31549295774647884,0.5,0.37416666666666665,1.3363028953229399
seasonality,RUB_AMD,3,2025,0.6365323351385792,36,0.7098591549295774,0.4166666666666667,0.5274074074074074,0.7900280898876404
momentum,RUB_AMD,3,2026,0.006182341423154788,18,0.5526315789473685,0.5555555555555556,0.5127777777777778,1.0834236186348862
level,RUB_AMD,3,2026,-0.005369753475188088,9,0.27631578947368424,0.3333333333333333,0.6707407407407407,0.49696300386526776
reversal,RUB_AMD,3,2026,-0.009009032456738371,13,0.3991228070175439,0.5384615384615384,0.5528205128205129,0.9740259740259738
seasonality,RUB_AMD,3,2026,0.6984126984126984,16,0.4912280701754386,0.75,0.5466666666666666,1.3719512195121952
momentum,RUB_AMD,5,2022,0.000528213840024945,41,0.8107344632768362,0.36585365853658536,0.3896747967479675,0.9388691842269976
level,RUB_AMD,5,2022,-0.0001978517153096715,13,0.2570621468926554,0.3076923076923077,0.35923076923076924,0.8565310492505354
reversal,RUB_AMD,5,2022,-0.0013146796710313876,13,0.2570621468926554,0.6153846153846154,0.3523076923076923,1.7467248908296944
seasonality,RUB_AMD,5,2022,0.4864864864864865,45,0.8898305084745763,0.4,0.3997777777777778,1.000555864369094
momentum,RUB_AMD,5,2023,-0.11334602737019872,51,1.0084745762711864,0.5882352941176471,0.6329411764705881,0.9293680297397772
level,RUB_AMD,5,2023,-0.12038446988323093,51,1.0084745762711864,0.5882352941176471,0.6322222222222222,0.9304248940349427
reversal,RUB_AMD,5,2023,-0.004925215155683892,7,0.1384180790960452,0.42857142857142855,0.8014285714285713,0.5347593582887701
seasonality,RUB_AMD,5,2023,0.5833333333333334,32,0.632768361581921,0.59375,0.7238541666666667,0.8202619081882285
momentum,RUB_AMD,5,2024,-0.04081558408957052,54,1.0677966101694916,0.6296296296296297,0.6451234567901234,0.9759831595062675
level,RUB_AMD,5,2024,-0.09350780710884027,54,1.0677966101694916,0.6296296296296297,0.643641975308642,0.9782295962405294
reversal,RUB_AMD,5,2024,-0.09726068154534435,54,1.0677966101694916,0.6296296296296297,0.6462345679012346,0.9743050912217022
seasonality,RUB_AMD,5,2024,0.6060606060606061,14,0.2768361581920904,0.42857142857142855,0.7566666666666667,0.566393958464443
momentum,RUB_AMD,5,2025,-0.01565845962050084,52,1.0253521126760563,0.34615384615384615,0.47378205128205136,0.7306183195778648
level,RUB_AMD,5,2025,-0.05126836537448668,53,1.0450704225352112,0.39622641509433965,0.4733962264150944,0.8369868473495417
reversal,RUB_AMD,5,2025,-0.057099184059446986,53,1.0450704225352112,0.39622641509433965,0.47779874213836476,0.8292747137027775
seasonality,RUB_AMD,5,2025,0.5405405405405406,40,0.7887323943661971,0.4,0.46258333333333335,0.864709061430373
momentum,RUB_AMD,5,2026,-0.0018445575789794444,24,0.7400881057268722,0.375,0.47708333333333336,0.7860262008733624
level,RUB_AMD,5,2026,-0.005314416494835786,9,0.2775330396475771,0.3333333333333333,0.5774074074074075,0.5772931366260422
reversal,RUB_AMD,5,2026,-0.0017994682333820117,8,0.24669603524229072,0.5,0.5545833333333333,0.9015777610818934
seasonality,RUB_AMD,5,2026,0.6129032258064516,16,0.49339207048458145,0.625,0.474375,1.3175230566534915
momentum,RUB_AMD,10,2022,0.007277845076438359,34,0.672316384180791,0.23529411764705882,0.25519607843137254,0.9220130618517096
level,RUB_AMD,10,2022,-0.0003090261208091743,13,0.2570621468926554,0.3076923076923077,0.2669230769230769,1.1527377521613835
reversal,RUB_AMD,10,2022,-0.010372961090215288,19,0.37570621468926557,0.2631578947368421,0.18982456140350876,1.3863216266173752
seasonality,RUB_AMD,10,2022,0.36486486486486486,45,0.8898305084745763,0.28888888888888886,0.28577777777777774,1.010886469673406
momentum,RUB_AMD,10,2023,-0.019319026848323942,50,0.9887005649717514,0.48,0.5210666666666667,0.9211873080859774
level,RUB_AMD,10,2023,-0.12649022333002685,51,1.0084745762711864,0.5098039215686274,0.5226143790849672,0.975487743871936
reversal,RUB_AMD,10,2023,-0.06452253042409614,41,0.8107344632768362,0.5121951219512195,0.5526016260162602,0.9268795056642637
seasonality,RUB_AMD,10,2023,0.35714285714285715,51,1.0084745762711864,0.5098039215686274,0.5179084967320261,0.9843513377082281
momentum,RUB_AMD,10,2024,-0.08230243144700244,54,1.0677966101694916,0.5185185185185185,0.5131481481481482,1.0104655359076142
level,RUB_AMD,10,2024,-0.0938375333158273,54,1.0677966101694916,0.5185185185185185,0.5171604938271606,1.002625925041776
reversal,RUB_AMD,10,2024,-0.09741363402626879,54,1.0677966101694916,0.5185185185185185,0.5209259259259259,0.9953785993601137
seasonality,RUB_AMD,10,2024,0.4365079365079365,28,0.5536723163841808,0.42857142857142855,0.44821428571428573,0.9561752988047808
momentum,RUB_AMD,10,2025,-0.015723573194277227,52,1.0253521126760563,0.28846153846153844,0.3412179487179487,0.8453879391320683
level,RUB_AMD,10,2025,-0.0572112214426158,53,1.0450704225352112,0.3018867924528302,0.34207547169811325,0.8825151682294538
reversal,RUB_AMD,10,2025,-0.02383473118988967,39,0.7690140845070422,0.28205128205128205,0.34854700854700854,0.8092202059833251
seasonality,RUB_AMD,10,2025,0.32727272727272727,53,1.0450704225352112,0.3018867924528302,0.3455974842767296,0.8735213830755231
momentum,RUB_AMD,10,2026,-0.001627481949974111,24,0.7601809954751131,0.375,0.4225,0.8875739644970414
level,RUB_AMD,10,2026,-0.0051875432312752795,9,0.2850678733031674,0.3333333333333333,0.5370370370370371,0.6206896551724137
reversal,RUB_AMD,10,2026,-0.0011377309949062203,8,0.25339366515837103,0.5,0.49541666666666667,1.0092514718250631
seasonality,RUB_AMD,10,2026,0.5085714285714286,16,0.5067873303167421,0.5,0.40958333333333335,1.2207527975584944
momentum,RUB_AMD,20,2022,0.013593271190519696,29,0.5734463276836158,0.10344827586206896,0.15793103448275864,0.6550218340611353
level,RUB_AMD,20,2022,-0.0005944761989230773,13,0.2570621468926554,0.23076923076923078,0.2287179487179487,1.0089686098654709
reversal,RUB_AMD,20,2022,-0.0014093158525428117,13,0.2570621468926554,0.3076923076923077,0.22743589743589743,1.3528748590755357
seasonality,RUB_AMD,20,2022,0.296875,35,0.692090395480226,0.11428571428571428,0.1592380952380952,0.7177033492822967
momentum,RUB_AMD,20,2023,0.0014180781733548753,32,0.632768361581921,0.34375,0.615625,0.5583756345177665
level,RUB_AMD,20,2023,-0.0058006544532232945,9,0.17796610169491525,0.0,0.7788888888888887,0.0
reversal,RUB_AMD,20,2023,-0.06462865578770381,41,0.8107344632768362,0.4634146341463415,0.49617886178861786,0.9339669015238409
seasonality,RUB_AMD,20,2023,0.16666666666666666,51,1.0084745762711864,0.43137254901960786,0.4569281045751634,0.94407094836218
momentum,RUB_AMD,20,2024,-0.004447619836552734,45,0.8898305084745763,0.4,0.4522222222222221,0.8845208845208848
level,RUB_AMD,20,2024,-0.09413351155945567,54,1.0677966101694916,0.4444444444444444,0.4328395061728395,1.026811180832858
reversal,RUB_AMD,20,2024,-0.0800101674904604,54,1.0677966101694916,0.4444444444444444,0.4311728395061728,1.0307802433786686
seasonality,RUB_AMD,20,2024,0.32978723404255317,27,0.5338983050847458,0.2962962962962963,0.3661728395061728,0.8091706001348619
momentum,RUB_AMD,20,2025,-0.015571147705274868,52,1.0253521126760563,0.21153846153846154,0.2452564102564102,0.8625196027182438
level,RUB_AMD,20,2025,-0.05664637210272841,53,1.0450704225352112,0.22641509433962265,0.2416981132075472,0.9367681498829039
reversal,RUB_AMD,20,2025,-0.051975074839474944,53,1.0450704225352112,0.22641509433962265,0.24345911949685534,0.9299922500645829
seasonality,RUB_AMD,20,2025,0.23417721518987342,53,1.0450704225352112,0.22641509433962265,0.2453459119496855,0.9228402973596516
momentum,RUB_AMD,20,2026,-0.0015699205196979538,23,0.7594339622641509,0.30434782608695654,0.3160869565217392,0.9628610729023382
level,RUB_AMD,20,2026,-0.004478054127500575,8,0.2641509433962264,0.375,0.3825,0.9803921568627451
reversal,RUB_AMD,20,2026,-0.0011097913342770652,8,0.2641509433962264,0.25,0.4,0.625
seasonality,RUB_AMD,20,2026,0.2619799574855755,27,0.8915094339622642,0.4074074074074074,0.3492592592592592,1.166489925768823
momentum,RUB_KZT,1,2022,-0.0015752446366688489,44,0.8700564971751413,0.6590909090909091,0.6428030303030303,1.0253388332351208
level,RUB_KZT,1,2022,-0.00961257943788491,17,0.3361581920903955,0.4117647058823529,0.5947058823529412,0.6923837784371909
reversal,RUB_KZT,1,2022,-0.00799764947847803,16,0.3163841807909605,0.6875,0.616875,1.1144883485309018
seasonality,RUB_KZT,1,2022,0.8219781144781145,39,0.7711864406779662,0.717948717948718,0.6270085470085469,1.1450381679389314
momentum,RUB_KZT,1,2023,-0.009672313968752205,44,0.8700564971751413,0.6590909090909091,0.7008333333333333,0.9404388714733543
level,RUB_KZT,1,2023,-0.07809767937342507,43,0.8502824858757062,0.6511627906976745,0.7036434108527133,0.9254158863060481
reversal,RUB_KZT,1,2023,-0.04382007617883519,34,0.672316384180791,0.6470588235294118,0.7334313725490196,0.8822349953214812
seasonality,RUB_KZT,1,2023,0.8345864661654135,39,0.7711864406779662,0.6153846153846154,0.7254700854700854,0.8482563619227146
momentum,RUB_KZT,1,2024,0.010108681578667608,26,0.5141242937853108,0.8076923076923077,0.7662820512820513,1.054040488539401
level,RUB_KZT,1,2024,-0.010788168258214978,25,0.4943502824858757,0.72,0.7710666666666666,0.9337713989278922
reversal,RUB_KZT,1,2024,-0.100938674033552,54,1.0677966101694916,0.7962962962962963,0.8177160493827159,0.9738053898996001
seasonality,RUB_KZT,1,2024,0.7416253968253969,50,0.9887005649717514,0.8,0.7976000000000001,1.0030090270812437
momentum,RUB_KZT,1,2025,-0.07265397016374586,53,1.0450704225352112,0.6037735849056604,0.7322012578616353,0.8246005840920804
level,RUB_KZT,1,2025,-0.03356296728945382,47,0.9267605633802817,0.7021276595744681,0.7063829787234043,0.9939759036144579
reversal,RUB_KZT,1,2025,-0.0021341204836088645,21,0.4140845070422535,0.7619047619047619,0.6201587301587301,1.2285641156897875
seasonality,RUB_KZT,1,2025,0.8366013071895425,32,0.6309859154929577,0.59375,0.6815625,0.871160018340211
momentum,RUB_KZT,1,2026,-0.00811605515992318,28,0.8484848484848485,0.75,0.7353571428571428,1.0199125789218066
level,RUB_KZT,1,2026,-0.004568205874440262,9,0.2727272727272727,0.5555555555555556,0.8455555555555555,0.6570302233902761
reversal,RUB_KZT,1,2026,-0.009239945229304464,10,0.30303030303030304,0.7,0.8579999999999999,0.8158508158508159
seasonality,RUB_KZT,1,2026,0.783729661096655,26,0.7878787878787878,0.6923076923076923,0.7246153846153847,0.9554140127388534
momentum,RUB_KZT,3,2022,-0.0018159325710737184,44,0.8700564971751413,0.4318181818181818,0.4006060606060606,1.0779122541603632
level,RUB_KZT,3,2022,-0.0009177283095272324,15,0.2966101694915254,0.26666666666666666,0.3446666666666667,0.7736943907156673
reversal,RUB_KZT,3,2022,-0.016386232224899808,24,0.4745762711864407,0.5,0.28041666666666665,1.7830609212481427
seasonality,RUB_KZT,3,2022,0.6481369924141009,44,0.8700564971751413,0.4772727272727273,0.4054545454545454,1.1771300448430495
momentum,RUB_KZT,3,2023,-0.008301082626230333,44,0.8700564971751413,0.5681818181818182,0.5296969696969697,1.0726544622425631
level,RUB_KZT,3,2023,-0.09965144059335346,48,0.9491525423728814,0.5416666666666666,0.543888888888889,0.9959141981613889
reversal,RUB_KZT,3,2023,-0.03618405085849429,29,0.5734463276836158,0.5172413793103449,0.5919540229885059,0.8737864077669902
seasonality,RUB_KZT,3,2023,0.7622950819672131,23,0.4548022598870057,0.5652173913043478,0.5676811594202898,0.9956599438345672
momentum,RUB_KZT,3,2024,-0.008942954411361701,51,1.0084745762711864,0.5294117647058824,0.6030065359477124,0.8779536093648386
level,RUB_KZT,3,2024,-0.11242316723870048,54,1.0677966101694916,0.5740740740740741,0.6230246913580246,0.9214306945407709
reversal,RUB_KZT,3,2024,-0.11467085868193598,54,1.0677966101694916,0.5740740740740741,0.6219753086419753,0.9229853116315999
seasonality,RUB_KZT,3,2024,0.6290322580645161,46,0.9096045197740114,0.5869565217391305,0.6068115942028985,0.9672796751850968
momentum,RUB_KZT,3,2025,0.019085726875454984,18,0.3549295774647887,0.5,0.4766666666666667,1.048951048951049
level,RUB_KZT,3,2025,-0.03604136253852651,47,0.9267605633802817,0.44680851063829785,0.5120567375886526,0.8725761772853184
reversal,RUB_KZT,3,2025,-0.0036207360523118335,23,0.4535211267605634,0.6086956521739131,0.4628985507246377,1.3149655604257984
seasonality,RUB_KZT,3,2025,0.6954022988505747,27,0.532394366197183,0.37037037037037035,0.4791358024691358,0.7729966503478485
momentum,RUB_KZT,3,2026,0.006066986113920121,19,0.5833333333333334,0.5789473684210527,0.5335087719298245,1.085169352186781
level,RUB_KZT,3,2026,-0.009433544145233784,12,0.368421052631579,0.5,0.6655555555555556,0.7512520868113522
reversal,RUB_KZT,3,2026,-0.007754320897945049,10,0.30701754385964913,0.5,0.6813333333333333,0.7338551859099804
seasonality,RUB_KZT,3,2026,0.5842105263157895,33,1.0131578947368423,0.5151515151515151,0.6271717171717173,0.8213883072958607
momentum,RUB_KZT,5,2022,-0.0018578470766855506,44,0.8700564971751413,0.3409090909090909,0.3434848484848485,0.9925011027790029
level,RUB_KZT,5,2022,-0.0005230370646569366,15,0.2966101694915254,0.2,0.29888888888888887,0.6691449814126395
reversal,RUB_KZT,5,2022,-0.01230161477800454,20,0.3954802259887006,0.4,0.25616666666666665,1.561483409238777
seasonality,RUB_KZT,5,2022,0.6459561128526651,22,0.43502824858757067,0.45454545454545453,0.24590909090909088,1.8484288354898337
momentum,RUB_KZT,5,2023,-0.009001806424311115,44,0.8700564971751413,0.5,0.4959090909090909,1.008249312557287
level,RUB_KZT,5,2023,-0.13899306785470772,51,1.0084745762711864,0.45098039215686275,0.5133986928104575,0.8784213876511777
reversal,RUB_KZT,5,2023,-0.03463295773707477,28,0.5536723163841808,0.5,0.569047619047619,0.8786610878661089
seasonality,RUB_KZT,5,2023,0.5757575757575758,37,0.731638418079096,0.4864864864864865,0.5220720720720721,0.9318377911993098
momentum,RUB_KZT,5,2024,-0.00927174774071402,52,1.0282485875706215,0.5192307692307693,0.5449999999999999,0.9527170077628795
level,RUB_KZT,5,2024,-0.11272758152605239,54,1.0677966101694916,0.5370370370370371,0.5546913580246914,0.9681727131092811
reversal,RUB_KZT,5,2024,-0.11492605853182732,54,1.0677966101694916,0.5370370370370371,0.5541358024691357,0.969143366380751
seasonality,RUB_KZT,5,2024,0.5921052631578947,27,0.5338983050847458,0.5555555555555556,0.518641975308642,1.071173530111878
momentum,RUB_KZT,5,2025,0.019286339858718825,18,0.3549295774647887,0.3888888888888889,0.3877777777777778,1.002865329512894
level,RUB_KZT,5,2025,-0.03368193208439102,47,0.9267605633802817,0.46808510638297873,0.4580851063829787,1.0218300046446818
reversal,RUB_KZT,5,2025,-0.0035321233334900293,23,0.4535211267605634,0.5217391304347826,0.3981159420289855,1.3105205678922462
seasonality,RUB_KZT,5,2025,0.5624632451216254,32,0.6309859154929577,0.375,0.45125,0.8310249307479225
momentum,RUB_KZT,5,2026,0.006392664474716828,19,0.5859030837004405,0.5789473684210527,0.4598245614035087,1.259061426936284
level,RUB_KZT,5,2026,-0.009640188099793456,12,0.3700440528634361,0.5,0.5755555555555555,0.8687258687258689
reversal,RUB_KZT,5,2026,-0.007753367710173388,10,0.3083700440528634,0.5,0.6010000000000001,0.8319467554076538
seasonality,RUB_KZT,5,2026,0.49206349206349204,33,1.0176211453744493,0.48484848484848486,0.5577777777777777,0.86925027164071
momentum,RUB_KZT,10,2022,0.0029969052037751276,41,0.8107344632768362,0.24390243902439024,0.23138211382113819,1.0541110330288124
level,RUB_KZT,10,2022,-0.008402034532443052,16,0.3163841807909605,0.1875,0.17375,1.0791366906474822
reversal,RUB_KZT,10,2022,-0.008039905959830005,16,0.3163841807909605,0.25,0.175,1.4285714285714286
seasonality,RUB_KZT,10,2022,0.45121951219512196,27,0.5338983050847458,0.2222222222222222,0.17580246913580247,1.2640449438202246
momentum,RUB_KZT,10,2023,-0.09202237521243009,51,1.0084745762711864,0.4117647058823529,0.44032679738562097,0.9351343327890751
level,RUB_KZT,10,2023,-0.12932113361883982,51,1.0084745762711864,0.45098039215686275,0.442483660130719,1.0192023633677991
reversal,RUB_KZT,10,2023,-0.1205087364063073,51,1.0084745762711864,0.43137254901960786,0.43692810457516346,0.9872849663425579
seasonality,RUB_KZT,10,2023,0.3658907624633432,43,0.8502824858757062,0.4186046511627907,0.43077519379844964,0.9717473456901206
momentum,RUB_KZT,10,2024,-0.003763195601998004,48,0.9491525423728814,0.3958333333333333,0.41201388888888896,0.9607281307938647
level,RUB_KZT,10,2024,-0.12095385967605972,54,1.0677966101694916,0.3888888888888889,0.4183950617283951,0.9294777220419003
reversal,RUB_KZT,10,2024,-0.0533404956696814,53,1.0480225988700564,0.39622641509433965,0.41194968553459127,0.9618320610687021
seasonality,RUB_KZT,10,2024,0.4337075757575762,27,0.5338983050847458,0.4074074074074074,0.36864197530864196,1.1051574012056262
momentum,RUB_KZT,10,2025,0.018508529214402263,18,0.3549295774647887,0.2777777777777778,0.23222222222222225,1.1961722488038278
level,RUB_KZT,10,2025,-0.021833279194908572,41,0.8084507042253521,0.36585365853658536,0.28512195121951217,1.2831479897348161
reversal,RUB_KZT,10,2025,-0.01981454241864755,40,0.7887323943661971,0.375,0.2823333333333333,1.3282172373081464
seasonality,RUB_KZT,10,2025,0.3563218390804598,45,0.8873239436619718,0.28888888888888886,0.2911111111111111,0.9923664122137404
momentum,RUB_KZT,10,2026,0.006268007768903419,19,0.6018099547511312,0.42105263157894735,0.33421052631578946,1.2598425196850394
level,RUB_KZT,10,2026,-0.007040581395310418,11,0.34841628959276016,0.36363636363636365,0.4748484848484848,0.7657945118059988
reversal,RUB_KZT,10,2026,-0.006895575650511052,9,0.2850678733031674,0.3333333333333333,0.5033333333333333,0.6622516556291391
seasonality,RUB_KZT,10,2026,0.4397757731958765,11,0.34841628959276016,0.5454545454545454,0.4530303030303031,1.204013377926421
momentum,RUB_KZT,20,2022,-0.005293277200737248,46,0.9096045197740114,0.1956521739130435,0.17615942028985507,1.1106540518305226
level,RUB_KZT,20,2022,-0.01226892618467251,18,0.3559322033898305,0.2222222222222222,0.14555555555555558,1.526717557251908
reversal,RUB_KZT,20,2022,-0.010697889387879,17,0.3361581920903955,0.23529411764705882,0.1507843137254902,1.5604681404421326
seasonality,RUB_KZT,20,2022,0.22859645102147721,41,0.8107344632768362,0.1951219512195122,0.15528455284552845,1.2565445026178013
momentum,RUB_KZT,20,2023,-0.009782078190032439,44,0.8700564971751413,0.3181818181818182,0.3656060606060606,0.8702859510982179
level,RUB_KZT,20,2023,-0.013230755135113348,16,0.3163841807909605,0.1875,0.486875,0.3851091142490372
reversal,RUB_KZT,20,2023,-0.018893834398897816,23,0.4548022598870057,0.21739130434782608,0.5076811594202898,0.42820439623180134
seasonality,RUB_KZT,20,2023,0.25757575757575757,36,0.711864406779661,0.4166666666666667,0.4179629629629629,0.9968985378821446
momentum,RUB_KZT,20,2024,-0.04913555033526662,54,1.0677966101694916,0.2962962962962963,0.30864197530864196,0.96
level,RUB_KZT,20,2024,-0.12590053371345486,54,1.0677966101694916,0.2962962962962963,0.31179012345679014,0.9503068699267471
reversal,RUB_KZT,20,2024,-0.05334943298366071,53,1.0480225988700564,0.3018867924528302,0.3086792452830189,0.9779951100244498
seasonality,RUB_KZT,20,2024,0.32183129370629376,17,0.3361581920903955,0.23529411764705882,0.46627450980392154,0.5046257359125316
momentum,RUB_KZT,20,2025,-0.004175793959416946,49,0.9661971830985915,0.16326530612244897,0.19047619047619047,0.8571428571428571
level,RUB_KZT,20,2025,-0.012839335724285578,32,0.6309859154929577,0.3125,0.15447916666666667,2.0229265003371544
reversal,RUB_KZT,20,2025,-0.020064887239693727,40,0.7887323943661971,0.275,0.16674999999999998,1.6491754122938533
seasonality,RUB_KZT,20,2025,0.189873417721519,49,0.9661971830985915,0.22448979591836735,0.1929251700680272,1.16361071932299
momentum,RUB_KZT,20,2026,0.00878049394861227,17,0.5613207547169812,0.4117647058823529,0.3019607843137255,1.3636363636363633
level,RUB_KZT,20,2026,-0.006426550060069661,9,0.2971698113207547,0.3333333333333333,0.5118518518518518,0.6512301013024603
reversal,RUB_KZT,20,2026,-0.006708588860682057,9,0.2971698113207547,0.3333333333333333,0.5081481481481482,0.6559766763848395
seasonality,RUB_KZT,20,2026,0.25888324873096447,27,0.8915094339622642,0.4074074074074074,0.3358024691358024,1.2132352941176472
