indicator,corridor,horizon_days,folds,signals,signal_hit_rate,random_hit_rate,lift,median_fold_lift,min_fold_lift,folds_lift_ge_1_3
reversal,RUB_UZS,3,5,104,0.625,0.5548076923076922,1.126516464471404,1.4738722644037519,0.8849557522123893,3
seasonality,RUB_TJS,20,5,145,0.3793103448275862,0.30441379310344824,1.2460353420933394,1.2364760432766615,1.0391409767925184,1
seasonality,RUB_KGS,1,5,145,0.7586206896551724,0.7548735632183907,1.0049639126595,1.178318931657502,0.7854297097324987,1
reversal,RUB_TJS,10,5,140,0.4714285714285714,0.4228333333333334,1.1149276423222025,1.1741682974559688,0.9992313604919291,1
seasonality,RUB_KZT,20,5,170,0.28823529411764703,0.28152941176470586,1.0238194734642707,1.16361071932299,0.5046257359125316,0
reversal,RUB_TJS,20,5,97,0.3711340206185567,0.29807560137457045,1.2451002997463685,1.1428571428571428,0.5489478499542545,2
seasonality,RUB_KZT,10,5,153,0.35294117647058826,0.3353376906318083,1.0524948024948024,1.1051574012056262,0.9717473456901206,0
reversal,RUB_KGS,20,5,191,0.36649214659685864,0.33872600349040133,1.0819722809006134,1.0889292196007259,0.9375,1
reversal,RUB_TJS,3,5,157,0.6369426751592356,0.6141188959660298,1.0371650821089022,1.0887096774193548,0.8932859475554701,2
reversal,RUB_UZS,20,5,137,0.30656934306569344,0.27294403892944036,1.1231948653949013,1.0794896957801767,0.7115749525616698,2
reversal,RUB_UZS,5,5,135,0.5111111111111111,0.48397530864197524,1.0560685679302078,1.0788381742738589,0.7552870090634441,1
momentum,RUB_UZS,20,5,144,0.2708333333333333,0.3005555555555555,0.901109057301294,1.0748407643312103,0.436046511627907,1
momentum,RUB_KZT,3,5,176,0.5170454545454546,0.513655303030303,1.0066000516205156,1.0726544622425631,0.8779536093648386,0
seasonality,RUB_UZS,20,5,169,0.28402366863905326,0.2766666666666667,1.0265915733941682,1.072473188170296,0.7653061224489798,1
level,RUB_UZS,20,5,136,0.2647058823529412,0.2724754901960784,0.9714851128901683,1.0707332900713822,0.2803738317757009,1
reversal,RUB_TJS,5,5,153,0.5620915032679739,0.5523311546840958,1.017671189649732,1.0552763819095479,0.9237875288683604,2
momentum,RUB_KZT,10,5,177,0.3559322033898305,0.35169491525423735,1.012048192771084,1.0541110330288124,0.9351343327890751,0
seasonality,RUB_TJS,1,5,146,0.7671232876712328,0.7561643835616438,1.0144927536231882,1.0223953261927945,0.680426400544341,0
seasonality,RUB_UZS,10,5,176,0.39204545454545453,0.398030303030303,0.9849638370765131,1.0222804718217564,0.8247089262613198,1
momentum,RUB_KZT,1,5,195,0.676923076923077,0.7099487179487179,0.9534816527015314,1.0199125789218066,0.8246005840920804,0
momentum,RUB_KGS,20,5,201,0.3333333333333333,0.3313764510779436,1.005905314783305,1.0197775030902347,0.7970244420828907,0
level,RUB_KZT,10,5,173,0.3815028901734104,0.37487475915221585,1.0176809210526314,1.0192023633677991,0.7657945118059988,0
reversal,RUB_KGS,1,5,111,0.8288288288288288,0.7730030030030031,1.0722194164950856,1.0135135135135134,0.7367990176013098,1
reversal,RUB_KGS,10,5,188,0.44680851063829785,0.442854609929078,1.0089282139568403,1.0120481927710845,0.9294696555494806,1
seasonality,RUB_KGS,10,5,195,0.4358974358974359,0.4105299145299145,1.061792138574284,1.005961251862891,0.9677419354838708,1
momentum,RUB_KZT,5,5,177,0.4632768361581921,0.45757062146892663,1.0124706753920236,1.002865329512894,0.9527170077628795,0
reversal,RUB_KGS,3,5,117,0.6495726495726496,0.602079772079772,1.078881370368618,1.0023866348448687,0.7802340702210663,1
reversal,RUB_TJS,1,5,106,0.8113207547169812,0.7501886792452831,1.0814889336016096,0.9999999999999999,0.7339449541284404,1
seasonality,RUB_KGS,3,5,168,0.5535714285714286,0.5959722222222221,0.9288544128907683,0.9988554780980129,0.7218212104386452,0
momentum,RUB_KGS,10,5,205,0.424390243902439,0.4140975609756097,1.0248556956060786,0.9983361064891847,0.9262832883056735,0
reversal,RUB_AMD,10,5,161,0.42857142857142855,0.4468944099378882,0.9589993050729673,0.9953785993601137,0.8092202059833251,1
reversal,RUB_KZT,10,5,169,0.38461538461538464,0.3712426035502959,1.0360216767612367,0.9872849663425579,0.6622516556291391,2
seasonality,RUB_KGS,5,5,141,0.524822695035461,0.5134751773049646,1.0220994475138119,0.9865175928970733,0.7025761124121781,2
reversal,RUB_UZS,10,5,144,0.375,0.35692129629629626,1.050651793242104,0.9856262833675565,0.516795865633075,1
seasonality,RUB_TJS,5,5,136,0.5441176470588235,0.544142156862745,0.9999549569839197,0.9846827133479215,0.6469002695417789,2
seasonality,RUB_AMD,10,5,193,0.38860103626943004,0.3973747841105353,0.9779207232267041,0.9843513377082281,0.8735213830755231,0
momentum,RUB_UZS,10,5,182,0.37362637362637363,0.37043956043956044,1.0086027884900624,0.9841443411700381,0.898972602739726,1
level,RUB_AMD,20,5,137,0.30656934306569344,0.3593187347931874,0.8531960996749729,0.9803921568627451,0.0,0
reversal,RUB_KZT,20,5,142,0.2746478873239437,0.2946713615023474,0.9320481159882101,0.9779951100244498,0.42820439623180134,2
seasonality,RUB_AMD,1,5,165,0.7151515151515152,0.7565858585858586,0.9452351072067502,0.9756550826983834,0.7990984530273537,0
level,RUB_AMD,10,5,180,0.42777777777777776,0.45007407407407407,0.9504608294930875,0.975487743871936,0.6206896551724137,0
reversal,RUB_AMD,3,5,103,0.6504854368932039,0.6072815533980582,1.071143085531575,0.9748589020010262,0.7109004739336493,2
seasonality,RUB_TJS,10,5,191,0.45549738219895286,0.45221640488656195,1.007255325717814,0.9740259740259739,0.9138381201044385,1
reversal,RUB_KZT,1,5,135,0.7333333333333333,0.7449382716049381,0.9844216108717271,0.9738053898996001,0.8158508158508159,0
reversal,RUB_AMD,1,5,115,0.808695652173913,0.7732173913043477,1.045883940620783,0.9729729729729732,0.8782201405152226,0
level,RUB_KGS,20,5,178,0.34831460674157305,0.35531835205992507,0.9802888162749026,0.9723788049605413,0.5410279531109109,1
seasonality,RUB_UZS,3,5,171,0.5263157894736842,0.5638206627680312,0.9334808463559673,0.9721847150958681,0.6696428571428571,0
seasonality,RUB_KGS,20,5,187,0.3315508021390374,0.3239572192513369,1.0234400792340705,0.9718172983479105,0.8224185196466646,1
momentum,RUB_AMD,3,5,209,0.5406698564593302,0.5984370015948963,0.903469964287618,0.9716185118895423,0.6835351960666747,0
level,RUB_KGS,10,5,176,0.4375,0.45424242424242417,0.96314209472982,0.9710982658959536,0.4698512137823023,0
momentum,RUB_TJS,1,5,208,0.7451923076923077,0.7712980769230768,0.966153462569345,0.9705596894208997,0.88553624139062,0
reversal,RUB_KZT,5,5,135,0.5037037037037037,0.48997530864197525,1.0280185446482564,0.969143366380751,0.8319467554076538,2
seasonality,RUB_KZT,3,5,173,0.5086705202312138,0.5343545279383429,0.9519345184437313,0.9672796751850968,0.7729966503478485,0
momentum,RUB_TJS,10,5,210,0.4142857142857143,0.4403968253968254,0.9407100378446568,0.9654994850669413,0.7874015748031495,0
seasonality,RUB_UZS,1,5,164,0.7317073170731707,0.748211382113821,0.9779419754427906,0.9651945013161745,0.8483290488431875,0
seasonality,RUB_UZS,5,5,202,0.504950495049505,0.532821782178218,0.9476911641735574,0.9651202167287504,0.8150591888220452,0
reversal,RUB_KGS,5,5,105,0.5428571428571428,0.5259365079365078,1.0321723908975675,0.9609784507862552,0.8655510675129833,1
level,RUB_TJS,10,5,171,0.42105263157894735,0.4322417153996101,0.9741138270046,0.9603072983354674,0.29296875000000006,0
momentum,RUB_KZT,20,5,210,0.2571428571428571,0.2634444444444444,0.9760800144604447,0.96,0.8571428571428571,1
seasonality,RUB_KZT,1,5,186,0.6935483870967742,0.7165412186379928,0.9679113623289899,0.9554140127388534,0.8482563619227146,0
momentum,RUB_UZS,5,5,179,0.46368715083798884,0.5100372439478584,0.9091241009164264,0.952683391552874,0.7912957467853611,0
momentum,RUB_UZS,1,5,206,0.6990291262135923,0.7364724919093851,0.9491585006811091,0.9505409582689337,0.8670520231213874,0
level,RUB_KZT,20,5,129,0.27906976744186046,0.2852454780361757,0.9783494881782769,0.9503068699267471,0.3851091142490372,2
momentum,RUB_KGS,3,5,209,0.5550239234449761,0.5921850079744815,0.9372475087530302,0.9495340249692281,0.8727548697192008,0
momentum,RUB_TJS,5,5,223,0.5201793721973094,0.5534379671150971,0.9399054692775153,0.9474067776023322,0.8971846962978242,0
level,RUB_KGS,3,5,159,0.5974842767295597,0.6244444444444444,0.9568253541932452,0.9426339886883921,0.6644518272425249,1
seasonality,RUB_TJS,3,5,192,0.578125,0.6127083333333333,0.9435566133968039,0.9398659820729265,0.678391959798995,1
momentum,RUB_KGS,1,5,216,0.7129629629629629,0.7592746913580247,0.9390053047702281,0.9377791009228937,0.8882309400444116,0
momentum,RUB_TJS,3,5,207,0.5700483091787439,0.6169565217391305,0.9239683658288308,0.9357941252924357,0.8466603951081844,0
reversal,RUB_AMD,20,5,169,0.3609467455621302,0.37092702169625247,0.9730936935020739,0.9339669015238409,0.625,1
momentum,RUB_TJS,20,5,207,0.3333333333333333,0.35314009661835744,0.9439124487004105,0.9331950822100429,0.8027829810008027,0
seasonality,RUB_KZT,5,5,151,0.47019867549668876,0.47401766004415014,0.9919433707446561,0.9318377911993098,0.8310249307479225,1
reversal,RUB_UZS,1,5,151,0.7152317880794702,0.7530242825607063,0.9498123827392121,0.9296148738379815,0.6980351602895553,1
momentum,RUB_AMD,5,5,222,0.4774774774774775,0.5368468468468469,0.8894109749958046,0.9293680297397772,0.7306183195778648,0
level,RUB_UZS,1,5,178,0.6853932584269663,0.7511235955056179,0.9124906507105461,0.9290802105915145,0.6097560975609756,0
level,RUB_TJS,20,5,158,0.34177215189873417,0.3310759493670886,1.0323073982030204,0.9276437847866421,0.7780082987551867,1
level,RUB_KZT,1,5,141,0.6453900709219859,0.712434988179669,0.9058932837801965,0.9254158863060481,0.6570302233902761,0
reversal,RUB_KZT,3,5,140,0.55,0.5353095238095238,1.0274429569007697,0.9229853116315999,0.7338551859099804,2
seasonality,RUB_AMD,20,5,193,0.29533678756476683,0.31708117443868733,0.9314232801350838,0.9228402973596516,0.7177033492822967,0
momentum,RUB_AMD,10,5,214,0.3925233644859813,0.4220716510903427,0.9299922500645826,0.9211873080859774,0.8453879391320683,0
level,RUB_KGS,1,5,179,0.7206703910614525,0.7872998137802608,0.9153696958228864,0.9197751660705161,0.5701254275940706,0
level,RUB_KGS,5,5,184,0.4945652173913043,0.5540217391304347,0.8926819697861488,0.9188846641318125,0.7183478000598624,0
level,RUB_AMD,3,5,180,0.5555555555555556,0.6293148148148149,0.8827943383456434,0.9185723854176634,0.49696300386526776,0
level,RUB_UZS,10,5,173,0.34104046242774566,0.35138728323699425,0.9705543674946536,0.9146341463414637,0.8498583569405098,0
momentum,RUB_AMD,1,5,217,0.6866359447004609,0.7614592933947774,0.9017369026245183,0.9071056610112547,0.8165487207403376,0
reversal,RUB_AMD,5,5,135,0.5185185185185185,0.5544197530864198,0.9352453905762892,0.9015777610818934,0.5347593582887701,1
momentum,RUB_UZS,3,5,202,0.5148514851485149,0.5602145214521452,0.9190255972193584,0.8965929468021517,0.7677543186180422,0
level,RUB_AMD,1,5,184,0.7065217391304348,0.7892572463768117,0.8951729520049578,0.8891084218325512,0.7900677200902932,0
level,RUB_TJS,3,5,158,0.569620253164557,0.6263502109704641,0.9094277341776417,0.8841144595493867,0.6526468455402465,0
level,RUB_TJS,1,5,186,0.7365591397849462,0.7950716845878136,0.9264059506367632,0.8833633240634714,0.6723442402510087,0
level,RUB_UZS,5,5,196,0.47959183673469385,0.533860544217687,0.8983466598706636,0.8830950378469303,0.6378454996456414,0
level,RUB_KZT,5,5,179,0.46368715083798884,0.4975232774674116,0.931990867238088,0.8784213876511777,0.6691449814126395,0
level,RUB_KZT,3,5,176,0.5,0.5509848484848485,0.907465970026124,0.8725761772853184,0.7512520868113522,0
seasonality,RUB_AMD,5,5,147,0.46938775510204084,0.5295238095238095,0.8864337101747174,0.864709061430373,0.566393958464443,1
momentum,RUB_AMD,20,5,181,0.27624309392265195,0.3572007366482504,0.7733553309960818,0.8625196027182438,0.5583756345177665,0
level,RUB_UZS,3,5,177,0.5141242937853108,0.5906591337099811,0.8704246907282236,0.861597374179431,0.4369992716678805,0
momentum,RUB_KGS,5,5,218,0.4724770642201835,0.5362996941896024,0.8809944688373154,0.8615738081562322,0.8142217397204506,0
level,RUB_AMD,5,5,180,0.5111111111111111,0.566425925925926,0.9023441331284531,0.8565310492505354,0.5772931366260422,0
level,RUB_TJS,5,5,156,0.5,0.5640384615384615,0.8864643709512445,0.8344923504867873,0.45592705167173253,0
seasonality,RUB_AMD,3,5,138,0.5072463768115942,0.5815458937198067,0.8722379132746305,0.7900280898876404,0.6489493201483313,1
