corridor,horizon_days,test_year,train_rows,validation_rows,test_rows,threshold,validation_auc,test_auc,signals,signals_per_week,signal_hit_rate,random_hit_rate,random_hit_rate_ci_low,random_hit_rate_ci_high,lift,future_regret_bps_mean,moment_advantage_bps_mean,moment_advantage_bps_ci_low,moment_advantage_bps_ci_high
RUB_TJS,1,2022,1067,246,246,0.9370293244181742,0.6652330743618202,0.6415127070864776,4,0.07909604519774012,1.0,0.8266666666666667,0.5,1.0,1.2096774193548387,0.0,7.07235333545,-21.308494601683957,35.453201272583954
RUB_TJS,1,2023,1314,245,247,0.8235465921905283,0.6434676434676435,0.6241956241956242,41,0.8107344632768362,0.9024390243902439,0.7950406504065041,0.7073170731707317,0.8780487804878049,1.135085387053891,15.49533607025122,3.78113860157805,-6.181648340639979,13.74392554379608
RUB_TJS,1,2024,1560,247,248,0.868940466525441,0.6138996138996139,0.6240523264456667,47,0.9293785310734464,0.9787234042553191,0.8470212765957448,0.7659574468085106,0.9148936170212766,1.1554885707108764,1.9753033115595746,4.924280406844682,-4.4140142325806675,14.262575046270031
RUB_TJS,1,2025,1808,248,247,0.8943797586499477,0.650810167979783,0.6186730506155951,48,0.9464788732394366,0.9791666666666666,0.7668055555555556,0.6875,0.8541666666666666,1.2769425828654228,3.0568609714208335,-2.529867856739583,-9.899414959226393,4.8396792457472255
RUB_TJS,1,2026,2056,246,160,0.8992583021359789,0.6562034597319281,0.6287407407407407,31,0.9393939393939394,1.0,0.8155913978494624,0.7096774193548387,0.9354838709677419,1.2261041529334211,1.5779626248290324,-3.319619526793549,-12.935717957272756,6.296478903685658
RUB_TJS,3,2022,1064,244,246,0.8156630019596919,0.643829224667548,0.6409127843986999,4,0.07909604519774012,1.0,0.44416666666666665,0.0,0.75,2.25140712945591,0.0,223.53777958995002,-193.86850646582636,640.9440656457264
RUB_TJS,3,2023,1311,243,247,0.7285220855646849,0.6316228619107217,0.584023464458247,32,0.632768361581921,0.84375,0.7164583333333333,0.625,0.8125,1.1776679267228847,23.015925200528127,16.743785808546875,1.6761572737595998,31.81141434333415
RUB_TJS,3,2024,1557,245,248,0.7725365145816705,0.6156354662436101,0.6366366366366366,34,0.672316384180791,0.8823529411764706,0.6755882352941178,0.5727941176470589,0.7801470588235286,1.3060513713539394,14.541977013120588,13.430815915320592,-3.1709573652975838,30.03258919593877
RUB_TJS,3,2025,1805,247,247,0.7730577891484038,0.6431159420289855,0.7008130081300813,43,0.847887323943662,0.8604651162790697,0.6055813953488373,0.5116279069767442,0.7209302325581395,1.4208909370199692,26.819534533127914,1.3334592486279069,-12.771291070087983,15.438209567343797
RUB_TJS,3,2026,2054,245,159,0.8119568195903407,0.7187640281310789,0.6504409171075838,26,0.7982456140350878,0.8461538461538461,0.5579487179487178,0.4230769230769231,0.7124999999999991,1.516544117647059,18.38181962279615,2.6245487774500016,-13.378664534093236,18.62776208899324
RUB_TJS,5,2022,1063,243,246,0.5712356757264306,0.5059440559440559,0.5801627737709257,2,0.03954802259887006,0.5,0.6466666666666666,0.0,1.0,0.7731958762886598,212.7534095926,150.6267774003,-135.96631138016,437.21986618076
RUB_TJS,5,2023,1309,241,247,0.5027313314139858,0.5589655172413793,0.5029563932002956,30,0.5932203389830508,0.6333333333333333,0.6892222222222222,0.5666666666666667,0.8,0.9189102047396421,79.10055629042667,-1.463718068646668,-21.73537276422212,18.807936626928786
RUB_TJS,5,2024,1554,243,248,0.6193860632447423,0.5077956159308429,0.574662285505659,28,0.5536723163841808,0.7857142857142857,0.5973809523809525,0.4642857142857143,0.7142857142857143,1.315265045834994,47.623650833099994,10.349339495921427,-11.331153105389689,32.02983209723254
RUB_TJS,5,2025,1802,245,247,0.6287340747308052,0.6142347166443552,0.617860440575122,25,0.49295774647887325,0.6,0.5045333333333334,0.4,0.64,1.1892177589852007,59.055582617232005,-6.625043719408,-26.65527206281839,13.405184624002393
RUB_TJS,5,2026,2051,244,158,0.5924833206436051,0.6294197031039136,0.6953213534078031,26,0.8017621145374448,0.6538461538461539,0.4608974358974359,0.34615384615384615,0.5769230769230769,1.4186369958275382,49.01176259552692,18.37467136403461,-7.19530584154624,43.94464856961547
RUB_TJS,10,2022,1054,239,246,0.401874242197984,0.46634615384615385,0.5758241758241758,16,0.3163841807909605,0.4375,0.21020833333333333,0.0625,0.375,2.0812685827552033,422.93775442949374,57.94899205316876,-60.39101330233047,176.288997408668
RUB_TJS,10,2023,1301,238,247,0.34819589498248443,0.5438075664154678,0.5376984126984127,40,0.7909604519774012,0.625,0.5460833333333334,0.45,0.625,1.1445139630703494,104.28689832273251,13.276737732045001,-20.0114790803768,46.5649545444668
RUB_TJS,10,2024,1547,240,248,0.4582364433563903,0.5549141087017742,0.5291399907596859,40,0.7909604519774012,0.55,0.5182500000000001,0.436875,0.6,1.0612638687891942,109.7597776631375,-0.3416883886899981,-23.05859299071572,22.375216213335722
RUB_TJS,10,2025,1795,242,247,0.4937643306531201,0.5640706126687435,0.6217957412179574,25,0.49295774647887325,0.48,0.37639999999999996,0.28,0.48,1.275239107332625,120.133496566516,-7.660519661896002,-40.54322969299304,25.22219036920103
RUB_TJS,10,2026,2044,240,154,0.42836191058041023,0.6330123598735269,0.6801289665705074,29,0.918552036199095,0.5172413793103449,0.4172413793103449,0.3103448275862069,0.5172413793103449,1.2396694214876032,102.59656590891726,27.998783034517245,-6.196495654385849,62.19406172342034
RUB_TJS,20,2022,1041,233,246,0.4155764045421381,0.5045787545787546,0.5716329966329966,1,0.01977401129943503,0.0,0.5566666666666666,0.0,1.0,0.0,2013.0151552311,-541.648448834,-541.648448834,-541.648448834
RUB_TJS,20,2023,1288,231,247,0.017869265887944682,0.5290448343079922,0.5157133464825773,51,1.0084745762711864,0.4117647058823529,0.44274509803921575,0.37254901960784315,0.5098039215686274,0.9300265721877766,182.05270752146865,-10.209087472249017,-60.54998993062168,40.13181498612364
RUB_TJS,20,2024,1533,232,248,0.34939670379283105,0.5712798393693761,0.4419346266276907,21,0.4152542372881356,0.2857142857142857,0.38063492063492066,0.2857142857142857,0.47619047619047616,0.750625521267723,221.69926265642383,31.354327254485717,-16.960001999907092,79.66865650887853
RUB_TJS,20,2025,1780,234,247,0.33519427917636985,0.49279560308972076,0.7442490962865593,34,0.6704225352112676,0.4411764705882353,0.33990196078431373,0.23529411764705882,0.4272058823529405,1.2979521199884625,215.65278341403825,38.697789841950005,-18.880374288233106,96.27595397213312
RUB_TJS,20,2026,2029,233,147,0.3453852666930682,0.719560878243513,0.7590081363812475,22,0.7264150943396227,0.5909090909090909,0.2545454545454545,0.13636363636363635,0.36363636363636365,2.3214285714285716,100.15288691685458,65.16424941889547,19.216692642786512,111.11180619500442
RUB_UZS,1,2022,1067,247,247,0.9444335270618055,0.6203625035400736,0.6252400768245838,16,0.3163841807909605,0.9375,0.599375,0.375,0.75,1.5641293013555788,18.69831053754375,26.36945494499375,-1.9820240969661533,54.72093398695365
RUB_UZS,1,2023,1315,246,247,0.9328458628469508,0.6079678068410462,0.6323344245781919,24,0.4745762711864407,0.9583333333333334,0.8322222222222223,0.75,0.9166666666666666,1.151535380507343,6.812298160904167,-9.5865330599125,-17.68088790602937,-1.4921782137956292
RUB_UZS,1,2024,1562,247,248,0.8350208674914341,0.6461848400906572,0.7178394722374931,49,0.9689265536723164,0.8571428571428571,0.831360544217687,0.7551020408163265,0.9183673469387755,1.0310121921283038,24.816700951532656,-3.3541719660081633,-12.557665443014196,5.84932151099787
RUB_UZS,1,2025,1810,248,247,0.8826644236442458,0.7247113798790544,0.6696802276912774,48,0.9464788732394366,0.9375,0.6613888888888889,0.5625,0.7708333333333334,1.4174716505669887,9.533982846964584,-2.573769567297917,-11.488565568891877,6.341026434296042
RUB_UZS,1,2026,2058,246,159,0.9201716627390472,0.6688552188552188,0.6489415322580645,29,0.8787878787878788,0.9655172413793104,0.7655172413793103,0.6206896551724138,0.896551724137931,1.2612612612612613,4.540813410713793,-7.034600398637931,-16.99328913668095,2.9240883394050865
RUB_UZS,3,2022,1064,245,247,0.7975617493078295,0.6210661528580603,0.6330299432792508,21,0.4152542372881356,0.6190476190476191,0.3098412698412698,0.1654761904761905,0.47619047619047616,1.9979508196721314,91.93983841406191,8.952755932333336,-20.17429640885857,38.079808273525245
RUB_UZS,3,2023,1312,244,247,0.674833983680171,0.6141098484848485,0.6331360946745562,41,0.8107344632768362,0.7804878048780488,0.6908943089430893,0.5853658536585366,0.7804878048780488,1.129677571193222,35.242631765748776,10.913040534760976,-4.38657178543593,26.21265285495788
RUB_UZS,3,2024,1559,245,248,0.698434721729402,0.6281077348066298,0.6817221135029354,50,0.9887005649717514,0.78,0.6397999999999999,0.54,0.72,1.2191309784307598,30.091674105665998,-2.600424451228,-18.418814094745844,13.217965192289842
RUB_UZS,3,2025,1807,247,247,0.8410087928302384,0.6861911509998425,0.6184913217623498,26,0.5126760563380282,0.6923076923076923,0.45769230769230773,0.3076923076923077,0.6153846153846154,1.5126050420168065,28.307309557934612,-4.31660440201923,-21.463648730239406,12.830439926200945
RUB_UZS,3,2026,2056,245,158,0.8636185114870514,0.6207503724773128,0.5822476984540559,6,0.1842105263157895,0.6666666666666666,0.44,0.16666666666666666,0.8333333333333334,1.5151515151515151,39.31614060248333,-29.764630977266663,-53.04572242887276,-6.483539525660568
RUB_UZS,5,2022,1063,244,247,0.5837362828996578,0.4826826413275494,0.5061418570862501,22,0.43502824858757067,0.5,0.26136363636363635,0.13636363636363635,0.4090909090909091,1.9130434782608696,155.61199691346818,20.43469613580909,-38.25657449210332,79.1259667637215
RUB_UZS,5,2023,1310,242,247,0.0055844633115794155,0.4649449035812672,0.5574895276614185,51,1.0084745762711864,0.5490196078431373,0.6166666666666667,0.5490196078431373,0.7058823529411765,0.890302066772655,92.65655837746668,-10.50463782344314,-33.12861481885656,12.119339171970285
RUB_UZS,5,2024,1556,243,248,0.5751062330054468,0.5606927710843373,0.6046559823155567,38,0.7514124293785311,0.631578947368421,0.5535087719298246,0.4473684210526316,0.6578947368421053,1.1410459587955624,46.34072467806579,-18.0233638159079,-33.45991114313185,-2.5868164886839473
RUB_UZS,5,2025,1804,245,247,0.616565141013922,0.6176553473298577,0.5195652173913043,25,0.49295774647887325,0.52,0.4066666666666667,0.28,0.52,1.278688524590164,73.928371661124,-20.443239674727998,-41.63497315352686,0.7484938040708577
RUB_UZS,5,2026,2053,244,157,0.6402989631984461,0.5192099567099567,0.5708126036484246,5,0.1541850220264317,0.6,0.3566666666666667,0.2,0.6,1.6822429906542054,24.394386354279998,-14.40954195804,-46.47873221583842,17.659648299758416
RUB_UZS,10,2022,1054,240,247,0.3532253214647972,0.4498640893989731,0.47646138529369936,30,0.5932203389830508,0.26666666666666666,0.202,0.1,0.3,1.3201320132013201,391.20847316703333,39.04740539750333,-31.192196532402868,109.28700732740953
RUB_UZS,10,2023,1302,239,247,3.4293370260369224e-05,0.4496124031007752,0.5827092366311917,51,1.0084745762711864,0.43137254901960786,0.4815032679738563,0.4117647058823529,0.5490196078431373,0.8958870639337586,143.33602314779216,-10.006015436972552,-42.96640728404577,22.954376410100664
RUB_UZS,10,2024,1549,240,248,0.38154319090831446,0.6026785714285714,0.6433775696070778,44,0.8700564971751413,0.5,0.4708333333333333,0.36363636363636365,0.5454545454545454,1.0619469026548674,98.33559156580682,-5.444437023911362,-27.79419654003232,16.905322492209596
RUB_UZS,10,2025,1797,242,247,0.5423649658746063,0.6502015440322471,0.5327777777777778,1,0.019718309859154928,0.0,0.7633333333333333,0.0,1.0,0.0,106.4590267262,-106.7056862101,-106.7056862101,-106.7056862101
RUB_UZS,10,2026,2046,240,153,0.34586711528222475,0.5347127222982216,0.592502603262756,30,0.9502262443438914,0.4,0.3897777777777778,0.3,0.4666666666666667,1.0262257696693273,132.0192519731767,12.77363827329,-19.05174417312199,44.59902071970199
RUB_UZS,20,2022,1041,234,247,0.18228107657758658,0.38608695652173913,0.4872881355932203,35,0.692090395480226,0.17142857142857143,0.14352380952380953,0.08571428571428572,0.22857142857142856,1.19442601194426,439.86341218463997,99.98592457494856,-8.06494557036973,208.03679472026684
RUB_UZS,20,2023,1289,232,247,0.0011073759004434972,0.441025641025641,0.6161548731642189,51,1.0084745762711864,0.35294117647058826,0.41091503267973856,0.3333333333333333,0.49019607843137253,0.8589152218864324,197.92017362242746,-7.693736392658823,-57.02173935638883,41.63426657107119
RUB_UZS,20,2024,1535,232,248,0.20563273218876138,0.6463800904977376,0.5855263157894737,53,1.0480225988700564,0.33962264150943394,0.37182389937106924,0.3018867924528302,0.4339622641509434,0.9133964817320701,170.10611710474717,9.438074011758491,-18.83532067579582,37.7114686993128
RUB_UZS,20,2025,1782,234,247,0.2864496733278088,0.6209868069854343,0.4878375592661307,35,0.6901408450704225,0.2,0.21685714285714283,0.12785714285714286,0.3142857142857143,0.9222661396574442,273.27071949910567,-25.79584270996286,-68.4140206379853,16.82233521805959
RUB_UZS,20,2026,2031,233,146,0.2491419861984839,0.5225528946756568,0.6024096385542169,25,0.8254716981132075,0.48,0.31479999999999997,0.2,0.44,1.5247776365946635,167.808348719228,34.112065063496,-15.382667744480955,83.60679787147295
RUB_KGS,1,2022,1067,247,247,0.9551640744311837,0.6323344245781919,0.6809951188789167,3,0.059322033898305086,1.0,0.8933333333333333,0.6666666666666666,1.0,1.119402985074627,0.0,-2.944754724633333,-11.745076495246213,5.855567045979548
RUB_KGS,1,2023,1315,246,247,0.5750606033913176,0.7126454984559347,0.6121883656509696,49,0.9689265536723164,0.8367346938775511,0.7897278911564626,0.7142857142857143,0.8571428571428571,1.0595227840468602,24.832901494153056,-0.15115859914489752,-7.644137374905269,7.341820176615474
RUB_KGS,1,2024,1562,247,248,0.8545581978320991,0.619743137748678,0.6555045871559633,49,0.9689265536723164,0.9387755102040817,0.857891156462585,0.7959183673469388,0.9183673469387755,1.094282769011181,9.161476124259183,4.660790286563265,-4.34318543148284,13.664766004609369
RUB_KGS,1,2025,1810,248,247,0.9182050067957731,0.674006116207951,0.6267021276595744,47,0.9267605633802817,1.0,0.7329787234042553,0.6382978723404256,0.8297872340425532,1.3642960812772134,0.23529219832978723,-0.6844648657489362,-7.599424912336217,6.2304951808383455
RUB_KGS,1,2026,2058,246,161,0.9062679457210376,0.646637442531808,0.631908831908832,31,0.9393939393939394,1.0,0.8043010752688172,0.7096774193548387,0.9354838709677419,1.2433155080213902,1.7161358671806453,-1.8594424965064518,-11.948818310712651,8.229933317699748
RUB_KGS,3,2022,1064,245,247,0.9197260264850636,0.6334090909090909,0.6642335766423357,0,0.0,,,,,,,,,
RUB_KGS,3,2023,1312,244,247,0.7696206331377085,0.673338779956427,0.5748910200523104,27,0.5338983050847458,0.8888888888888888,0.7409876543209877,0.6296296296296297,0.8518518518518519,1.1996001332889037,12.987467352266666,26.474584923855556,9.97063967004809,42.97853017766302
RUB_KGS,3,2024,1559,245,248,0.8035553211530908,0.5799180327868853,0.6254578754578755,28,0.5536723163841808,0.8571428571428571,0.6597619047619048,0.5357142857142857,0.7857142857142857,1.2991699747383616,15.2502531431,15.814390569028575,1.1750278754584738,30.453753262598674
RUB_KGS,3,2025,1807,247,247,0.762487437628315,0.6315084547128746,0.698478168112644,48,0.9464788732394366,0.75,0.5510416666666667,0.4583333333333333,0.6458333333333334,1.3610586011342156,41.39269514693749,12.364939868539585,-3.1694202333613397,27.89929997044051
RUB_KGS,3,2026,2056,245,160,0.7660832828953337,0.70980985306828,0.6394805194805194,32,0.9824561403508772,0.8125,0.5891666666666666,0.46875,0.6875,1.3790664780763793,25.94374232799375,-8.123583586590625,-25.30374791704194,9.056580743860687
RUB_KGS,5,2022,1063,244,247,0.7657289696648125,0.5220001364349547,0.6036851142517501,1,0.01977401129943503,0.0,0.5066666666666667,0.0,1.0,0.0,723.3334873193,141.4217861922,141.4217861922,141.4217861922
RUB_KGS,5,2023,1310,242,247,0.5176639325341013,0.5921487603305785,0.49985218033998524,24,0.4745762711864407,0.6666666666666666,0.705,0.5833333333333334,0.8333333333333334,0.9456264775413712,71.11938551335834,10.018685767233334,-15.476859203418359,35.51423073788503
RUB_KGS,5,2024,1556,243,248,0.5824175949971064,0.5252392713800556,0.5482244318181818,27,0.5338983050847458,0.7777777777777778,0.5923456790123457,0.48148148148148145,0.7037037037037037,1.3130471029595665,53.101048407870366,33.85325722440741,1.3115354798236112,66.39497896899121
RUB_KGS,5,2025,1804,245,247,0.5700484405673145,0.5830920671685003,0.6501312335958005,45,0.8873239436619718,0.5111111111111111,0.4987407407407407,0.41055555555555556,0.6,1.024803208079608,100.55195944988444,9.969906100164444,-9.337445281409039,29.277257481737927
RUB_KGS,5,2026,2053,244,159,0.643039289154239,0.6583333333333333,0.6344605475040258,25,0.7709251101321586,0.76,0.4596,0.32,0.6,1.6536118363794603,51.124991915472,-6.356452072263998,-29.89132061615485,17.178416471626853
RUB_KGS,10,2022,1054,240,247,0.6247236060736665,0.5280898876404494,0.6042043399638336,0,0.0,,,,,,,,,
RUB_KGS,10,2023,1302,239,247,0.3752331615320737,0.5517886178861788,0.4777777777777778,20,0.3954802259887006,0.4,0.6503333333333333,0.5,0.75,0.6150691952844696,132.72320330272998,54.03807284836499,9.255704486283108,98.82044121044687
RUB_KGS,10,2024,1549,240,248,0.10662703551190235,0.4561391157420445,0.5135530162104703,54,1.0677966101694916,0.5185185185185185,0.545679012345679,0.48148148148148145,0.5925925925925926,0.9502262443438915,115.60623524482962,2.4198838418444466,-24.388291156041102,29.228058839729993
RUB_KGS,10,2025,1797,242,247,0.4500018572102868,0.5337931995540691,0.579382183908046,31,0.6112676056338028,0.22580645161290322,0.33526881720430113,0.22580645161290322,0.45161290322580644,0.6735086593970493,201.12537099193227,-17.07230496238064,-44.38469859049791,10.240088665736629
RUB_KGS,10,2026,2046,240,155,0.5163976769722469,0.5928724053724054,0.5490294511378849,16,0.5067873303167421,0.5625,0.32166666666666666,0.1875,0.5,1.7487046632124352,87.1449201610125,19.42247697018125,-16.818307927951054,55.663261868313555
RUB_KGS,20,2022,1041,234,247,0.525390198647644,0.5080459770114942,0.674978204010462,0,0.0,,,,,,,,,
RUB_KGS,20,2023,1289,232,247,0.1596246519537815,0.6415381493506493,0.5079438025210085,24,0.4745762711864407,0.5,0.6266666666666667,0.5,0.75,0.7978723404255319,140.62568159983752,70.69941684287916,17.13196141298041,124.2668722727779
RUB_KGS,20,2024,1535,232,248,0.28514196826872923,0.5716833890746934,0.49640287769784175,29,0.5734463276836158,0.4482758620689655,0.3632183908045977,0.27586206896551724,0.4827586206896552,1.2341772151898733,146.99413484812757,48.00096951583793,13.300782758414869,82.70115627326099
RUB_KGS,20,2025,1782,234,247,0.32572295176336374,0.4894795127353267,0.5711323476379373,37,0.7295774647887324,0.1891891891891892,0.2556756756756757,0.17500000000000002,0.32432432432432434,0.7399577167019028,306.0539602392325,5.808947333367566,-35.342287870663355,46.96018253739848
RUB_KGS,20,2026,2031,233,148,0.41916477072009545,0.5417663476874003,0.5682663690476191,12,0.39622641509433965,0.5833333333333334,0.31166666666666665,0.16666666666666666,0.4166666666666667,1.8716577540106953,168.55187056775,79.05835078155,7.0100126994754675,151.10668886362453
RUB_AMD,1,2022,1066,246,247,0.9412339363926302,0.6963592233009709,0.6208126036484245,5,0.09887005649717515,1.0,0.7893333333333333,0.4,1.0,1.2668918918918919,0.0,34.4015113453,-15.722221048151702,84.5252437387517
RUB_AMD,1,2023,1313,246,247,0.7467970127372924,0.6140248478278996,0.5657051282051282,44,0.8700564971751413,0.8409090909090909,0.7781060606060606,0.6818181818181818,0.8636363636363636,1.0807126862038752,24.74379255233182,8.250139541847727,-1.9560022757171822,18.456281359412635
RUB_AMD,1,2024,1560,247,248,0.8754030601805632,0.5892504930966469,0.6270254199494574,48,0.9491525423728814,1.0,0.8525694444444445,0.7916666666666666,0.9166666666666666,1.1729249816730472,0.9931369464916667,-2.7851099992187502,-10.834827776315118,5.264607777877616
RUB_AMD,1,2025,1808,248,247,0.8855881264795363,0.6421881968187899,0.6641929499072357,48,0.9464788732394366,1.0,0.7255555555555555,0.6140625,0.8125,1.3782542113323124,0.9095509879083332,3.7134437485125,-3.5887042547399437,11.015591751764944
RUB_AMD,1,2026,2056,246,161,0.8813048042083397,0.678338340412307,0.5772079772079772,32,0.9696969696969697,0.96875,0.8111458333333333,0.6875,0.9375,1.194298189289842,3.59371554000625,4.063519766425,-5.559634602135934,13.686674134985935
RUB_AMD,3,2022,1063,244,247,0.8922326811334175,0.6630639097744361,0.5994915027432088,0,0.0,,,,,,,,,
RUB_AMD,3,2023,1310,244,247,0.5749250144855624,0.5973214285714286,0.5577599196383727,33,0.652542372881356,0.7878787878787878,0.7522222222222223,0.6666666666666666,0.8484848484848485,1.0474016382435878,35.4690392062303,25.954434403748483,5.712441432204638,46.19642737529233
RUB_AMD,3,2024,1557,245,248,0.7681717333119857,0.5934188034188034,0.5793444328824141,39,0.7711864406779662,0.9230769230769231,0.6936752136752138,0.5897435897435898,0.7948717948717948,1.3307047806801378,7.047280456925641,8.868545108651283,-5.015462614282059,22.752552831584623
RUB_AMD,3,2025,1805,247,247,0.77491177353327,0.594768962510898,0.7323399558498896,42,0.828169014084507,0.8095238095238095,0.528888888888889,0.40476190476190477,0.6553571428571423,1.5306122448979589,27.64567760037619,6.751596243323811,-6.716039469450149,20.219231956097772
RUB_AMD,3,2026,2054,245,160,0.8781416054595204,0.7378355704697986,0.6357258499730167,4,0.12280701754385966,0.75,0.5591666666666667,0.25,0.75,1.3412816691505216,20.4713573026,-26.124279440675,-40.728821348250115,-11.519737533099887
RUB_AMD,5,2022,1062,243,247,0.7521927332341143,0.6117522871217452,0.5727893837866246,1,0.01977401129943503,0.0,0.49,0.0,1.0,0.0,158.7966727125,395.8748114713,395.8748114713,395.8748114713
RUB_AMD,5,2023,1308,242,247,0.00038269297529766664,0.5350222526532009,0.4918930762489045,51,1.0084745762711864,0.5882352941176471,0.6338562091503267,0.5490196078431373,0.7254901960784313,0.9280263971952982,96.29912888096666,-11.287718551733333,-35.09643487815257,12.520997774685904
RUB_AMD,5,2024,1554,243,248,0.5053881377306881,0.4932174973327237,0.4876962395034684,46,0.9096045197740114,0.6739130434782609,0.6571739130434783,0.5869565217391305,0.7391304347826086,1.0254713860403573,73.24790820195,2.000195734123912,-19.172648770370248,23.173040238618075
RUB_AMD,5,2025,1802,245,247,0.5539417889823369,0.5349546333482077,0.6752786885245902,45,0.8873239436619718,0.4888888888888889,0.46274074074074073,0.3438888888888889,0.5555555555555556,1.0565071234192411,70.07657822483999,12.654980833675555,-6.734558945733909,32.04452061308502
RUB_AMD,5,2026,2051,244,159,0.6881313599916519,0.6761008403361345,0.6537962362102531,16,0.49339207048458145,0.8125,0.465,0.3125,0.5953124999999986,1.7473118279569892,22.979261299775,0.4102115724750002,-22.633608563823973,23.45403170877397
RUB_AMD,10,2022,1053,239,247,0.5475089085786758,0.6305964912280702,0.5233868695407157,2,0.03954802259887006,0.0,0.63,0.0,1.0,0.0,732.7218519864999,98.77688686989998,-866.6888904661599,1064.24266420596
RUB_AMD,10,2023,1300,239,247,0.00010192577346131714,0.44355809753160746,0.4681878306878307,51,1.0084745762711864,0.5098039215686274,0.522156862745098,0.45098039215686275,0.5882352941176471,0.976342470897484,146.68002489770785,-10.638961007974508,-44.13638221181434,22.858460195865327
RUB_AMD,10,2024,1547,240,248,0.35150464385782143,0.5446353139960575,0.39402906556191225,49,0.9689265536723164,0.5102040816326531,0.5276190476190477,0.4489795918367347,0.6122448979591837,0.966993295513151,137.0691314175204,-10.98160549319592,-37.299506238519,15.336295252127163
RUB_AMD,10,2025,1795,242,247,0.46517233382292716,0.4327102159067393,0.6144939965694682,29,0.571830985915493,0.3103448275862069,0.292183908045977,0.1724137931034483,0.41379310344827586,1.0621557828481512,109.13075761371383,4.442541148565519,-25.38002225560328,34.265104552734314
RUB_AMD,10,2026,2044,240,155,0.5527486022998519,0.6359013282732447,0.5956029313790806,17,0.5384615384615384,0.5294117647058824,0.38941176470588235,0.29411764705882354,0.5294117647058824,1.3595166163141994,87.12235934380588,-18.12949023140588,-47.1526292107943,10.893648747982542
RUB_AMD,20,2022,1040,233,247,0.4150369174343851,0.5979746835443038,0.5217247097844113,2,0.03954802259887006,0.0,0.4866666666666667,0.0,1.0,0.0,845.44065192655,93.89287167699999,-577.4084988853399,765.1942422393399
RUB_AMD,20,2023,1287,232,247,6.313356253269632e-05,0.4470328827533314,0.4513687812582258,51,1.0084745762711864,0.43137254901960786,0.4574509803921568,0.39215686274509803,0.5294117647058824,0.9429918559794258,202.98803918148042,-8.16904127048431,-56.3097608296858,39.971678288717186
RUB_AMD,20,2024,1533,232,248,0.3138641721442641,0.4968394437420986,0.3992753623188406,28,0.5536723163841808,0.35714285714285715,0.3566666666666667,0.25,0.4642857142857143,1.0013351134846462,187.65277641477502,39.16342778391785,-9.152653402335538,87.47950897017122
RUB_AMD,20,2025,1780,234,247,0.28501646925939156,0.4032281839622642,0.6833160800552105,44,0.8676056338028169,0.3181818181818182,0.2460606060606061,0.18181818181818182,0.3181818181818182,1.2931034482758619,227.98876011798183,21.018817945429543,-20.675225790139653,62.71286168099874
RUB_AMD,20,2026,2029,233,148,0.41714717320227795,0.6844894026974951,0.7064425770308124,19,0.6273584905660378,0.631578947368421,0.2503508771929825,0.15789473684210525,0.3684210526315789,2.522775052557813,88.32651848007896,75.39010823633684,28.03428054939821,122.74593592327548
RUB_KZT,1,2022,1066,247,247,0.930505059797107,0.6892441860465116,0.6839796860572483,4,0.07909604519774012,1.0,0.9208333333333333,0.75,1.0,1.0859728506787332,0.0,-7.8755437742000005,-31.326046812179964,15.574959263779963
RUB_KZT,1,2023,1314,246,247,0.7830963079663211,0.6815015479876161,0.6864248317127898,44,0.8700564971751413,0.9090909090909091,0.6975,0.5909090909090909,0.7954545454545454,1.3033561420658195,21.544753511231814,3.3096686865772726,-10.040162797578827,16.659500170733374
RUB_KZT,1,2024,1561,247,248,0.8765357079284473,0.6653889304412864,0.6990384615384615,45,0.8898305084745763,0.9333333333333333,0.81,0.7216666666666667,0.8888888888888888,1.1522633744855966,10.744472423766666,-4.894432955551111,-12.30615319164983,2.517287280547608
RUB_KZT,1,2025,1809,248,247,0.8919877912892855,0.7090144230769231,0.5814595660749506,48,0.9464788732394366,0.9583333333333334,0.7091666666666666,0.625,0.8125,1.3513513513513515,5.186964322504167,-5.183804265364583,-14.249960322857387,3.8823517921282216
RUB_KZT,1,2026,2057,246,161,0.9264397229566994,0.5957573354480571,0.5713166144200627,23,0.696969696969697,1.0,0.7176811594202898,0.5652173913043478,0.8695652173913043,1.3933764135702749,0.0,-6.642741409530436,-21.13297111482626,7.847488295765385
RUB_KZT,3,2022,1063,245,247,0.8978232093614109,0.659189099368561,0.6466614193886921,0,0.0,,,,,,,,,
RUB_KZT,3,2023,1311,244,247,0.7905072981403813,0.6445714285714286,0.5892706872370267,28,0.5536723163841808,0.6785714285714286,0.5875,0.4642857142857143,0.7142857142857143,1.155015197568389,46.02817589621786,22.794599029539288,-1.3138349732700512,46.90303303234863
RUB_KZT,3,2024,1558,245,248,0.7721034454950952,0.6169366297243535,0.650402897907888,43,0.8502824858757062,0.813953488372093,0.6028682170542635,0.5116279069767442,0.6976744186046512,1.3501350135013503,26.654715446165117,7.277667167248838,-10.471898100182239,25.027232434679917
RUB_KZT,3,2025,1806,247,247,0.7374760402540389,0.6558084188606277,0.6061168384879725,48,0.9464788732394366,0.75,0.525,0.4375,0.625,1.4285714285714286,41.336618638335416,4.13513471460625,-13.5977468741447,21.868016303357198
RUB_KZT,3,2026,2055,245,160,0.7076564932571958,0.6235720256338813,0.5778017629069977,32,0.9824561403508772,0.75,0.6151041666666667,0.5,0.71875,1.2193056731583403,42.85525120472188,-12.739826302996875,-37.009454390930145,11.529801784936392
RUB_KZT,5,2022,1062,244,247,0.745366017283023,0.5733333333333334,0.5629107981220657,2,0.03954802259887006,0.0,0.7283333333333334,0.5,1.0,0.0,282.3231725628,180.3911305389,-97.36097901053196,458.14324008833194
RUB_KZT,5,2023,1309,242,247,0.646475855957163,0.5436974789915966,0.4996669331201705,14,0.2768361581920904,0.5,0.6002380952380952,0.42857142857142855,0.7142857142857143,0.8330027766759223,100.8201873261286,67.49483688419285,23.15297835387556,111.83669541451013
RUB_KZT,5,2024,1555,243,248,0.6027909074434558,0.5093651012257265,0.5618744614568834,33,0.652542372881356,0.6060606060606061,0.5167676767676768,0.42424242424242425,0.6060606060606061,1.1727912431587177,83.97922168257575,32.716974167887884,-8.667448642497895,74.10139697827367
RUB_KZT,5,2025,1803,245,247,0.5948271938431752,0.6065962345929838,0.5145099591082971,45,0.8873239436619718,0.5777777777777777,0.44866666666666666,0.3333333333333333,0.5555555555555556,1.2877662209014362,89.05678833875334,22.21526800238666,-7.3290788918170975,51.75961489659042
RUB_KZT,5,2026,2052,244,159,0.5876381526951733,0.5169003590056221,0.5166453265044815,25,0.7709251101321586,0.44,0.5074666666666667,0.36,0.64,0.8670520231213872,105.33355037397199,-21.735143412372,-52.36158189247473,8.891295067730727
RUB_KZT,10,2022,1053,240,247,0.5992455129578886,0.55306905370844,0.4677216186427334,17,0.3361581920903955,0.17647058823529413,0.1674509803921569,0.058823529411764705,0.29411764705882354,1.0538641686182668,537.5506836021588,215.6977190786882,71.23650886322332,360.1589292941531
RUB_KZT,10,2023,1301,239,247,0.0009208862158076372,0.44319526627218936,0.5017786561264822,51,1.0084745762711864,0.4117647058823529,0.4351633986928105,0.35294117647058826,0.5098039215686274,0.9462300991288674,151.80432475206666,-12.561151353998033,-52.926755751473735,27.804453043477665
RUB_KZT,10,2024,1548,240,248,0.4366919244128342,0.47933941885582887,0.5470337594231399,34,0.672316384180791,0.5,0.37245098039215685,0.29411764705882354,0.47058823529411764,1.3424585417215058,137.99329947207056,34.825859414711765,-12.190328496705355,81.84204732612889
RUB_KZT,10,2025,1796,242,247,0.40199173483187994,0.6038557213930348,0.5002291825821238,44,0.8676056338028169,0.2727272727272727,0.2887121212121212,0.20454545454545456,0.38636363636363635,0.9446339543426922,191.67090407449768,21.449333374525,-16.41562183020471,59.31428857925471
RUB_KZT,10,2026,2045,240,155,0.45293529541710015,0.5310159557147509,0.48231456043956045,17,0.5384615384615384,0.35294117647058826,0.3649019607843137,0.17647058823529413,0.5294117647058824,0.9672219236969373,191.24303273021178,10.851025299941178,-34.45621008476439,56.15826068464675
RUB_KZT,20,2022,1040,234,247,0.3526142675893153,0.4494561140285071,0.48352272727272727,16,0.3163841807909605,0.1875,0.16458333333333333,0.0625,0.3125,1.139240506329114,934.8636870670564,209.70621777241251,20.361167424853733,399.05126811997127
RUB_KZT,20,2023,1288,232,247,0.05503587620308561,0.5084531339850489,0.5072592795507465,28,0.5536723163841808,0.42857142857142855,0.5108333333333334,0.39285714285714285,0.6071428571428571,0.8389652761594033,168.95358328037145,64.94278224124285,2.9075311859693684,126.97803329651634
RUB_KZT,20,2024,1534,232,248,0.07722946857631685,0.5167173252279635,0.5816824576514499,53,1.0480225988700564,0.32075471698113206,0.3045283018867924,0.24528301886792453,0.37735849056603776,1.0532837670384139,219.11223113696042,1.10765189684528,-35.729995771334885,37.94529956502545
RUB_KZT,20,2025,1781,234,247,0.37103354626608626,0.6048831085933136,0.5034103410341034,18,0.3549295774647887,0.16666666666666666,0.07833333333333334,0.0,0.16666666666666666,2.127659574468085,324.49338314726106,55.186870277194444,-41.187140862144005,151.56088141653288
RUB_KZT,20,2026,2030,233,148,0.2187196525518386,0.5397796817625459,0.5618768328445748,28,0.9245283018867925,0.4642857142857143,0.34214285714285714,0.21428571428571427,0.4642857142857143,1.3569937369519833,209.11774045080713,55.73715762737858,0.906214006203264,110.56810124855389
