run_id,hypothesis_id,model_id,feature_set_id,target_id,strategy,outer_fold,test_year,is_partial_fold,universe_id,corridor,artifact_schema_version,evaluation_protocol_version,score_coverage_requested,score_coverage_realized,rows,hit_rate,mean_realized_regret_bps
20260906_h015_temporal_v3_implied_usd_rf,H015_compact_fx_decomposition,random_forest,full_market_with_fx_and_implied_usd,message_hit,pooled_with_corridor_thresholds,outer_2022,2022,False,10d14213e118585ccaa286e9,RUB_AMD,3,temporal_v3,0.01,0.012145748987854251,3,1.0,0.0
20260906_h015_temporal_v3_implied_usd_rf,H015_compact_fx_decomposition,random_forest,full_market_with_fx_and_implied_usd,message_hit,pooled_with_corridor_thresholds,outer_2022,2022,False,10d14213e118585ccaa286e9,RUB_AMD,3,temporal_v3,0.02,0.020242914979757085,5,1.0,0.0
20260906_h015_temporal_v3_implied_usd_rf,H015_compact_fx_decomposition,random_forest,full_market_with_fx_and_implied_usd,message_hit,pooled_with_corridor_thresholds,outer_2022,2022,False,10d14213e118585ccaa286e9,RUB_AMD,3,temporal_v3,0.05,0.05263157894736842,13,0.9230769230769231,14.786539441961539
20260906_h015_temporal_v3_implied_usd_rf,H015_compact_fx_decomposition,random_forest,full_market_with_fx_and_implied_usd,message_hit,pooled_with_corridor_thresholds,outer_2022,2022,False,10d14213e118585ccaa286e9,RUB_AMD,3,temporal_v3,0.1,0.10121457489878542,25,0.84,32.72341790546
20260906_h015_temporal_v3_implied_usd_rf,H015_compact_fx_decomposition,random_forest,full_market_with_fx_and_implied_usd,message_hit,pooled_with_corridor_thresholds,outer_2022,2022,False,10d14213e118585ccaa286e9,RUB_AMD,3,temporal_v3,0.2,0.20242914979757085,50,0.66,66.715363171484
20260906_h015_temporal_v3_implied_usd_rf,H015_compact_fx_decomposition,random_forest,full_market_with_fx_and_implied_usd,message_hit,pooled_with_corridor_thresholds,outer_2022,2022,False,10d14213e118585ccaa286e9,RUB_AMD,3,temporal_v3,0.4,0.4008097165991903,99,0.6868686868686869,75.00968505979293
20260906_h015_temporal_v3_implied_usd_rf,H015_compact_fx_decomposition,random_forest,full_market_with_fx_and_implied_usd,message_hit,pooled_with_corridor_thresholds,outer_2022,2022,False,10d14213e118585ccaa286e9,RUB_AMD,3,temporal_v3,0.6,0.6032388663967612,149,0.6241610738255033,108.04631276208524
20260906_h015_temporal_v3_implied_usd_rf,H015_compact_fx_decomposition,random_forest,full_market_with_fx_and_implied_usd,message_hit,pooled_with_corridor_thresholds,outer_2022,2022,False,10d14213e118585ccaa286e9,RUB_AMD,3,temporal_v3,0.8,0.8016194331983806,198,0.601010101010101,120.83682986098331
20260906_h015_temporal_v3_implied_usd_rf,H015_compact_fx_decomposition,random_forest,full_market_with_fx_and_implied_usd,message_hit,pooled_with_corridor_thresholds,outer_2022,2022,False,10d14213e118585ccaa286e9,RUB_AMD,3,temporal_v3,1.0,1.0,247,0.5708502024291497,125.78322417130123
20260906_h015_temporal_v3_implied_usd_rf,H015_compact_fx_decomposition,random_forest,full_market_with_fx_and_implied_usd,message_hit,pooled_with_corridor_thresholds,outer_2022,2022,False,10d14213e118585ccaa286e9,RUB_KGS,3,temporal_v3,0.01,0.012145748987854251,3,1.0,0.0
20260906_h015_temporal_v3_implied_usd_rf,H015_compact_fx_decomposition,random_forest,full_market_with_fx_and_implied_usd,message_hit,pooled_with_corridor_thresholds,outer_2022,2022,False,10d14213e118585ccaa286e9,RUB_KGS,3,temporal_v3,0.02,0.020242914979757085,5,1.0,0.0
20260906_h015_temporal_v3_implied_usd_rf,H015_compact_fx_decomposition,random_forest,full_market_with_fx_and_implied_usd,message_hit,pooled_with_corridor_thresholds,outer_2022,2022,False,10d14213e118585ccaa286e9,RUB_KGS,3,temporal_v3,0.05,0.05263157894736842,13,1.0,0.4676376949461538
20260906_h015_temporal_v3_implied_usd_rf,H015_compact_fx_decomposition,random_forest,full_market_with_fx_and_implied_usd,message_hit,pooled_with_corridor_thresholds,outer_2022,2022,False,10d14213e118585ccaa286e9,RUB_KGS,3,temporal_v3,0.1,0.10121457489878542,25,0.8,39.50873245532001
20260906_h015_temporal_v3_implied_usd_rf,H015_compact_fx_decomposition,random_forest,full_market_with_fx_and_implied_usd,message_hit,pooled_with_corridor_thresholds,outer_2022,2022,False,10d14213e118585ccaa286e9,RUB_KGS,3,temporal_v3,0.2,0.20242914979757085,50,0.66,59.37611400179801
20260906_h015_temporal_v3_implied_usd_rf,H015_compact_fx_decomposition,random_forest,full_market_with_fx_and_implied_usd,message_hit,pooled_with_corridor_thresholds,outer_2022,2022,False,10d14213e118585ccaa286e9,RUB_KGS,3,temporal_v3,0.4,0.4008097165991903,99,0.6767676767676768,63.27327441431212
20260906_h015_temporal_v3_implied_usd_rf,H015_compact_fx_decomposition,random_forest,full_market_with_fx_and_implied_usd,message_hit,pooled_with_corridor_thresholds,outer_2022,2022,False,10d14213e118585ccaa286e9,RUB_KGS,3,temporal_v3,0.6,0.6032388663967612,149,0.610738255033557,100.22732356199396
20260906_h015_temporal_v3_implied_usd_rf,H015_compact_fx_decomposition,random_forest,full_market_with_fx_and_implied_usd,message_hit,pooled_with_corridor_thresholds,outer_2022,2022,False,10d14213e118585ccaa286e9,RUB_KGS,3,temporal_v3,0.8,0.8016194331983806,198,0.5959595959595959,113.56440153713032
20260906_h015_temporal_v3_implied_usd_rf,H015_compact_fx_decomposition,random_forest,full_market_with_fx_and_implied_usd,message_hit,pooled_with_corridor_thresholds,outer_2022,2022,False,10d14213e118585ccaa286e9,RUB_KGS,3,temporal_v3,1.0,1.0,247,0.5546558704453441,137.99474510950242
20260906_h015_temporal_v3_implied_usd_rf,H015_compact_fx_decomposition,random_forest,full_market_with_fx_and_implied_usd,message_hit,pooled_with_corridor_thresholds,outer_2022,2022,False,10d14213e118585ccaa286e9,RUB_KZT,3,temporal_v3,0.01,0.012145748987854251,3,1.0,0.0
20260906_h015_temporal_v3_implied_usd_rf,H015_compact_fx_decomposition,random_forest,full_market_with_fx_and_implied_usd,message_hit,pooled_with_corridor_thresholds,outer_2022,2022,False,10d14213e118585ccaa286e9,RUB_KZT,3,temporal_v3,0.02,0.020242914979757085,5,1.0,0.0
20260906_h015_temporal_v3_implied_usd_rf,H015_compact_fx_decomposition,random_forest,full_market_with_fx_and_implied_usd,message_hit,pooled_with_corridor_thresholds,outer_2022,2022,False,10d14213e118585ccaa286e9,RUB_KZT,3,temporal_v3,0.05,0.05263157894736842,13,0.8461538461538461,28.59055674961538
20260906_h015_temporal_v3_implied_usd_rf,H015_compact_fx_decomposition,random_forest,full_market_with_fx_and_implied_usd,message_hit,pooled_with_corridor_thresholds,outer_2022,2022,False,10d14213e118585ccaa286e9,RUB_KZT,3,temporal_v3,0.1,0.10121457489878542,25,0.76,51.848980064567996
20260906_h015_temporal_v3_implied_usd_rf,H015_compact_fx_decomposition,random_forest,full_market_with_fx_and_implied_usd,message_hit,pooled_with_corridor_thresholds,outer_2022,2022,False,10d14213e118585ccaa286e9,RUB_KZT,3,temporal_v3,0.2,0.20242914979757085,50,0.64,75.504942075426
20260906_h015_temporal_v3_implied_usd_rf,H015_compact_fx_decomposition,random_forest,full_market_with_fx_and_implied_usd,message_hit,pooled_with_corridor_thresholds,outer_2022,2022,False,10d14213e118585ccaa286e9,RUB_KZT,3,temporal_v3,0.4,0.4008097165991903,99,0.6060606060606061,102.69307211300811
20260906_h015_temporal_v3_implied_usd_rf,H015_compact_fx_decomposition,random_forest,full_market_with_fx_and_implied_usd,message_hit,pooled_with_corridor_thresholds,outer_2022,2022,False,10d14213e118585ccaa286e9,RUB_KZT,3,temporal_v3,0.6,0.6032388663967612,149,0.5570469798657718,124.75927594141274
20260906_h015_temporal_v3_implied_usd_rf,H015_compact_fx_decomposition,random_forest,full_market_with_fx_and_implied_usd,message_hit,pooled_with_corridor_thresholds,outer_2022,2022,False,10d14213e118585ccaa286e9,RUB_KZT,3,temporal_v3,0.8,0.8016194331983806,198,0.5454545454545454,138.21343723214042
20260906_h015_temporal_v3_implied_usd_rf,H015_compact_fx_decomposition,random_forest,full_market_with_fx_and_implied_usd,message_hit,pooled_with_corridor_thresholds,outer_2022,2022,False,10d14213e118585ccaa286e9,RUB_KZT,3,temporal_v3,1.0,1.0,247,0.5101214574898786,142.21773022801295
20260906_h015_temporal_v3_implied_usd_rf,H015_compact_fx_decomposition,random_forest,full_market_with_fx_and_implied_usd,message_hit,pooled_with_corridor_thresholds,outer_2022,2022,False,10d14213e118585ccaa286e9,RUB_TJS,3,temporal_v3,0.01,0.012195121951219513,3,1.0,0.0
20260906_h015_temporal_v3_implied_usd_rf,H015_compact_fx_decomposition,random_forest,full_market_with_fx_and_implied_usd,message_hit,pooled_with_corridor_thresholds,outer_2022,2022,False,10d14213e118585ccaa286e9,RUB_TJS,3,temporal_v3,0.02,0.02032520325203252,5,1.0,0.0
20260906_h015_temporal_v3_implied_usd_rf,H015_compact_fx_decomposition,random_forest,full_market_with_fx_and_implied_usd,message_hit,pooled_with_corridor_thresholds,outer_2022,2022,False,10d14213e118585ccaa286e9,RUB_TJS,3,temporal_v3,0.05,0.052845528455284556,13,1.0,1.505249196623077
20260906_h015_temporal_v3_implied_usd_rf,H015_compact_fx_decomposition,random_forest,full_market_with_fx_and_implied_usd,message_hit,pooled_with_corridor_thresholds,outer_2022,2022,False,10d14213e118585ccaa286e9,RUB_TJS,3,temporal_v3,0.1,0.1016260162601626,25,0.8,32.594903171211996
20260906_h015_temporal_v3_implied_usd_rf,H015_compact_fx_decomposition,random_forest,full_market_with_fx_and_implied_usd,message_hit,pooled_with_corridor_thresholds,outer_2022,2022,False,10d14213e118585ccaa286e9,RUB_TJS,3,temporal_v3,0.2,0.2032520325203252,50,0.68,58.145072439056
20260906_h015_temporal_v3_implied_usd_rf,H015_compact_fx_decomposition,random_forest,full_market_with_fx_and_implied_usd,message_hit,pooled_with_corridor_thresholds,outer_2022,2022,False,10d14213e118585ccaa286e9,RUB_TJS,3,temporal_v3,0.4,0.4024390243902439,99,0.696969696969697,89.39345609209292
20260906_h015_temporal_v3_implied_usd_rf,H015_compact_fx_decomposition,random_forest,full_market_with_fx_and_implied_usd,message_hit,pooled_with_corridor_thresholds,outer_2022,2022,False,10d14213e118585ccaa286e9,RUB_TJS,3,temporal_v3,0.6,0.6016260162601627,148,0.6351351351351351,112.53585943222164
20260906_h015_temporal_v3_implied_usd_rf,H015_compact_fx_decomposition,random_forest,full_market_with_fx_and_implied_usd,message_hit,pooled_with_corridor_thresholds,outer_2022,2022,False,10d14213e118585ccaa286e9,RUB_TJS,3,temporal_v3,0.8,0.8008130081300813,197,0.6091370558375635,140.82481676416904
20260906_h015_temporal_v3_implied_usd_rf,H015_compact_fx_decomposition,random_forest,full_market_with_fx_and_implied_usd,message_hit,pooled_with_corridor_thresholds,outer_2022,2022,False,10d14213e118585ccaa286e9,RUB_TJS,3,temporal_v3,1.0,1.0,246,0.5772357723577236,148.03285208292277
20260906_h015_temporal_v3_implied_usd_rf,H015_compact_fx_decomposition,random_forest,full_market_with_fx_and_implied_usd,message_hit,pooled_with_corridor_thresholds,outer_2022,2022,False,10d14213e118585ccaa286e9,RUB_UZS,3,temporal_v3,0.01,0.012145748987854251,3,1.0,3.0732610066999997
20260906_h015_temporal_v3_implied_usd_rf,H015_compact_fx_decomposition,random_forest,full_market_with_fx_and_implied_usd,message_hit,pooled_with_corridor_thresholds,outer_2022,2022,False,10d14213e118585ccaa286e9,RUB_UZS,3,temporal_v3,0.02,0.020242914979757085,5,1.0,1.84395660402
20260906_h015_temporal_v3_implied_usd_rf,H015_compact_fx_decomposition,random_forest,full_market_with_fx_and_implied_usd,message_hit,pooled_with_corridor_thresholds,outer_2022,2022,False,10d14213e118585ccaa286e9,RUB_UZS,3,temporal_v3,0.05,0.05263157894736842,13,0.9230769230769231,17.38566421626154
20260906_h015_temporal_v3_implied_usd_rf,H015_compact_fx_decomposition,random_forest,full_market_with_fx_and_implied_usd,message_hit,pooled_with_corridor_thresholds,outer_2022,2022,False,10d14213e118585ccaa286e9,RUB_UZS,3,temporal_v3,0.1,0.10121457489878542,25,0.88,25.071931718096003
20260906_h015_temporal_v3_implied_usd_rf,H015_compact_fx_decomposition,random_forest,full_market_with_fx_and_implied_usd,message_hit,pooled_with_corridor_thresholds,outer_2022,2022,False,10d14213e118585ccaa286e9,RUB_UZS,3,temporal_v3,0.2,0.20242914979757085,50,0.68,70.25848640282199
20260906_h015_temporal_v3_implied_usd_rf,H015_compact_fx_decomposition,random_forest,full_market_with_fx_and_implied_usd,message_hit,pooled_with_corridor_thresholds,outer_2022,2022,False,10d14213e118585ccaa286e9,RUB_UZS,3,temporal_v3,0.4,0.4008097165991903,99,0.6363636363636364,85.15944401991415
20260906_h015_temporal_v3_implied_usd_rf,H015_compact_fx_decomposition,random_forest,full_market_with_fx_and_implied_usd,message_hit,pooled_with_corridor_thresholds,outer_2022,2022,False,10d14213e118585ccaa286e9,RUB_UZS,3,temporal_v3,0.6,0.6032388663967612,149,0.5906040268456376,109.83353324209665
20260906_h015_temporal_v3_implied_usd_rf,H015_compact_fx_decomposition,random_forest,full_market_with_fx_and_implied_usd,message_hit,pooled_with_corridor_thresholds,outer_2022,2022,False,10d14213e118585ccaa286e9,RUB_UZS,3,temporal_v3,0.8,0.8016194331983806,198,0.5555555555555556,131.8275014297278
20260906_h015_temporal_v3_implied_usd_rf,H015_compact_fx_decomposition,random_forest,full_market_with_fx_and_implied_usd,message_hit,pooled_with_corridor_thresholds,outer_2022,2022,False,10d14213e118585ccaa286e9,RUB_UZS,3,temporal_v3,1.0,1.0,247,0.5384615384615384,137.4595633592271
20260906_h015_temporal_v3_implied_usd_rf,H015_compact_fx_decomposition,random_forest,full_market_with_fx_and_implied_usd,message_hit,pooled_with_corridor_thresholds,outer_2023,2023,False,10d14213e118585ccaa286e9,RUB_AMD,3,temporal_v3,0.01,0.012145748987854251,3,1.0,5.1623420731000005
20260906_h015_temporal_v3_implied_usd_rf,H015_compact_fx_decomposition,random_forest,full_market_with_fx_and_implied_usd,message_hit,pooled_with_corridor_thresholds,outer_2023,2023,False,10d14213e118585ccaa286e9,RUB_AMD,3,temporal_v3,0.02,0.020242914979757085,5,1.0,3.09740524386
20260906_h015_temporal_v3_implied_usd_rf,H015_compact_fx_decomposition,random_forest,full_market_with_fx_and_implied_usd,message_hit,pooled_with_corridor_thresholds,outer_2023,2023,False,10d14213e118585ccaa286e9,RUB_AMD,3,temporal_v3,0.05,0.05263157894736842,13,0.9230769230769231,12.892812728607693
20260906_h015_temporal_v3_implied_usd_rf,H015_compact_fx_decomposition,random_forest,full_market_with_fx_and_implied_usd,message_hit,pooled_with_corridor_thresholds,outer_2023,2023,False,10d14213e118585ccaa286e9,RUB_AMD,3,temporal_v3,0.1,0.10121457489878542,25,0.88,14.936940762875999
20260906_h015_temporal_v3_implied_usd_rf,H015_compact_fx_decomposition,random_forest,full_market_with_fx_and_implied_usd,message_hit,pooled_with_corridor_thresholds,outer_2023,2023,False,10d14213e118585ccaa286e9,RUB_AMD,3,temporal_v3,0.2,0.20242914979757085,50,0.88,18.881249051196
20260906_h015_temporal_v3_implied_usd_rf,H015_compact_fx_decomposition,random_forest,full_market_with_fx_and_implied_usd,message_hit,pooled_with_corridor_thresholds,outer_2023,2023,False,10d14213e118585ccaa286e9,RUB_AMD,3,temporal_v3,0.4,0.4008097165991903,99,0.8282828282828283,24.528999142240405
20260906_h015_temporal_v3_implied_usd_rf,H015_compact_fx_decomposition,random_forest,full_market_with_fx_and_implied_usd,message_hit,pooled_with_corridor_thresholds,outer_2023,2023,False,10d14213e118585ccaa286e9,RUB_AMD,3,temporal_v3,0.6,0.6032388663967612,149,0.785234899328859,40.2788134487
20260906_h015_temporal_v3_implied_usd_rf,H015_compact_fx_decomposition,random_forest,full_market_with_fx_and_implied_usd,message_hit,pooled_with_corridor_thresholds,outer_2023,2023,False,10d14213e118585ccaa286e9,RUB_AMD,3,temporal_v3,0.8,0.8016194331983806,198,0.7474747474747475,46.45602389375556
20260906_h015_temporal_v3_implied_usd_rf,H015_compact_fx_decomposition,random_forest,full_market_with_fx_and_implied_usd,message_hit,pooled_with_corridor_thresholds,outer_2023,2023,False,10d14213e118585ccaa286e9,RUB_AMD,3,temporal_v3,1.0,1.0,247,0.7327935222672065,49.392610905085824
20260906_h015_temporal_v3_implied_usd_rf,H015_compact_fx_decomposition,random_forest,full_market_with_fx_and_implied_usd,message_hit,pooled_with_corridor_thresholds,outer_2023,2023,False,10d14213e118585ccaa286e9,RUB_KGS,3,temporal_v3,0.01,0.012145748987854251,3,1.0,12.433888833433334
20260906_h015_temporal_v3_implied_usd_rf,H015_compact_fx_decomposition,random_forest,full_market_with_fx_and_implied_usd,message_hit,pooled_with_corridor_thresholds,outer_2023,2023,False,10d14213e118585ccaa286e9,RUB_KGS,3,temporal_v3,0.02,0.020242914979757085,5,1.0,7.46033330006
20260906_h015_temporal_v3_implied_usd_rf,H015_compact_fx_decomposition,random_forest,full_market_with_fx_and_implied_usd,message_hit,pooled_with_corridor_thresholds,outer_2023,2023,False,10d14213e118585ccaa286e9,RUB_KGS,3,temporal_v3,0.05,0.05263157894736842,13,1.0,2.8693589615615385
20260906_h015_temporal_v3_implied_usd_rf,H015_compact_fx_decomposition,random_forest,full_market_with_fx_and_implied_usd,message_hit,pooled_with_corridor_thresholds,outer_2023,2023,False,10d14213e118585ccaa286e9,RUB_KGS,3,temporal_v3,0.1,0.10121457489878542,25,0.88,15.962027468235998
20260906_h015_temporal_v3_implied_usd_rf,H015_compact_fx_decomposition,random_forest,full_market_with_fx_and_implied_usd,message_hit,pooled_with_corridor_thresholds,outer_2023,2023,False,10d14213e118585ccaa286e9,RUB_KGS,3,temporal_v3,0.2,0.20242914979757085,50,0.86,20.222295843944
20260906_h015_temporal_v3_implied_usd_rf,H015_compact_fx_decomposition,random_forest,full_market_with_fx_and_implied_usd,message_hit,pooled_with_corridor_thresholds,outer_2023,2023,False,10d14213e118585ccaa286e9,RUB_KGS,3,temporal_v3,0.4,0.4008097165991903,99,0.8585858585858586,24.328188081929294
20260906_h015_temporal_v3_implied_usd_rf,H015_compact_fx_decomposition,random_forest,full_market_with_fx_and_implied_usd,message_hit,pooled_with_corridor_thresholds,outer_2023,2023,False,10d14213e118585ccaa286e9,RUB_KGS,3,temporal_v3,0.6,0.6032388663967612,149,0.7919463087248322,41.36622854596645
20260906_h015_temporal_v3_implied_usd_rf,H015_compact_fx_decomposition,random_forest,full_market_with_fx_and_implied_usd,message_hit,pooled_with_corridor_thresholds,outer_2023,2023,False,10d14213e118585ccaa286e9,RUB_KGS,3,temporal_v3,0.8,0.8016194331983806,198,0.7575757575757576,43.711886232819694
20260906_h015_temporal_v3_implied_usd_rf,H015_compact_fx_decomposition,random_forest,full_market_with_fx_and_implied_usd,message_hit,pooled_with_corridor_thresholds,outer_2023,2023,False,10d14213e118585ccaa286e9,RUB_KGS,3,temporal_v3,1.0,1.0,247,0.7489878542510121,44.833567075186636
20260906_h015_temporal_v3_implied_usd_rf,H015_compact_fx_decomposition,random_forest,full_market_with_fx_and_implied_usd,message_hit,pooled_with_corridor_thresholds,outer_2023,2023,False,10d14213e118585ccaa286e9,RUB_KZT,3,temporal_v3,0.01,0.012145748987854251,3,0.6666666666666666,23.3058320295
20260906_h015_temporal_v3_implied_usd_rf,H015_compact_fx_decomposition,random_forest,full_market_with_fx_and_implied_usd,message_hit,pooled_with_corridor_thresholds,outer_2023,2023,False,10d14213e118585ccaa286e9,RUB_KZT,3,temporal_v3,0.02,0.020242914979757085,5,0.6,33.40379057386
20260906_h015_temporal_v3_implied_usd_rf,H015_compact_fx_decomposition,random_forest,full_market_with_fx_and_implied_usd,message_hit,pooled_with_corridor_thresholds,outer_2023,2023,False,10d14213e118585ccaa286e9,RUB_KZT,3,temporal_v3,0.05,0.05263157894736842,13,0.8461538461538461,14.962236855546154
20260906_h015_temporal_v3_implied_usd_rf,H015_compact_fx_decomposition,random_forest,full_market_with_fx_and_implied_usd,message_hit,pooled_with_corridor_thresholds,outer_2023,2023,False,10d14213e118585ccaa286e9,RUB_KZT,3,temporal_v3,0.1,0.10121457489878542,25,0.84,24.233352650100002
20260906_h015_temporal_v3_implied_usd_rf,H015_compact_fx_decomposition,random_forest,full_market_with_fx_and_implied_usd,message_hit,pooled_with_corridor_thresholds,outer_2023,2023,False,10d14213e118585ccaa286e9,RUB_KZT,3,temporal_v3,0.2,0.20242914979757085,50,0.88,20.353021520779997
20260906_h015_temporal_v3_implied_usd_rf,H015_compact_fx_decomposition,random_forest,full_market_with_fx_and_implied_usd,message_hit,pooled_with_corridor_thresholds,outer_2023,2023,False,10d14213e118585ccaa286e9,RUB_KZT,3,temporal_v3,0.4,0.4008097165991903,99,0.7373737373737373,36.54766847069091
20260906_h015_temporal_v3_implied_usd_rf,H015_compact_fx_decomposition,random_forest,full_market_with_fx_and_implied_usd,message_hit,pooled_with_corridor_thresholds,outer_2023,2023,False,10d14213e118585ccaa286e9,RUB_KZT,3,temporal_v3,0.6,0.6032388663967612,149,0.6442953020134228,58.184416408332886
20260906_h015_temporal_v3_implied_usd_rf,H015_compact_fx_decomposition,random_forest,full_market_with_fx_and_implied_usd,message_hit,pooled_with_corridor_thresholds,outer_2023,2023,False,10d14213e118585ccaa286e9,RUB_KZT,3,temporal_v3,0.8,0.8016194331983806,198,0.6212121212121212,58.25153932730757
20260906_h015_temporal_v3_implied_usd_rf,H015_compact_fx_decomposition,random_forest,full_market_with_fx_and_implied_usd,message_hit,pooled_with_corridor_thresholds,outer_2023,2023,False,10d14213e118585ccaa286e9,RUB_KZT,3,temporal_v3,1.0,1.0,247,0.6275303643724697,59.59806686752793
20260906_h015_temporal_v3_implied_usd_rf,H015_compact_fx_decomposition,random_forest,full_market_with_fx_and_implied_usd,message_hit,pooled_with_corridor_thresholds,outer_2023,2023,False,10d14213e118585ccaa286e9,RUB_TJS,3,temporal_v3,0.01,0.012145748987854251,3,1.0,3.8975343162
20260906_h015_temporal_v3_implied_usd_rf,H015_compact_fx_decomposition,random_forest,full_market_with_fx_and_implied_usd,message_hit,pooled_with_corridor_thresholds,outer_2023,2023,False,10d14213e118585ccaa286e9,RUB_TJS,3,temporal_v3,0.02,0.020242914979757085,5,1.0,2.33852058972
20260906_h015_temporal_v3_implied_usd_rf,H015_compact_fx_decomposition,random_forest,full_market_with_fx_and_implied_usd,message_hit,pooled_with_corridor_thresholds,outer_2023,2023,False,10d14213e118585ccaa286e9,RUB_TJS,3,temporal_v3,0.05,0.05263157894736842,13,0.9230769230769231,6.286784960138461
20260906_h015_temporal_v3_implied_usd_rf,H015_compact_fx_decomposition,random_forest,full_market_with_fx_and_implied_usd,message_hit,pooled_with_corridor_thresholds,outer_2023,2023,False,10d14213e118585ccaa286e9,RUB_TJS,3,temporal_v3,0.1,0.10121457489878542,25,0.88,14.400255136048
20260906_h015_temporal_v3_implied_usd_rf,H015_compact_fx_decomposition,random_forest,full_market_with_fx_and_implied_usd,message_hit,pooled_with_corridor_thresholds,outer_2023,2023,False,10d14213e118585ccaa286e9,RUB_TJS,3,temporal_v3,0.2,0.20242914979757085,50,0.88,18.333757646806
20260906_h015_temporal_v3_implied_usd_rf,H015_compact_fx_decomposition,random_forest,full_market_with_fx_and_implied_usd,message_hit,pooled_with_corridor_thresholds,outer_2023,2023,False,10d14213e118585ccaa286e9,RUB_TJS,3,temporal_v3,0.4,0.4008097165991903,99,0.8585858585858586,19.914749663742423
20260906_h015_temporal_v3_implied_usd_rf,H015_compact_fx_decomposition,random_forest,full_market_with_fx_and_implied_usd,message_hit,pooled_with_corridor_thresholds,outer_2023,2023,False,10d14213e118585ccaa286e9,RUB_TJS,3,temporal_v3,0.6,0.6032388663967612,149,0.785234899328859,39.6317903230396
20260906_h015_temporal_v3_implied_usd_rf,H015_compact_fx_decomposition,random_forest,full_market_with_fx_and_implied_usd,message_hit,pooled_with_corridor_thresholds,outer_2023,2023,False,10d14213e118585ccaa286e9,RUB_TJS,3,temporal_v3,0.8,0.8016194331983806,198,0.7525252525252525,43.928617419917174
20260906_h015_temporal_v3_implied_usd_rf,H015_compact_fx_decomposition,random_forest,full_market_with_fx_and_implied_usd,message_hit,pooled_with_corridor_thresholds,outer_2023,2023,False,10d14213e118585ccaa286e9,RUB_TJS,3,temporal_v3,1.0,1.0,247,0.7449392712550608,45.193553061981376
20260906_h015_temporal_v3_implied_usd_rf,H015_compact_fx_decomposition,random_forest,full_market_with_fx_and_implied_usd,message_hit,pooled_with_corridor_thresholds,outer_2023,2023,False,10d14213e118585ccaa286e9,RUB_UZS,3,temporal_v3,0.01,0.012145748987854251,3,1.0,1.6949144714666666
20260906_h015_temporal_v3_implied_usd_rf,H015_compact_fx_decomposition,random_forest,full_market_with_fx_and_implied_usd,message_hit,pooled_with_corridor_thresholds,outer_2023,2023,False,10d14213e118585ccaa286e9,RUB_UZS,3,temporal_v3,0.02,0.020242914979757085,5,1.0,1.01694868288
20260906_h015_temporal_v3_implied_usd_rf,H015_compact_fx_decomposition,random_forest,full_market_with_fx_and_implied_usd,message_hit,pooled_with_corridor_thresholds,outer_2023,2023,False,10d14213e118585ccaa286e9,RUB_UZS,3,temporal_v3,0.05,0.05263157894736842,13,0.9230769230769231,6.990183070707692
20260906_h015_temporal_v3_implied_usd_rf,H015_compact_fx_decomposition,random_forest,full_market_with_fx_and_implied_usd,message_hit,pooled_with_corridor_thresholds,outer_2023,2023,False,10d14213e118585ccaa286e9,RUB_UZS,3,temporal_v3,0.1,0.10121457489878542,25,0.88,13.012088718452
20260906_h015_temporal_v3_implied_usd_rf,H015_compact_fx_decomposition,random_forest,full_market_with_fx_and_implied_usd,message_hit,pooled_with_corridor_thresholds,outer_2023,2023,False,10d14213e118585ccaa286e9,RUB_UZS,3,temporal_v3,0.2,0.20242914979757085,50,0.88,17.54111723463
20260906_h015_temporal_v3_implied_usd_rf,H015_compact_fx_decomposition,random_forest,full_market_with_fx_and_implied_usd,message_hit,pooled_with_corridor_thresholds,outer_2023,2023,False,10d14213e118585ccaa286e9,RUB_UZS,3,temporal_v3,0.4,0.4008097165991903,99,0.8383838383838383,25.00855720781818
20260906_h015_temporal_v3_implied_usd_rf,H015_compact_fx_decomposition,random_forest,full_market_with_fx_and_implied_usd,message_hit,pooled_with_corridor_thresholds,outer_2023,2023,False,10d14213e118585ccaa286e9,RUB_UZS,3,temporal_v3,0.6,0.6032388663967612,149,0.785234899328859,38.554152875887254
20260906_h015_temporal_v3_implied_usd_rf,H015_compact_fx_decomposition,random_forest,full_market_with_fx_and_implied_usd,message_hit,pooled_with_corridor_thresholds,outer_2023,2023,False,10d14213e118585ccaa286e9,RUB_UZS,3,temporal_v3,0.8,0.8016194331983806,198,0.7626262626262627,43.642540658516666
20260906_h015_temporal_v3_implied_usd_rf,H015_compact_fx_decomposition,random_forest,full_market_with_fx_and_implied_usd,message_hit,pooled_with_corridor_thresholds,outer_2023,2023,False,10d14213e118585ccaa286e9,RUB_UZS,3,temporal_v3,1.0,1.0,247,0.7368421052631579,48.63679077068826
20260906_h015_temporal_v3_implied_usd_rf,H015_compact_fx_decomposition,random_forest,full_market_with_fx_and_implied_usd,message_hit,pooled_with_corridor_thresholds,outer_2024,2024,False,10d14213e118585ccaa286e9,RUB_AMD,3,temporal_v3,0.01,0.012096774193548387,3,0.6666666666666666,40.24833490653334
20260906_h015_temporal_v3_implied_usd_rf,H015_compact_fx_decomposition,random_forest,full_market_with_fx_and_implied_usd,message_hit,pooled_with_corridor_thresholds,outer_2024,2024,False,10d14213e118585ccaa286e9,RUB_AMD,3,temporal_v3,0.02,0.020161290322580645,5,0.8,24.14900094392
20260906_h015_temporal_v3_implied_usd_rf,H015_compact_fx_decomposition,random_forest,full_market_with_fx_and_implied_usd,message_hit,pooled_with_corridor_thresholds,outer_2024,2024,False,10d14213e118585ccaa286e9,RUB_AMD,3,temporal_v3,0.05,0.05241935483870968,13,0.7692307692307693,25.583218922961542
20260906_h015_temporal_v3_implied_usd_rf,H015_compact_fx_decomposition,random_forest,full_market_with_fx_and_implied_usd,message_hit,pooled_with_corridor_thresholds,outer_2024,2024,False,10d14213e118585ccaa286e9,RUB_AMD,3,temporal_v3,0.1,0.10080645161290322,25,0.76,22.522577270300005
20260906_h015_temporal_v3_implied_usd_rf,H015_compact_fx_decomposition,random_forest,full_market_with_fx_and_implied_usd,message_hit,pooled_with_corridor_thresholds,outer_2024,2024,False,10d14213e118585ccaa286e9,RUB_AMD,3,temporal_v3,0.2,0.20161290322580644,50,0.8,22.52856207982
20260906_h015_temporal_v3_implied_usd_rf,H015_compact_fx_decomposition,random_forest,full_market_with_fx_and_implied_usd,message_hit,pooled_with_corridor_thresholds,outer_2024,2024,False,10d14213e118585ccaa286e9,RUB_AMD,3,temporal_v3,0.4,0.4032258064516129,100,0.81,26.810229627830005
20260906_h015_temporal_v3_implied_usd_rf,H015_compact_fx_decomposition,random_forest,full_market_with_fx_and_implied_usd,message_hit,pooled_with_corridor_thresholds,outer_2024,2024,False,10d14213e118585ccaa286e9,RUB_AMD,3,temporal_v3,0.6,0.6008064516129032,149,0.785234899328859,34.279077157348325
20260906_h015_temporal_v3_implied_usd_rf,H015_compact_fx_decomposition,random_forest,full_market_with_fx_and_implied_usd,message_hit,pooled_with_corridor_thresholds,outer_2024,2024,False,10d14213e118585ccaa286e9,RUB_AMD,3,temporal_v3,0.8,0.8024193548387096,199,0.7738693467336684,36.85518787459196
20260906_h015_temporal_v3_implied_usd_rf,H015_compact_fx_decomposition,random_forest,full_market_with_fx_and_implied_usd,message_hit,pooled_with_corridor_thresholds,outer_2024,2024,False,10d14213e118585ccaa286e9,RUB_AMD,3,temporal_v3,1.0,1.0,248,0.75,46.4859709110004
20260906_h015_temporal_v3_implied_usd_rf,H015_compact_fx_decomposition,random_forest,full_market_with_fx_and_implied_usd,message_hit,pooled_with_corridor_thresholds,outer_2024,2024,False,10d14213e118585ccaa286e9,RUB_KGS,3,temporal_v3,0.01,0.012096774193548387,3,0.6666666666666666,31.011108345533334
20260906_h015_temporal_v3_implied_usd_rf,H015_compact_fx_decomposition,random_forest,full_market_with_fx_and_implied_usd,message_hit,pooled_with_corridor_thresholds,outer_2024,2024,False,10d14213e118585ccaa286e9,RUB_KGS,3,temporal_v3,0.02,0.020161290322580645,5,0.8,18.60666500732
20260906_h015_temporal_v3_implied_usd_rf,H015_compact_fx_decomposition,random_forest,full_market_with_fx_and_implied_usd,message_hit,pooled_with_corridor_thresholds,outer_2024,2024,False,10d14213e118585ccaa286e9,RUB_KGS,3,temporal_v3,0.05,0.05241935483870968,13,0.7692307692307693,20.793256145553848
20260906_h015_temporal_v3_implied_usd_rf,H015_compact_fx_decomposition,random_forest,full_market_with_fx_and_implied_usd,message_hit,pooled_with_corridor_thresholds,outer_2024,2024,False,10d14213e118585ccaa286e9,RUB_KGS,3,temporal_v3,0.1,0.10080645161290322,25,0.84,21.048347661764
20260906_h015_temporal_v3_implied_usd_rf,H015_compact_fx_decomposition,random_forest,full_market_with_fx_and_implied_usd,message_hit,pooled_with_corridor_thresholds,outer_2024,2024,False,10d14213e118585ccaa286e9,RUB_KGS,3,temporal_v3,0.2,0.20161290322580644,50,0.84,19.250476312765997
20260906_h015_temporal_v3_implied_usd_rf,H015_compact_fx_decomposition,random_forest,full_market_with_fx_and_implied_usd,message_hit,pooled_with_corridor_thresholds,outer_2024,2024,False,10d14213e118585ccaa286e9,RUB_KGS,3,temporal_v3,0.4,0.4032258064516129,100,0.85,22.324287187675
20260906_h015_temporal_v3_implied_usd_rf,H015_compact_fx_decomposition,random_forest,full_market_with_fx_and_implied_usd,message_hit,pooled_with_corridor_thresholds,outer_2024,2024,False,10d14213e118585ccaa286e9,RUB_KGS,3,temporal_v3,0.6,0.6008064516129032,149,0.8053691275167785,33.36524133322282
20260906_h015_temporal_v3_implied_usd_rf,H015_compact_fx_decomposition,random_forest,full_market_with_fx_and_implied_usd,message_hit,pooled_with_corridor_thresholds,outer_2024,2024,False,10d14213e118585ccaa286e9,RUB_KGS,3,temporal_v3,0.8,0.8024193548387096,199,0.7738693467336684,36.665834658481906
20260906_h015_temporal_v3_implied_usd_rf,H015_compact_fx_decomposition,random_forest,full_market_with_fx_and_implied_usd,message_hit,pooled_with_corridor_thresholds,outer_2024,2024,False,10d14213e118585ccaa286e9,RUB_KGS,3,temporal_v3,1.0,1.0,248,0.7338709677419355,45.62693359285323
20260906_h015_temporal_v3_implied_usd_rf,H015_compact_fx_decomposition,random_forest,full_market_with_fx_and_implied_usd,message_hit,pooled_with_corridor_thresholds,outer_2024,2024,False,10d14213e118585ccaa286e9,RUB_KZT,3,temporal_v3,0.01,0.012096774193548387,3,0.3333333333333333,55.57951385806666
20260906_h015_temporal_v3_implied_usd_rf,H015_compact_fx_decomposition,random_forest,full_market_with_fx_and_implied_usd,message_hit,pooled_with_corridor_thresholds,outer_2024,2024,False,10d14213e118585ccaa286e9,RUB_KZT,3,temporal_v3,0.02,0.020161290322580645,5,0.4,56.60983944213999
20260906_h015_temporal_v3_implied_usd_rf,H015_compact_fx_decomposition,random_forest,full_market_with_fx_and_implied_usd,message_hit,pooled_with_corridor_thresholds,outer_2024,2024,False,10d14213e118585ccaa286e9,RUB_KZT,3,temporal_v3,0.05,0.05241935483870968,13,0.7692307692307693,26.890310334807687
20260906_h015_temporal_v3_implied_usd_rf,H015_compact_fx_decomposition,random_forest,full_market_with_fx_and_implied_usd,message_hit,pooled_with_corridor_thresholds,outer_2024,2024,False,10d14213e118585ccaa286e9,RUB_KZT,3,temporal_v3,0.1,0.10080645161290322,25,0.72,29.025632652236
20260906_h015_temporal_v3_implied_usd_rf,H015_compact_fx_decomposition,random_forest,full_market_with_fx_and_implied_usd,message_hit,pooled_with_corridor_thresholds,outer_2024,2024,False,10d14213e118585ccaa286e9,RUB_KZT,3,temporal_v3,0.2,0.20161290322580644,50,0.82,19.268893252482002
20260906_h015_temporal_v3_implied_usd_rf,H015_compact_fx_decomposition,random_forest,full_market_with_fx_and_implied_usd,message_hit,pooled_with_corridor_thresholds,outer_2024,2024,False,10d14213e118585ccaa286e9,RUB_KZT,3,temporal_v3,0.4,0.4032258064516129,100,0.81,27.846706513433997
20260906_h015_temporal_v3_implied_usd_rf,H015_compact_fx_decomposition,random_forest,full_market_with_fx_and_implied_usd,message_hit,pooled_with_corridor_thresholds,outer_2024,2024,False,10d14213e118585ccaa286e9,RUB_KZT,3,temporal_v3,0.6,0.6008064516129032,149,0.7651006711409396,34.75293161457718
20260906_h015_temporal_v3_implied_usd_rf,H015_compact_fx_decomposition,random_forest,full_market_with_fx_and_implied_usd,message_hit,pooled_with_corridor_thresholds,outer_2024,2024,False,10d14213e118585ccaa286e9,RUB_KZT,3,temporal_v3,0.8,0.8024193548387096,199,0.7286432160804021,44.7266960625794
20260906_h015_temporal_v3_implied_usd_rf,H015_compact_fx_decomposition,random_forest,full_market_with_fx_and_implied_usd,message_hit,pooled_with_corridor_thresholds,outer_2024,2024,False,10d14213e118585ccaa286e9,RUB_KZT,3,temporal_v3,1.0,1.0,248,0.6733870967741935,59.594087191422176
20260906_h015_temporal_v3_implied_usd_rf,H015_compact_fx_decomposition,random_forest,full_market_with_fx_and_implied_usd,message_hit,pooled_with_corridor_thresholds,outer_2024,2024,False,10d14213e118585ccaa286e9,RUB_TJS,3,temporal_v3,0.01,0.012096774193548387,3,0.6666666666666666,25.9642895524
20260906_h015_temporal_v3_implied_usd_rf,H015_compact_fx_decomposition,random_forest,full_market_with_fx_and_implied_usd,message_hit,pooled_with_corridor_thresholds,outer_2024,2024,False,10d14213e118585ccaa286e9,RUB_TJS,3,temporal_v3,0.02,0.020161290322580645,5,0.6,38.26116096404
20260906_h015_temporal_v3_implied_usd_rf,H015_compact_fx_decomposition,random_forest,full_market_with_fx_and_implied_usd,message_hit,pooled_with_corridor_thresholds,outer_2024,2024,False,10d14213e118585ccaa286e9,RUB_TJS,3,temporal_v3,0.05,0.05241935483870968,13,0.7692307692307693,20.074219624415385
20260906_h015_temporal_v3_implied_usd_rf,H015_compact_fx_decomposition,random_forest,full_market_with_fx_and_implied_usd,message_hit,pooled_with_corridor_thresholds,outer_2024,2024,False,10d14213e118585ccaa286e9,RUB_TJS,3,temporal_v3,0.1,0.10080645161290322,25,0.84,18.03873910476
20260906_h015_temporal_v3_implied_usd_rf,H015_compact_fx_decomposition,random_forest,full_market_with_fx_and_implied_usd,message_hit,pooled_with_corridor_thresholds,outer_2024,2024,False,10d14213e118585ccaa286e9,RUB_TJS,3,temporal_v3,0.2,0.20161290322580644,50,0.84,17.97600500561
20260906_h015_temporal_v3_implied_usd_rf,H015_compact_fx_decomposition,random_forest,full_market_with_fx_and_implied_usd,message_hit,pooled_with_corridor_thresholds,outer_2024,2024,False,10d14213e118585ccaa286e9,RUB_TJS,3,temporal_v3,0.4,0.4032258064516129,100,0.86,27.435581084352997
20260906_h015_temporal_v3_implied_usd_rf,H015_compact_fx_decomposition,random_forest,full_market_with_fx_and_implied_usd,message_hit,pooled_with_corridor_thresholds,outer_2024,2024,False,10d14213e118585ccaa286e9,RUB_TJS,3,temporal_v3,0.6,0.6008064516129032,149,0.8053691275167785,33.70110951018524
20260906_h015_temporal_v3_implied_usd_rf,H015_compact_fx_decomposition,random_forest,full_market_with_fx_and_implied_usd,message_hit,pooled_with_corridor_thresholds,outer_2024,2024,False,10d14213e118585ccaa286e9,RUB_TJS,3,temporal_v3,0.8,0.8024193548387096,199,0.7788944723618091,37.56208400234323
20260906_h015_temporal_v3_implied_usd_rf,H015_compact_fx_decomposition,random_forest,full_market_with_fx_and_implied_usd,message_hit,pooled_with_corridor_thresholds,outer_2024,2024,False,10d14213e118585ccaa286e9,RUB_TJS,3,temporal_v3,1.0,1.0,248,0.7459677419354839,47.62728805458669
20260906_h015_temporal_v3_implied_usd_rf,H015_compact_fx_decomposition,random_forest,full_market_with_fx_and_implied_usd,message_hit,pooled_with_corridor_thresholds,outer_2024,2024,False,10d14213e118585ccaa286e9,RUB_UZS,3,temporal_v3,0.01,0.012096774193548387,3,0.6666666666666666,23.322137377
20260906_h015_temporal_v3_implied_usd_rf,H015_compact_fx_decomposition,random_forest,full_market_with_fx_and_implied_usd,message_hit,pooled_with_corridor_thresholds,outer_2024,2024,False,10d14213e118585ccaa286e9,RUB_UZS,3,temporal_v3,0.02,0.020161290322580645,5,0.8,13.9932824262
20260906_h015_temporal_v3_implied_usd_rf,H015_compact_fx_decomposition,random_forest,full_market_with_fx_and_implied_usd,message_hit,pooled_with_corridor_thresholds,outer_2024,2024,False,10d14213e118585ccaa286e9,RUB_UZS,3,temporal_v3,0.05,0.05241935483870968,13,0.7692307692307693,18.165022992507694
20260906_h015_temporal_v3_implied_usd_rf,H015_compact_fx_decomposition,random_forest,full_market_with_fx_and_implied_usd,message_hit,pooled_with_corridor_thresholds,outer_2024,2024,False,10d14213e118585ccaa286e9,RUB_UZS,3,temporal_v3,0.1,0.10080645161290322,25,0.88,14.615981496664
20260906_h015_temporal_v3_implied_usd_rf,H015_compact_fx_decomposition,random_forest,full_market_with_fx_and_implied_usd,message_hit,pooled_with_corridor_thresholds,outer_2024,2024,False,10d14213e118585ccaa286e9,RUB_UZS,3,temporal_v3,0.2,0.20161290322580644,50,0.86,17.210462383920003
20260906_h015_temporal_v3_implied_usd_rf,H015_compact_fx_decomposition,random_forest,full_market_with_fx_and_implied_usd,message_hit,pooled_with_corridor_thresholds,outer_2024,2024,False,10d14213e118585ccaa286e9,RUB_UZS,3,temporal_v3,0.4,0.4032258064516129,100,0.85,22.745456871412003
20260906_h015_temporal_v3_implied_usd_rf,H015_compact_fx_decomposition,random_forest,full_market_with_fx_and_implied_usd,message_hit,pooled_with_corridor_thresholds,outer_2024,2024,False,10d14213e118585ccaa286e9,RUB_UZS,3,temporal_v3,0.6,0.6008064516129032,149,0.7718120805369127,37.47767940410604
20260906_h015_temporal_v3_implied_usd_rf,H015_compact_fx_decomposition,random_forest,full_market_with_fx_and_implied_usd,message_hit,pooled_with_corridor_thresholds,outer_2024,2024,False,10d14213e118585ccaa286e9,RUB_UZS,3,temporal_v3,0.8,0.8024193548387096,199,0.7437185929648241,40.06803572574021
20260906_h015_temporal_v3_implied_usd_rf,H015_compact_fx_decomposition,random_forest,full_market_with_fx_and_implied_usd,message_hit,pooled_with_corridor_thresholds,outer_2024,2024,False,10d14213e118585ccaa286e9,RUB_UZS,3,temporal_v3,1.0,1.0,248,0.7056451612903226,48.78604324004879
20260906_h015_temporal_v3_implied_usd_rf,H015_compact_fx_decomposition,random_forest,full_market_with_fx_and_implied_usd,message_hit,pooled_with_corridor_thresholds,outer_2025,2025,False,10d14213e118585ccaa286e9,RUB_AMD,3,temporal_v3,0.01,0.012145748987854251,3,1.0,0.0
20260906_h015_temporal_v3_implied_usd_rf,H015_compact_fx_decomposition,random_forest,full_market_with_fx_and_implied_usd,message_hit,pooled_with_corridor_thresholds,outer_2025,2025,False,10d14213e118585ccaa286e9,RUB_AMD,3,temporal_v3,0.02,0.020242914979757085,5,1.0,9.592389331960002
20260906_h015_temporal_v3_implied_usd_rf,H015_compact_fx_decomposition,random_forest,full_market_with_fx_and_implied_usd,message_hit,pooled_with_corridor_thresholds,outer_2025,2025,False,10d14213e118585ccaa286e9,RUB_AMD,3,temporal_v3,0.05,0.05263157894736842,13,0.9230769230769231,8.893029339046153
20260906_h015_temporal_v3_implied_usd_rf,H015_compact_fx_decomposition,random_forest,full_market_with_fx_and_implied_usd,message_hit,pooled_with_corridor_thresholds,outer_2025,2025,False,10d14213e118585ccaa286e9,RUB_AMD,3,temporal_v3,0.1,0.10121457489878542,25,0.96,7.707750290328001
20260906_h015_temporal_v3_implied_usd_rf,H015_compact_fx_decomposition,random_forest,full_market_with_fx_and_implied_usd,message_hit,pooled_with_corridor_thresholds,outer_2025,2025,False,10d14213e118585ccaa286e9,RUB_AMD,3,temporal_v3,0.2,0.20242914979757085,50,0.88,22.287056974528
20260906_h015_temporal_v3_implied_usd_rf,H015_compact_fx_decomposition,random_forest,full_market_with_fx_and_implied_usd,message_hit,pooled_with_corridor_thresholds,outer_2025,2025,False,10d14213e118585ccaa286e9,RUB_AMD,3,temporal_v3,0.4,0.4008097165991903,99,0.7777777777777778,36.102776631308075
20260906_h015_temporal_v3_implied_usd_rf,H015_compact_fx_decomposition,random_forest,full_market_with_fx_and_implied_usd,message_hit,pooled_with_corridor_thresholds,outer_2025,2025,False,10d14213e118585ccaa286e9,RUB_AMD,3,temporal_v3,0.6,0.6032388663967612,149,0.7248322147651006,40.0817718490349
20260906_h015_temporal_v3_implied_usd_rf,H015_compact_fx_decomposition,random_forest,full_market_with_fx_and_implied_usd,message_hit,pooled_with_corridor_thresholds,outer_2025,2025,False,10d14213e118585ccaa286e9,RUB_AMD,3,temporal_v3,0.8,0.8016194331983806,198,0.6818181818181818,47.85131194989646
20260906_h015_temporal_v3_implied_usd_rf,H015_compact_fx_decomposition,random_forest,full_market_with_fx_and_implied_usd,message_hit,pooled_with_corridor_thresholds,outer_2025,2025,False,10d14213e118585ccaa286e9,RUB_AMD,3,temporal_v3,1.0,1.0,247,0.611336032388664,62.03475633064007
20260906_h015_temporal_v3_implied_usd_rf,H015_compact_fx_decomposition,random_forest,full_market_with_fx_and_implied_usd,message_hit,pooled_with_corridor_thresholds,outer_2025,2025,False,10d14213e118585ccaa286e9,RUB_KGS,3,temporal_v3,0.01,0.012145748987854251,3,1.0,7.500867055666667
20260906_h015_temporal_v3_implied_usd_rf,H015_compact_fx_decomposition,random_forest,full_market_with_fx_and_implied_usd,message_hit,pooled_with_corridor_thresholds,outer_2025,2025,False,10d14213e118585ccaa286e9,RUB_KGS,3,temporal_v3,0.02,0.020242914979757085,5,1.0,7.46671734464
20260906_h015_temporal_v3_implied_usd_rf,H015_compact_fx_decomposition,random_forest,full_market_with_fx_and_implied_usd,message_hit,pooled_with_corridor_thresholds,outer_2025,2025,False,10d14213e118585ccaa286e9,RUB_KGS,3,temporal_v3,0.05,0.05263157894736842,13,0.9230769230769231,11.42380106386923
20260906_h015_temporal_v3_implied_usd_rf,H015_compact_fx_decomposition,random_forest,full_market_with_fx_and_implied_usd,message_hit,pooled_with_corridor_thresholds,outer_2025,2025,False,10d14213e118585ccaa286e9,RUB_KGS,3,temporal_v3,0.1,0.10121457489878542,25,0.96,6.371255864535999
20260906_h015_temporal_v3_implied_usd_rf,H015_compact_fx_decomposition,random_forest,full_market_with_fx_and_implied_usd,message_hit,pooled_with_corridor_thresholds,outer_2025,2025,False,10d14213e118585ccaa286e9,RUB_KGS,3,temporal_v3,0.2,0.20242914979757085,50,0.88,18.367322003964
20260906_h015_temporal_v3_implied_usd_rf,H015_compact_fx_decomposition,random_forest,full_market_with_fx_and_implied_usd,message_hit,pooled_with_corridor_thresholds,outer_2025,2025,False,10d14213e118585ccaa286e9,RUB_KGS,3,temporal_v3,0.4,0.4008097165991903,99,0.7777777777777778,37.52225876570202
20260906_h015_temporal_v3_implied_usd_rf,H015_compact_fx_decomposition,random_forest,full_market_with_fx_and_implied_usd,message_hit,pooled_with_corridor_thresholds,outer_2025,2025,False,10d14213e118585ccaa286e9,RUB_KGS,3,temporal_v3,0.6,0.6032388663967612,149,0.7449664429530202,40.91761867561745
20260906_h015_temporal_v3_implied_usd_rf,H015_compact_fx_decomposition,random_forest,full_market_with_fx_and_implied_usd,message_hit,pooled_with_corridor_thresholds,outer_2025,2025,False,10d14213e118585ccaa286e9,RUB_KGS,3,temporal_v3,0.8,0.8016194331983806,198,0.7121212121212122,48.445381866384345
20260906_h015_temporal_v3_implied_usd_rf,H015_compact_fx_decomposition,random_forest,full_market_with_fx_and_implied_usd,message_hit,pooled_with_corridor_thresholds,outer_2025,2025,False,10d14213e118585ccaa286e9,RUB_KGS,3,temporal_v3,1.0,1.0,247,0.6396761133603239,62.72581327966639
20260906_h015_temporal_v3_implied_usd_rf,H015_compact_fx_decomposition,random_forest,full_market_with_fx_and_implied_usd,message_hit,pooled_with_corridor_thresholds,outer_2025,2025,False,10d14213e118585ccaa286e9,RUB_KZT,3,temporal_v3,0.01,0.012145748987854251,3,1.0,10.945477503866668
20260906_h015_temporal_v3_implied_usd_rf,H015_compact_fx_decomposition,random_forest,full_market_with_fx_and_implied_usd,message_hit,pooled_with_corridor_thresholds,outer_2025,2025,False,10d14213e118585ccaa286e9,RUB_KZT,3,temporal_v3,0.02,0.020242914979757085,5,0.8,16.717495978120002
20260906_h015_temporal_v3_implied_usd_rf,H015_compact_fx_decomposition,random_forest,full_market_with_fx_and_implied_usd,message_hit,pooled_with_corridor_thresholds,outer_2025,2025,False,10d14213e118585ccaa286e9,RUB_KZT,3,temporal_v3,0.05,0.05263157894736842,13,0.6923076923076923,25.400123597561542
20260906_h015_temporal_v3_implied_usd_rf,H015_compact_fx_decomposition,random_forest,full_market_with_fx_and_implied_usd,message_hit,pooled_with_corridor_thresholds,outer_2025,2025,False,10d14213e118585ccaa286e9,RUB_KZT,3,temporal_v3,0.1,0.10121457489878542,25,0.84,16.056195541808002
20260906_h015_temporal_v3_implied_usd_rf,H015_compact_fx_decomposition,random_forest,full_market_with_fx_and_implied_usd,message_hit,pooled_with_corridor_thresholds,outer_2025,2025,False,10d14213e118585ccaa286e9,RUB_KZT,3,temporal_v3,0.2,0.20242914979757085,50,0.78,24.514945358778
20260906_h015_temporal_v3_implied_usd_rf,H015_compact_fx_decomposition,random_forest,full_market_with_fx_and_implied_usd,message_hit,pooled_with_corridor_thresholds,outer_2025,2025,False,10d14213e118585ccaa286e9,RUB_KZT,3,temporal_v3,0.4,0.4008097165991903,99,0.7272727272727273,36.98773427785556
20260906_h015_temporal_v3_implied_usd_rf,H015_compact_fx_decomposition,random_forest,full_market_with_fx_and_implied_usd,message_hit,pooled_with_corridor_thresholds,outer_2025,2025,False,10d14213e118585ccaa286e9,RUB_KZT,3,temporal_v3,0.6,0.6032388663967612,149,0.6711409395973155,47.8903266058537
20260906_h015_temporal_v3_implied_usd_rf,H015_compact_fx_decomposition,random_forest,full_market_with_fx_and_implied_usd,message_hit,pooled_with_corridor_thresholds,outer_2025,2025,False,10d14213e118585ccaa286e9,RUB_KZT,3,temporal_v3,0.8,0.8016194331983806,198,0.6565656565656566,49.83027451928435
20260906_h015_temporal_v3_implied_usd_rf,H015_compact_fx_decomposition,random_forest,full_market_with_fx_and_implied_usd,message_hit,pooled_with_corridor_thresholds,outer_2025,2025,False,10d14213e118585ccaa286e9,RUB_KZT,3,temporal_v3,1.0,1.0,247,0.6072874493927125,63.56631776673887
20260906_h015_temporal_v3_implied_usd_rf,H015_compact_fx_decomposition,random_forest,full_market_with_fx_and_implied_usd,message_hit,pooled_with_corridor_thresholds,outer_2025,2025,False,10d14213e118585ccaa286e9,RUB_TJS,3,temporal_v3,0.01,0.012145748987854251,3,1.0,16.890835104833332
20260906_h015_temporal_v3_implied_usd_rf,H015_compact_fx_decomposition,random_forest,full_market_with_fx_and_implied_usd,message_hit,pooled_with_corridor_thresholds,outer_2025,2025,False,10d14213e118585ccaa286e9,RUB_TJS,3,temporal_v3,0.02,0.020242914979757085,5,1.0,10.1345010629
20260906_h015_temporal_v3_implied_usd_rf,H015_compact_fx_decomposition,random_forest,full_market_with_fx_and_implied_usd,message_hit,pooled_with_corridor_thresholds,outer_2025,2025,False,10d14213e118585ccaa286e9,RUB_TJS,3,temporal_v3,0.05,0.05263157894736842,13,1.0,5.7533206297
20260906_h015_temporal_v3_implied_usd_rf,H015_compact_fx_decomposition,random_forest,full_market_with_fx_and_implied_usd,message_hit,pooled_with_corridor_thresholds,outer_2025,2025,False,10d14213e118585ccaa286e9,RUB_TJS,3,temporal_v3,0.1,0.10121457489878542,25,0.92,23.310009272
20260906_h015_temporal_v3_implied_usd_rf,H015_compact_fx_decomposition,random_forest,full_market_with_fx_and_implied_usd,message_hit,pooled_with_corridor_thresholds,outer_2025,2025,False,10d14213e118585ccaa286e9,RUB_TJS,3,temporal_v3,0.2,0.20242914979757085,50,0.86,27.095561712768003
20260906_h015_temporal_v3_implied_usd_rf,H015_compact_fx_decomposition,random_forest,full_market_with_fx_and_implied_usd,message_hit,pooled_with_corridor_thresholds,outer_2025,2025,False,10d14213e118585ccaa286e9,RUB_TJS,3,temporal_v3,0.4,0.4008097165991903,99,0.7676767676767676,38.173094797794946
20260906_h015_temporal_v3_implied_usd_rf,H015_compact_fx_decomposition,random_forest,full_market_with_fx_and_implied_usd,message_hit,pooled_with_corridor_thresholds,outer_2025,2025,False,10d14213e118585ccaa286e9,RUB_TJS,3,temporal_v3,0.6,0.6032388663967612,149,0.785234899328859,35.5826757062745
20260906_h015_temporal_v3_implied_usd_rf,H015_compact_fx_decomposition,random_forest,full_market_with_fx_and_implied_usd,message_hit,pooled_with_corridor_thresholds,outer_2025,2025,False,10d14213e118585ccaa286e9,RUB_TJS,3,temporal_v3,0.8,0.8016194331983806,198,0.7424242424242424,42.678171383390406
20260906_h015_temporal_v3_implied_usd_rf,H015_compact_fx_decomposition,random_forest,full_market_with_fx_and_implied_usd,message_hit,pooled_with_corridor_thresholds,outer_2025,2025,False,10d14213e118585ccaa286e9,RUB_TJS,3,temporal_v3,1.0,1.0,247,0.6680161943319838,58.794299842345346
20260906_h015_temporal_v3_implied_usd_rf,H015_compact_fx_decomposition,random_forest,full_market_with_fx_and_implied_usd,message_hit,pooled_with_corridor_thresholds,outer_2025,2025,False,10d14213e118585ccaa286e9,RUB_UZS,3,temporal_v3,0.01,0.012145748987854251,3,1.0,0.0
20260906_h015_temporal_v3_implied_usd_rf,H015_compact_fx_decomposition,random_forest,full_market_with_fx_and_implied_usd,message_hit,pooled_with_corridor_thresholds,outer_2025,2025,False,10d14213e118585ccaa286e9,RUB_UZS,3,temporal_v3,0.02,0.020242914979757085,5,0.8,10.75515457348
20260906_h015_temporal_v3_implied_usd_rf,H015_compact_fx_decomposition,random_forest,full_market_with_fx_and_implied_usd,message_hit,pooled_with_corridor_thresholds,outer_2025,2025,False,10d14213e118585ccaa286e9,RUB_UZS,3,temporal_v3,0.05,0.05263157894736842,13,0.8461538461538461,13.479586469492306
20260906_h015_temporal_v3_implied_usd_rf,H015_compact_fx_decomposition,random_forest,full_market_with_fx_and_implied_usd,message_hit,pooled_with_corridor_thresholds,outer_2025,2025,False,10d14213e118585ccaa286e9,RUB_UZS,3,temporal_v3,0.1,0.10121457489878542,25,0.88,14.737557148056
20260906_h015_temporal_v3_implied_usd_rf,H015_compact_fx_decomposition,random_forest,full_market_with_fx_and_implied_usd,message_hit,pooled_with_corridor_thresholds,outer_2025,2025,False,10d14213e118585ccaa286e9,RUB_UZS,3,temporal_v3,0.2,0.20242914979757085,50,0.74,38.100985461082
20260906_h015_temporal_v3_implied_usd_rf,H015_compact_fx_decomposition,random_forest,full_market_with_fx_and_implied_usd,message_hit,pooled_with_corridor_thresholds,outer_2025,2025,False,10d14213e118585ccaa286e9,RUB_UZS,3,temporal_v3,0.4,0.4008097165991903,99,0.6767676767676768,43.53626949638485
20260906_h015_temporal_v3_implied_usd_rf,H015_compact_fx_decomposition,random_forest,full_market_with_fx_and_implied_usd,message_hit,pooled_with_corridor_thresholds,outer_2025,2025,False,10d14213e118585ccaa286e9,RUB_UZS,3,temporal_v3,0.6,0.6032388663967612,149,0.6510067114093959,46.23550911637517
20260906_h015_temporal_v3_implied_usd_rf,H015_compact_fx_decomposition,random_forest,full_market_with_fx_and_implied_usd,message_hit,pooled_with_corridor_thresholds,outer_2025,2025,False,10d14213e118585ccaa286e9,RUB_UZS,3,temporal_v3,0.8,0.8016194331983806,198,0.6161616161616161,54.634503867497976
20260906_h015_temporal_v3_implied_usd_rf,H015_compact_fx_decomposition,random_forest,full_market_with_fx_and_implied_usd,message_hit,pooled_with_corridor_thresholds,outer_2025,2025,False,10d14213e118585ccaa286e9,RUB_UZS,3,temporal_v3,1.0,1.0,247,0.5668016194331984,69.37008287785059
20260906_h015_temporal_v3_implied_usd_rf,H015_compact_fx_decomposition,random_forest,full_market_with_fx_and_implied_usd,message_hit,pooled_with_corridor_thresholds,outer_2026,2026,True,10d14213e118585ccaa286e9,RUB_AMD,3,temporal_v3,0.01,0.0125,2,1.0,0.0
20260906_h015_temporal_v3_implied_usd_rf,H015_compact_fx_decomposition,random_forest,full_market_with_fx_and_implied_usd,message_hit,pooled_with_corridor_thresholds,outer_2026,2026,True,10d14213e118585ccaa286e9,RUB_AMD,3,temporal_v3,0.02,0.025,4,1.0,0.0
20260906_h015_temporal_v3_implied_usd_rf,H015_compact_fx_decomposition,random_forest,full_market_with_fx_and_implied_usd,message_hit,pooled_with_corridor_thresholds,outer_2026,2026,True,10d14213e118585ccaa286e9,RUB_AMD,3,temporal_v3,0.05,0.05,8,0.875,15.525110723975
20260906_h015_temporal_v3_implied_usd_rf,H015_compact_fx_decomposition,random_forest,full_market_with_fx_and_implied_usd,message_hit,pooled_with_corridor_thresholds,outer_2026,2026,True,10d14213e118585ccaa286e9,RUB_AMD,3,temporal_v3,0.1,0.1,16,0.8125,19.63084895295
20260906_h015_temporal_v3_implied_usd_rf,H015_compact_fx_decomposition,random_forest,full_market_with_fx_and_implied_usd,message_hit,pooled_with_corridor_thresholds,outer_2026,2026,True,10d14213e118585ccaa286e9,RUB_AMD,3,temporal_v3,0.2,0.2,32,0.78125,23.081216926765624
20260906_h015_temporal_v3_implied_usd_rf,H015_compact_fx_decomposition,random_forest,full_market_with_fx_and_implied_usd,message_hit,pooled_with_corridor_thresholds,outer_2026,2026,True,10d14213e118585ccaa286e9,RUB_AMD,3,temporal_v3,0.4,0.4,64,0.71875,37.552266844459375
20260906_h015_temporal_v3_implied_usd_rf,H015_compact_fx_decomposition,random_forest,full_market_with_fx_and_implied_usd,message_hit,pooled_with_corridor_thresholds,outer_2026,2026,True,10d14213e118585ccaa286e9,RUB_AMD,3,temporal_v3,0.6,0.6,96,0.7395833333333334,37.71828019980521
20260906_h015_temporal_v3_implied_usd_rf,H015_compact_fx_decomposition,random_forest,full_market_with_fx_and_implied_usd,message_hit,pooled_with_corridor_thresholds,outer_2026,2026,True,10d14213e118585ccaa286e9,RUB_AMD,3,temporal_v3,0.8,0.8,128,0.6875,43.7709977861789
20260906_h015_temporal_v3_implied_usd_rf,H015_compact_fx_decomposition,random_forest,full_market_with_fx_and_implied_usd,message_hit,pooled_with_corridor_thresholds,outer_2026,2026,True,10d14213e118585ccaa286e9,RUB_AMD,3,temporal_v3,1.0,1.0,160,0.68125,44.583544425804995
20260906_h015_temporal_v3_implied_usd_rf,H015_compact_fx_decomposition,random_forest,full_market_with_fx_and_implied_usd,message_hit,pooled_with_corridor_thresholds,outer_2026,2026,True,10d14213e118585ccaa286e9,RUB_KGS,3,temporal_v3,0.01,0.0125,2,1.0,0.0
20260906_h015_temporal_v3_implied_usd_rf,H015_compact_fx_decomposition,random_forest,full_market_with_fx_and_implied_usd,message_hit,pooled_with_corridor_thresholds,outer_2026,2026,True,10d14213e118585ccaa286e9,RUB_KGS,3,temporal_v3,0.02,0.025,4,1.0,3.480146005675
20260906_h015_temporal_v3_implied_usd_rf,H015_compact_fx_decomposition,random_forest,full_market_with_fx_and_implied_usd,message_hit,pooled_with_corridor_thresholds,outer_2026,2026,True,10d14213e118585ccaa286e9,RUB_KGS,3,temporal_v3,0.05,0.05,8,1.0,7.1774278797874995
20260906_h015_temporal_v3_implied_usd_rf,H015_compact_fx_decomposition,random_forest,full_market_with_fx_and_implied_usd,message_hit,pooled_with_corridor_thresholds,outer_2026,2026,True,10d14213e118585ccaa286e9,RUB_KGS,3,temporal_v3,0.1,0.1,16,0.875,19.8459149039875
20260906_h015_temporal_v3_implied_usd_rf,H015_compact_fx_decomposition,random_forest,full_market_with_fx_and_implied_usd,message_hit,pooled_with_corridor_thresholds,outer_2026,2026,True,10d14213e118585ccaa286e9,RUB_KGS,3,temporal_v3,0.2,0.2,32,0.84375,20.813778687225
20260906_h015_temporal_v3_implied_usd_rf,H015_compact_fx_decomposition,random_forest,full_market_with_fx_and_implied_usd,message_hit,pooled_with_corridor_thresholds,outer_2026,2026,True,10d14213e118585ccaa286e9,RUB_KGS,3,temporal_v3,0.4,0.4,64,0.734375,37.73053606900625
20260906_h015_temporal_v3_implied_usd_rf,H015_compact_fx_decomposition,random_forest,full_market_with_fx_and_implied_usd,message_hit,pooled_with_corridor_thresholds,outer_2026,2026,True,10d14213e118585ccaa286e9,RUB_KGS,3,temporal_v3,0.6,0.6,96,0.71875,41.41457187443125
20260906_h015_temporal_v3_implied_usd_rf,H015_compact_fx_decomposition,random_forest,full_market_with_fx_and_implied_usd,message_hit,pooled_with_corridor_thresholds,outer_2026,2026,True,10d14213e118585ccaa286e9,RUB_KGS,3,temporal_v3,0.8,0.8,128,0.671875,44.19989184164922
20260906_h015_temporal_v3_implied_usd_rf,H015_compact_fx_decomposition,random_forest,full_market_with_fx_and_implied_usd,message_hit,pooled_with_corridor_thresholds,outer_2026,2026,True,10d14213e118585ccaa286e9,RUB_KGS,3,temporal_v3,1.0,1.0,160,0.65625,48.1754964138575
20260906_h015_temporal_v3_implied_usd_rf,H015_compact_fx_decomposition,random_forest,full_market_with_fx_and_implied_usd,message_hit,pooled_with_corridor_thresholds,outer_2026,2026,True,10d14213e118585ccaa286e9,RUB_KZT,3,temporal_v3,0.01,0.0125,2,1.0,0.0
20260906_h015_temporal_v3_implied_usd_rf,H015_compact_fx_decomposition,random_forest,full_market_with_fx_and_implied_usd,message_hit,pooled_with_corridor_thresholds,outer_2026,2026,True,10d14213e118585ccaa286e9,RUB_KZT,3,temporal_v3,0.02,0.025,4,0.75,34.174754798525
20260906_h015_temporal_v3_implied_usd_rf,H015_compact_fx_decomposition,random_forest,full_market_with_fx_and_implied_usd,message_hit,pooled_with_corridor_thresholds,outer_2026,2026,True,10d14213e118585ccaa286e9,RUB_KZT,3,temporal_v3,0.05,0.05,8,0.875,20.086588656412502
20260906_h015_temporal_v3_implied_usd_rf,H015_compact_fx_decomposition,random_forest,full_market_with_fx_and_implied_usd,message_hit,pooled_with_corridor_thresholds,outer_2026,2026,True,10d14213e118585ccaa286e9,RUB_KZT,3,temporal_v3,0.1,0.1,16,0.75,37.46298122540625
20260906_h015_temporal_v3_implied_usd_rf,H015_compact_fx_decomposition,random_forest,full_market_with_fx_and_implied_usd,message_hit,pooled_with_corridor_thresholds,outer_2026,2026,True,10d14213e118585ccaa286e9,RUB_KZT,3,temporal_v3,0.2,0.2,32,0.8125,29.124178498053126
20260906_h015_temporal_v3_implied_usd_rf,H015_compact_fx_decomposition,random_forest,full_market_with_fx_and_implied_usd,message_hit,pooled_with_corridor_thresholds,outer_2026,2026,True,10d14213e118585ccaa286e9,RUB_KZT,3,temporal_v3,0.4,0.4,64,0.71875,59.17213468584218
20260906_h015_temporal_v3_implied_usd_rf,H015_compact_fx_decomposition,random_forest,full_market_with_fx_and_implied_usd,message_hit,pooled_with_corridor_thresholds,outer_2026,2026,True,10d14213e118585ccaa286e9,RUB_KZT,3,temporal_v3,0.6,0.6,96,0.6666666666666666,63.023041433110414
20260906_h015_temporal_v3_implied_usd_rf,H015_compact_fx_decomposition,random_forest,full_market_with_fx_and_implied_usd,message_hit,pooled_with_corridor_thresholds,outer_2026,2026,True,10d14213e118585ccaa286e9,RUB_KZT,3,temporal_v3,0.8,0.8,128,0.6875,57.50377003276954
20260906_h015_temporal_v3_implied_usd_rf,H015_compact_fx_decomposition,random_forest,full_market_with_fx_and_implied_usd,message_hit,pooled_with_corridor_thresholds,outer_2026,2026,True,10d14213e118585ccaa286e9,RUB_KZT,3,temporal_v3,1.0,1.0,160,0.68125,57.38696087163438
20260906_h015_temporal_v3_implied_usd_rf,H015_compact_fx_decomposition,random_forest,full_market_with_fx_and_implied_usd,message_hit,pooled_with_corridor_thresholds,outer_2026,2026,True,10d14213e118585ccaa286e9,RUB_TJS,3,temporal_v3,0.01,0.012578616352201259,2,1.0,0.0
20260906_h015_temporal_v3_implied_usd_rf,H015_compact_fx_decomposition,random_forest,full_market_with_fx_and_implied_usd,message_hit,pooled_with_corridor_thresholds,outer_2026,2026,True,10d14213e118585ccaa286e9,RUB_TJS,3,temporal_v3,0.02,0.025157232704402517,4,1.0,0.0
20260906_h015_temporal_v3_implied_usd_rf,H015_compact_fx_decomposition,random_forest,full_market_with_fx_and_implied_usd,message_hit,pooled_with_corridor_thresholds,outer_2026,2026,True,10d14213e118585ccaa286e9,RUB_TJS,3,temporal_v3,0.05,0.050314465408805034,8,1.0,3.8093526685125
20260906_h015_temporal_v3_implied_usd_rf,H015_compact_fx_decomposition,random_forest,full_market_with_fx_and_implied_usd,message_hit,pooled_with_corridor_thresholds,outer_2026,2026,True,10d14213e118585ccaa286e9,RUB_TJS,3,temporal_v3,0.1,0.10062893081761007,16,0.875,19.289049720625002
20260906_h015_temporal_v3_implied_usd_rf,H015_compact_fx_decomposition,random_forest,full_market_with_fx_and_implied_usd,message_hit,pooled_with_corridor_thresholds,outer_2026,2026,True,10d14213e118585ccaa286e9,RUB_TJS,3,temporal_v3,0.2,0.20125786163522014,32,0.84375,17.396928882325
20260906_h015_temporal_v3_implied_usd_rf,H015_compact_fx_decomposition,random_forest,full_market_with_fx_and_implied_usd,message_hit,pooled_with_corridor_thresholds,outer_2026,2026,True,10d14213e118585ccaa286e9,RUB_TJS,3,temporal_v3,0.4,0.4025157232704403,64,0.734375,38.33089716095781
20260906_h015_temporal_v3_implied_usd_rf,H015_compact_fx_decomposition,random_forest,full_market_with_fx_and_implied_usd,message_hit,pooled_with_corridor_thresholds,outer_2026,2026,True,10d14213e118585ccaa286e9,RUB_TJS,3,temporal_v3,0.6,0.6037735849056604,96,0.6979166666666666,41.35658004064584
20260906_h015_temporal_v3_implied_usd_rf,H015_compact_fx_decomposition,random_forest,full_market_with_fx_and_implied_usd,message_hit,pooled_with_corridor_thresholds,outer_2026,2026,True,10d14213e118585ccaa286e9,RUB_TJS,3,temporal_v3,0.8,0.8050314465408805,128,0.6484375,45.71744657437422
20260906_h015_temporal_v3_implied_usd_rf,H015_compact_fx_decomposition,random_forest,full_market_with_fx_and_implied_usd,message_hit,pooled_with_corridor_thresholds,outer_2026,2026,True,10d14213e118585ccaa286e9,RUB_TJS,3,temporal_v3,1.0,1.0,159,0.660377358490566,44.771784239261635
20260906_h015_temporal_v3_implied_usd_rf,H015_compact_fx_decomposition,random_forest,full_market_with_fx_and_implied_usd,message_hit,pooled_with_corridor_thresholds,outer_2026,2026,True,10d14213e118585ccaa286e9,RUB_UZS,3,temporal_v3,0.01,0.012658227848101266,2,1.0,15.3350315976
20260906_h015_temporal_v3_implied_usd_rf,H015_compact_fx_decomposition,random_forest,full_market_with_fx_and_implied_usd,message_hit,pooled_with_corridor_thresholds,outer_2026,2026,True,10d14213e118585ccaa286e9,RUB_UZS,3,temporal_v3,0.02,0.02531645569620253,4,1.0,10.328213769475
20260906_h015_temporal_v3_implied_usd_rf,H015_compact_fx_decomposition,random_forest,full_market_with_fx_and_implied_usd,message_hit,pooled_with_corridor_thresholds,outer_2026,2026,True,10d14213e118585ccaa286e9,RUB_UZS,3,temporal_v3,0.05,0.05063291139240506,8,0.875,32.0677338633875
20260906_h015_temporal_v3_implied_usd_rf,H015_compact_fx_decomposition,random_forest,full_market_with_fx_and_implied_usd,message_hit,pooled_with_corridor_thresholds,outer_2026,2026,True,10d14213e118585ccaa286e9,RUB_UZS,3,temporal_v3,0.1,0.10126582278481013,16,0.75,31.248170266349998
20260906_h015_temporal_v3_implied_usd_rf,H015_compact_fx_decomposition,random_forest,full_market_with_fx_and_implied_usd,message_hit,pooled_with_corridor_thresholds,outer_2026,2026,True,10d14213e118585ccaa286e9,RUB_UZS,3,temporal_v3,0.2,0.20253164556962025,32,0.71875,29.59520776557187
20260906_h015_temporal_v3_implied_usd_rf,H015_compact_fx_decomposition,random_forest,full_market_with_fx_and_implied_usd,message_hit,pooled_with_corridor_thresholds,outer_2026,2026,True,10d14213e118585ccaa286e9,RUB_UZS,3,temporal_v3,0.4,0.4050632911392405,64,0.71875,36.799153520807806
20260906_h015_temporal_v3_implied_usd_rf,H015_compact_fx_decomposition,random_forest,full_market_with_fx_and_implied_usd,message_hit,pooled_with_corridor_thresholds,outer_2026,2026,True,10d14213e118585ccaa286e9,RUB_UZS,3,temporal_v3,0.6,0.6012658227848101,95,0.6736842105263158,42.02529527710738
20260906_h015_temporal_v3_implied_usd_rf,H015_compact_fx_decomposition,random_forest,full_market_with_fx_and_implied_usd,message_hit,pooled_with_corridor_thresholds,outer_2026,2026,True,10d14213e118585ccaa286e9,RUB_UZS,3,temporal_v3,0.8,0.8037974683544303,127,0.6692913385826772,43.13848340130236
20260906_h015_temporal_v3_implied_usd_rf,H015_compact_fx_decomposition,random_forest,full_market_with_fx_and_implied_usd,message_hit,pooled_with_corridor_thresholds,outer_2026,2026,True,10d14213e118585ccaa286e9,RUB_UZS,3,temporal_v3,1.0,1.0,158,0.6392405063291139,49.20816394093734
