run_id,hypothesis_id,model_id,feature_set_id,target_id,strategy,outer_fold,test_year,is_partial_fold,universe_id,corridor,threshold,policy_status,inactive_reason,artifact_schema_version,evaluation_protocol_version
20260906_h015_temporal_v3_implied_usd_rf,H015_compact_fx_decomposition,random_forest,full_market_with_fx_and_implied_usd,message_hit,pooled_with_corridor_thresholds,outer_2022,2022,False,10d14213e118585ccaa286e9,RUB_AMD,0.6400329281162404,active,,3,temporal_v3
20260906_h015_temporal_v3_implied_usd_rf,H015_compact_fx_decomposition,random_forest,full_market_with_fx_and_implied_usd,message_hit,pooled_with_corridor_thresholds,outer_2022,2022,False,10d14213e118585ccaa286e9,RUB_KGS,0.5962633032004251,active,,3,temporal_v3
20260906_h015_temporal_v3_implied_usd_rf,H015_compact_fx_decomposition,random_forest,full_market_with_fx_and_implied_usd,message_hit,pooled_with_corridor_thresholds,outer_2022,2022,False,10d14213e118585ccaa286e9,RUB_KZT,0.6303950052609208,active,,3,temporal_v3
20260906_h015_temporal_v3_implied_usd_rf,H015_compact_fx_decomposition,random_forest,full_market_with_fx_and_implied_usd,message_hit,pooled_with_corridor_thresholds,outer_2022,2022,False,10d14213e118585ccaa286e9,RUB_TJS,0.6880570097718061,active,,3,temporal_v3
20260906_h015_temporal_v3_implied_usd_rf,H015_compact_fx_decomposition,random_forest,full_market_with_fx_and_implied_usd,message_hit,pooled_with_corridor_thresholds,outer_2022,2022,False,10d14213e118585ccaa286e9,RUB_UZS,0.6934384994955723,active,,3,temporal_v3
20260906_h015_temporal_v3_implied_usd_rf,H015_compact_fx_decomposition,random_forest,full_market_with_fx_and_implied_usd,message_hit,pooled_with_corridor_thresholds,outer_2023,2023,False,10d14213e118585ccaa286e9,RUB_AMD,0.5373666456707419,active,,3,temporal_v3
20260906_h015_temporal_v3_implied_usd_rf,H015_compact_fx_decomposition,random_forest,full_market_with_fx_and_implied_usd,message_hit,pooled_with_corridor_thresholds,outer_2023,2023,False,10d14213e118585ccaa286e9,RUB_KGS,0.5355778055815938,active,,3,temporal_v3
20260906_h015_temporal_v3_implied_usd_rf,H015_compact_fx_decomposition,random_forest,full_market_with_fx_and_implied_usd,message_hit,pooled_with_corridor_thresholds,outer_2023,2023,False,10d14213e118585ccaa286e9,RUB_KZT,0.5332380532115013,active,,3,temporal_v3
20260906_h015_temporal_v3_implied_usd_rf,H015_compact_fx_decomposition,random_forest,full_market_with_fx_and_implied_usd,message_hit,pooled_with_corridor_thresholds,outer_2023,2023,False,10d14213e118585ccaa286e9,RUB_TJS,0.5334221549309187,active,,3,temporal_v3
20260906_h015_temporal_v3_implied_usd_rf,H015_compact_fx_decomposition,random_forest,full_market_with_fx_and_implied_usd,message_hit,pooled_with_corridor_thresholds,outer_2023,2023,False,10d14213e118585ccaa286e9,RUB_UZS,0.5511987934350666,active,,3,temporal_v3
20260906_h015_temporal_v3_implied_usd_rf,H015_compact_fx_decomposition,random_forest,full_market_with_fx_and_implied_usd,message_hit,pooled_with_corridor_thresholds,outer_2024,2024,False,10d14213e118585ccaa286e9,RUB_AMD,0.5692835496802593,active,,3,temporal_v3
20260906_h015_temporal_v3_implied_usd_rf,H015_compact_fx_decomposition,random_forest,full_market_with_fx_and_implied_usd,message_hit,pooled_with_corridor_thresholds,outer_2024,2024,False,10d14213e118585ccaa286e9,RUB_KGS,0.5538285958622979,active,,3,temporal_v3
20260906_h015_temporal_v3_implied_usd_rf,H015_compact_fx_decomposition,random_forest,full_market_with_fx_and_implied_usd,message_hit,pooled_with_corridor_thresholds,outer_2024,2024,False,10d14213e118585ccaa286e9,RUB_KZT,0.5410402955505333,active,,3,temporal_v3
20260906_h015_temporal_v3_implied_usd_rf,H015_compact_fx_decomposition,random_forest,full_market_with_fx_and_implied_usd,message_hit,pooled_with_corridor_thresholds,outer_2024,2024,False,10d14213e118585ccaa286e9,RUB_TJS,0.4932329766692642,active,,3,temporal_v3
20260906_h015_temporal_v3_implied_usd_rf,H015_compact_fx_decomposition,random_forest,full_market_with_fx_and_implied_usd,message_hit,pooled_with_corridor_thresholds,outer_2024,2024,False,10d14213e118585ccaa286e9,RUB_UZS,0.5635717981757326,active,,3,temporal_v3
20260906_h015_temporal_v3_implied_usd_rf,H015_compact_fx_decomposition,random_forest,full_market_with_fx_and_implied_usd,message_hit,pooled_with_corridor_thresholds,outer_2025,2025,False,10d14213e118585ccaa286e9,RUB_AMD,0.6094168108698839,active,,3,temporal_v3
20260906_h015_temporal_v3_implied_usd_rf,H015_compact_fx_decomposition,random_forest,full_market_with_fx_and_implied_usd,message_hit,pooled_with_corridor_thresholds,outer_2025,2025,False,10d14213e118585ccaa286e9,RUB_KGS,0.5992268696986511,active,,3,temporal_v3
20260906_h015_temporal_v3_implied_usd_rf,H015_compact_fx_decomposition,random_forest,full_market_with_fx_and_implied_usd,message_hit,pooled_with_corridor_thresholds,outer_2025,2025,False,10d14213e118585ccaa286e9,RUB_KZT,0.5351842875026545,active,,3,temporal_v3
20260906_h015_temporal_v3_implied_usd_rf,H015_compact_fx_decomposition,random_forest,full_market_with_fx_and_implied_usd,message_hit,pooled_with_corridor_thresholds,outer_2025,2025,False,10d14213e118585ccaa286e9,RUB_TJS,0.596273155468663,active,,3,temporal_v3
20260906_h015_temporal_v3_implied_usd_rf,H015_compact_fx_decomposition,random_forest,full_market_with_fx_and_implied_usd,message_hit,pooled_with_corridor_thresholds,outer_2025,2025,False,10d14213e118585ccaa286e9,RUB_UZS,0.5981608156330157,active,,3,temporal_v3
20260906_h015_temporal_v3_implied_usd_rf,H015_compact_fx_decomposition,random_forest,full_market_with_fx_and_implied_usd,message_hit,pooled_with_corridor_thresholds,outer_2026,2026,True,10d14213e118585ccaa286e9,RUB_AMD,0.6033382152055541,active,,3,temporal_v3
20260906_h015_temporal_v3_implied_usd_rf,H015_compact_fx_decomposition,random_forest,full_market_with_fx_and_implied_usd,message_hit,pooled_with_corridor_thresholds,outer_2026,2026,True,10d14213e118585ccaa286e9,RUB_KGS,0.6118268888368273,active,,3,temporal_v3
20260906_h015_temporal_v3_implied_usd_rf,H015_compact_fx_decomposition,random_forest,full_market_with_fx_and_implied_usd,message_hit,pooled_with_corridor_thresholds,outer_2026,2026,True,10d14213e118585ccaa286e9,RUB_KZT,0.5906820053661287,active,,3,temporal_v3
20260906_h015_temporal_v3_implied_usd_rf,H015_compact_fx_decomposition,random_forest,full_market_with_fx_and_implied_usd,message_hit,pooled_with_corridor_thresholds,outer_2026,2026,True,10d14213e118585ccaa286e9,RUB_TJS,0.6010722793435379,active,,3,temporal_v3
20260906_h015_temporal_v3_implied_usd_rf,H015_compact_fx_decomposition,random_forest,full_market_with_fx_and_implied_usd,message_hit,pooled_with_corridor_thresholds,outer_2026,2026,True,10d14213e118585ccaa286e9,RUB_UZS,0.5926396887914117,active,,3,temporal_v3
