outer_fold,corridor,requested_signals_per_week,frontier_status_left,signals_per_week_left,signal_hit_rate_left,matched_random_hit_rate_left,lift_left,mean_realized_regret_bps_left,frontier_status_right,signals_per_week_right,signal_hit_rate_right,matched_random_hit_rate_right,lift_right,mean_realized_regret_bps_right,delta_hit_rate,delta_mean_regret_bps,frequency_gap_per_week
outer_2022,RUB_AMD,0.1,active,0.0,,,,,active,0.0958904109589041,0.6,0.3734,1.6068559185859668,149.76953105324,,,0.0958904109589041
outer_2022,RUB_AMD,0.2,active,0.0,,,,,active,0.1150684931506849,0.1666666666666666,0.3624166666666666,0.4598758335249483,204.41288618735,,,0.1150684931506849
outer_2022,RUB_AMD,0.3,active,0.0,,,,,active,0.1534246575342465,0.375,0.42275,0.8870490833826138,153.3096646405125,,,0.1534246575342465
outer_2022,RUB_AMD,0.4,active,0.0,,,,,active,0.1917808219178082,0.5,0.4658,1.07342206955775,122.64773171241,,,0.1917808219178082
outer_2022,RUB_AMD,0.5,active,0.0958904109589041,1.0,0.6055,1.6515276630883566,0.66114021258,active,0.2876712328767123,0.4666666666666667,0.4979333333333333,0.9372071227741332,120.81114501274668,-0.5333333333333333,120.15000480016668,0.1917808219178082
outer_2022,RUB_AMD,0.6,active,0.1726027397260273,0.8888888888888888,0.588388888888889,1.510716646209045,20.9910346314,active,0.3068493150684931,0.5,0.5133125,0.9740655059052722,113.26044844945,-0.38888888888888884,92.26941381805,0.1342465753424658
outer_2022,RUB_AMD,0.7,active,0.2876712328767123,0.8666666666666667,0.5864333333333333,1.4778605127039166,28.5857349196,active,0.3643835616438356,0.5263157894736842,0.5178684210526315,1.0163118044616088,111.67857393432104,-0.3403508771929825,83.09283901472104,0.0767123287671233
outer_2022,RUB_AMD,0.8,active,0.3835616438356164,0.6,0.5451500000000001,1.1006145097679534,63.67378123849001,active,0.4602739726027397,0.625,0.5208333333333333,1.2000000000000002,89.80381681042083,0.025000000000000022,26.13003557193082,0.0767123287671233
outer_2022,RUB_AMD,0.9,active,0.6904109589041095,0.5277777777777778,0.5283194444444443,0.9989747364546916,102.8328250661222,active,0.6520547945205479,0.5294117647058824,0.5498529411764707,0.9628242845680662,98.79515988219704,0.0016339869281045694,-4.0376651839251565,-0.0383561643835616
outer_2022,RUB_AMD,1.0,active,0.8438356164383561,0.5,0.5552727272727273,0.9004584151931893,177.92223250167046,active,0.7671232876712328,0.45,0.5446875,0.8261617900172117,137.22916687826498,-0.04999999999999999,-40.69306562340549,-0.0767123287671233
outer_2022,RUB_AMD,1.1,active,0.8438356164383561,0.5,0.553215909090909,0.9038062568042232,177.92223250167046,active,0.7671232876712328,0.45,0.543375,0.8281573498964803,137.22916687826498,-0.04999999999999999,-40.69306562340549,-0.0767123287671233
outer_2022,RUB_AMD,1.2,active,0.8438356164383561,0.5,0.5545795454545455,0.9015839190213716,177.92223250167046,active,0.7671232876712328,0.45,0.5452125000000001,0.8253662562762224,137.22916687826498,-0.04999999999999999,-40.69306562340549,-0.0767123287671233
outer_2022,RUB_AMD,1.3,active,0.8438356164383561,0.5,0.5514886363636362,0.90663699491047,177.92223250167046,active,0.7671232876712328,0.45,0.5418375,0.8305073015433595,137.22916687826498,-0.04999999999999999,-40.69306562340549,-0.0767123287671233
outer_2022,RUB_AMD,1.4,active,0.8438356164383561,0.5,0.5559090909090909,0.8994276369582993,177.92223250167046,active,0.7671232876712328,0.45,0.545775,0.8245155970867115,137.22916687826498,-0.04999999999999999,-40.69306562340549,-0.0767123287671233
outer_2022,RUB_KGS,0.1,active,0.0,,,,,active,0.0383561643835616,0.5,0.44325,1.1280315848843767,185.77537525365,,,0.0383561643835616
outer_2022,RUB_KGS,0.2,active,0.0,,,,,active,0.0575342465753424,0.3333333333333333,0.4251666666666666,0.7840062720501764,239.88096997340003,,,0.0575342465753424
outer_2022,RUB_KGS,0.3,active,0.0,,,,,active,0.0958904109589041,0.4,0.3949,1.0129146619397316,157.74696010142003,,,0.0958904109589041
outer_2022,RUB_KGS,0.4,active,0.0,,,,,active,0.1917808219178082,0.6,0.45065,1.3314101852879174,158.75127176299,,,0.1917808219178082
outer_2022,RUB_KGS,0.5,active,0.0767123287671232,1.0,0.634875,1.5751132112620596,1.519822508575,active,0.2301369863013698,0.5,0.4659166666666666,1.0731532820604543,149.90866460122498,-0.5,148.38884209264998,0.1534246575342466
outer_2022,RUB_KGS,0.6,active,0.1150684931506849,1.0,0.6038333333333332,1.6560861164780571,1.013215005716667,active,0.2876712328767123,0.4666666666666667,0.5145666666666666,0.9069119647599924,150.01354598738666,-0.5333333333333333,149.00033098167,0.1726027397260274
outer_2022,RUB_KGS,0.7,active,0.1917808219178082,0.9,0.54935,1.6382998088650222,15.845586097079998,active,0.3643835616438356,0.5789473684210527,0.5381315789473684,1.0758472296933836,118.92233101661051,-0.32105263157894737,103.07674491953051,0.1726027397260274
outer_2022,RUB_KGS,0.8,active,0.3643835616438356,0.7368421052631579,0.5734210526315789,1.2849931161083066,49.90090584427895,active,0.5178082191780822,0.6296296296296297,0.5412407407407408,1.16330790022924,97.64465945099629,-0.1072124756335282,47.743753606717334,0.15342465753424656
outer_2022,RUB_KGS,0.9,active,0.6712328767123287,0.5428571428571428,0.528557142857143,1.0270547852644665,87.78231097776286,active,0.6712328767123287,0.5428571428571428,0.5446857142857143,0.9966428871170792,102.18333290040856,0.0,14.401021922645697,0.0
outer_2022,RUB_KGS,1.0,active,0.8246575342465753,0.4883720930232558,0.5467209302325582,0.8932749159896208,132.5809763777372,active,0.747945205479452,0.5128205128205128,0.5428076923076923,0.9447554264389804,101.8508649124846,0.02444841979725698,-30.73011146525259,-0.0767123287671233
outer_2022,RUB_KGS,1.1,active,0.9205479452054794,0.4583333333333333,0.5394166666666668,0.8496832998609607,172.62377610425628,active,0.7863013698630137,0.5121951219512195,0.5436951219512196,0.9420631182289212,121.91744714367316,0.05386178861788621,-50.70632896058312,-0.13424657534246576
outer_2022,RUB_KGS,1.2,active,0.9205479452054794,0.4583333333333333,0.5379895833333334,0.8519371889945204,172.62377610425628,active,0.7863013698630137,0.5121951219512195,0.5447560975609756,0.9402283411685696,121.91744714367316,0.05386178861788621,-50.70632896058312,-0.13424657534246576
outer_2022,RUB_KGS,1.3,active,0.9205479452054794,0.4583333333333333,0.5399479166666666,0.8488473039452108,172.62377610425628,active,0.7863013698630137,0.5121951219512195,0.544939024390244,0.9399127223900636,121.91744714367316,0.05386178861788621,-50.70632896058312,-0.13424657534246576
outer_2022,RUB_KGS,1.4,active,0.9205479452054794,0.4583333333333333,0.5394687500000002,0.8496012666782519,172.62377610425628,active,0.7863013698630137,0.5121951219512195,0.5445121951219513,0.9406494960806272,121.91744714367316,0.05386178861788621,-50.70632896058312,-0.13424657534246576
outer_2022,RUB_KZT,0.1,active,0.0,,,,,active,0.0383561643835616,0.5,0.3475,1.4388489208633095,56.28125473555,,,0.0383561643835616
outer_2022,RUB_KZT,0.2,active,0.0,,,,,active,0.0958904109589041,0.4,0.3637,1.0998075336816058,159.4792274194,,,0.0958904109589041
outer_2022,RUB_KZT,0.3,active,0.0,,,,,active,0.1342465753424657,0.4285714285714285,0.3299285714285714,1.2989824637367395,147.70096791355715,,,0.1342465753424657
outer_2022,RUB_KZT,0.4,active,0.0,,,,,active,0.1917808219178082,0.5,0.3566,1.4021312394840155,121.48235128041,,,0.1917808219178082
outer_2022,RUB_KZT,0.5,active,0.0,,,,,active,0.2493150684931506,0.3846153846153846,0.354,1.086484137331595,122.0724253167,,,0.2493150684931506
outer_2022,RUB_KZT,0.6,active,0.0191780821917808,1.0,0.7415,1.3486176668914365,0.0,active,0.2493150684931506,0.3076923076923077,0.3582307692307693,0.8589220528237062,131.98553145945385,-0.6923076923076923,131.98553145945385,0.2301369863013698
outer_2022,RUB_KZT,0.7,active,0.0958904109589041,0.8,0.4786,1.671541997492687,55.122156412,active,0.2876712328767123,0.2666666666666666,0.3825666666666667,0.6970462664459353,144.38448392667334,-0.5333333333333334,89.26232751467333,0.1917808219178082
outer_2022,RUB_KZT,0.8,active,0.210958904109589,0.7272727272727273,0.5062727272727272,1.4365236128568866,48.22563307438181,active,0.3835616438356164,0.4,0.44795,0.8929568032146445,121.287891438085,-0.32727272727272727,73.0622583637032,0.1726027397260274
outer_2022,RUB_KZT,0.9,active,0.421917808219178,0.6363636363636364,0.4479090909090908,1.4207428455449564,66.49067765507728,active,0.5945205479452055,0.5161290322580645,0.4318870967741934,1.1950554580423502,119.36059050026452,-0.12023460410557185,52.869912845187244,0.17260273972602747
outer_2022,RUB_KZT,1.0,active,0.7671232876712328,0.45,0.460075,0.9781013965114383,161.9623209683125,active,0.7287671232876712,0.5263157894736842,0.4532368421052631,1.161237879579632,130.39182478560792,0.07631578947368417,-31.570496182704574,-0.0383561643835616
outer_2022,RUB_KZT,1.1,active,0.8246575342465753,0.4883720930232558,0.4758837209302325,1.0262424864389386,184.59621137976976,active,0.7671232876712328,0.5,0.4453125,1.1228070175438596,147.9259682420825,0.011627906976744207,-36.670243137687265,-0.05753424657534245
outer_2022,RUB_KZT,1.2,active,0.8246575342465753,0.4883720930232558,0.4774418604651163,1.0228933268387723,184.59621137976976,active,0.7671232876712328,0.5,0.4466375,1.11947608519213,147.9259682420825,0.011627906976744207,-36.670243137687265,-0.05753424657534245
outer_2022,RUB_KZT,1.3,active,0.8246575342465753,0.4883720930232558,0.4764651162790698,1.0249902381882077,184.59621137976976,active,0.7671232876712328,0.5,0.444325,1.1253024250267258,147.9259682420825,0.011627906976744207,-36.670243137687265,-0.05753424657534245
outer_2022,RUB_KZT,1.4,active,0.8246575342465753,0.4883720930232558,0.4748720930232558,1.0284287078527878,184.59621137976976,active,0.7671232876712328,0.5,0.4453000000000001,1.122838535818549,147.9259682420825,0.011627906976744207,-36.670243137687265,-0.05753424657534245
outer_2022,RUB_TJS,0.1,active,0.0,,,,,active,0.0383561643835616,0.5,0.3855,1.297016861219196,97.5271287376,,,0.0383561643835616
outer_2022,RUB_TJS,0.2,active,0.0,,,,,active,0.0767123287671232,0.25,0.393125,0.6359300476947536,257.57278666305,,,0.0767123287671232
outer_2022,RUB_TJS,0.3,active,0.0,,,,,active,0.1150684931506849,0.3333333333333333,0.3851666666666666,0.8654262224145393,204.91610989445,,,0.1150684931506849
outer_2022,RUB_TJS,0.4,active,0.0,,,,,active,0.1726027397260273,0.5555555555555556,0.4456666666666666,1.2465719272001996,136.61073992963333,,,0.1726027397260273
outer_2022,RUB_TJS,0.5,active,0.0383561643835616,1.0,0.6535,1.5302218821729152,0.0,active,0.210958904109589,0.5454545454545454,0.496090909090909,1.0995052226498077,121.2922435766091,-0.4545454545454546,121.2922435766091,0.1726027397260274
outer_2022,RUB_TJS,0.6,active,0.1342465753424657,1.0,0.5757857142857142,1.736757226150602,2.7954627937285714,active,0.2493150684931506,0.4615384615384615,0.4778846153846154,0.96579476861167,144.38187685809228,-0.5384615384615385,141.5864140643637,0.1150684931506849
outer_2022,RUB_TJS,0.7,active,0.210958904109589,0.9090909090909092,0.5796818181818181,1.568258448992394,18.109592064954544,active,0.3452054794520547,0.5555555555555556,0.525,1.058201058201058,111.70618512400554,-0.3535353535353536,93.596593059051,0.1342465753424657
outer_2022,RUB_TJS,0.8,active,0.3452054794520547,0.7222222222222222,0.5553611111111111,1.3004551593057572,48.296517162250005,active,0.4794520547945205,0.6,0.55136,1.0882182240278584,121.695761333468,-0.12222222222222223,73.39924417121799,0.1342465753424658
outer_2022,RUB_TJS,0.9,active,0.6520547945205479,0.5588235294117647,0.5485882352941176,1.0186575166202017,131.43857363069705,active,0.6712328767123287,0.5714285714285714,0.5491857142857143,1.0405015217334754,119.93740084357144,0.012605042016806678,-11.501172787125611,0.019178082191780743
outer_2022,RUB_TJS,1.0,active,0.8438356164383561,0.5,0.5687272727272727,0.879156010230179,194.68756730975457,active,0.7671232876712328,0.5,0.560975,0.8913053166362137,150.758556700355,0.0,-43.92901060939957,-0.0767123287671233
outer_2022,RUB_TJS,1.1,active,0.8438356164383561,0.5,0.5675681818181818,0.8809514275417452,194.68756730975457,active,0.7671232876712328,0.5,0.5620875000000001,0.8895412191162407,150.758556700355,0.0,-43.92901060939957,-0.0767123287671233
outer_2022,RUB_TJS,1.2,active,0.8438356164383561,0.5,0.5676590909090908,0.8808103455178765,194.68756730975457,active,0.7671232876712328,0.5,0.561,0.89126559714795,150.758556700355,0.0,-43.92901060939957,-0.0767123287671233
outer_2022,RUB_TJS,1.3,active,0.8438356164383561,0.5,0.5671363636363637,0.8816221848200689,194.68756730975457,active,0.7671232876712328,0.5,0.5590499999999999,0.8943743851176104,150.758556700355,0.0,-43.92901060939957,-0.0767123287671233
outer_2022,RUB_TJS,1.4,active,0.8438356164383561,0.5,0.569715909090909,0.877630397925601,194.68756730975457,active,0.7671232876712328,0.5,0.5615125000000001,0.8904521270675184,150.758556700355,0.0,-43.92901060939957,-0.0767123287671233
outer_2022,RUB_UZS,0.1,active,0.0,,,,,active,0.0383561643835616,0.5,0.38275,1.3063357282821686,106.334418228,,,0.0383561643835616
outer_2022,RUB_UZS,0.2,active,0.0,,,,,active,0.0958904109589041,0.4,0.3402,1.1757789535567311,205.9427859772,,,0.0958904109589041
outer_2022,RUB_UZS,0.3,active,0.0,,,,,active,0.1150684931506849,0.3333333333333333,0.3346666666666666,0.9960159362549802,207.75129694621668,,,0.1150684931506849
outer_2022,RUB_UZS,0.4,active,0.0,,,,,active,0.1917808219178082,0.6,0.4281,1.401541695865452,128.29714249966,,,0.1917808219178082
outer_2022,RUB_UZS,0.5,active,0.0575342465753424,1.0,0.5588333333333333,1.789442290486132,0.0,active,0.2301369863013698,0.4166666666666667,0.4120833333333333,1.0111223458038423,146.49782432895,-0.5833333333333333,146.49782432895,0.1726027397260274
outer_2022,RUB_UZS,0.6,active,0.1342465753424657,1.0,0.5462142857142857,1.830783313717798,1.3171118600142857,active,0.3068493150684931,0.4375,0.4576875,0.9558923938276662,141.68403604500625,-0.5625,140.36692418499197,0.1726027397260274
outer_2022,RUB_UZS,0.7,active,0.1917808219178082,0.9,0.5561499999999999,1.6182684527555518,22.60136348114,active,0.3260273972602739,0.4705882352941176,0.4722941176470588,0.9963880931622866,133.3496809835353,-0.42941176470588244,110.74831750239531,0.1342465753424657
outer_2022,RUB_UZS,0.8,active,0.3643835616438356,0.6842105263157895,0.5155263157894736,1.3272077590607454,62.22563283908947,active,0.4602739726027397,0.5833333333333334,0.4949375,1.1785999915814287,99.36498109726664,-0.10087719298245612,37.139348258177165,0.0958904109589041
outer_2022,RUB_UZS,0.9,active,0.6520547945205479,0.5882352941176471,0.508,1.1579434923575729,94.76167025112058,active,0.6520547945205479,0.5588235294117647,0.5042794117647058,1.108162491615876,98.50066532367352,-0.02941176470588236,3.738995072552939,0.0
outer_2022,RUB_UZS,1.0,active,0.8054794520547944,0.4523809523809524,0.5203095238095239,0.8694458426760626,167.99751749344762,active,0.747945205479452,0.4871794871794871,0.5100128205128206,0.9552298836127798,119.23636826260513,0.03479853479853473,-48.76114923084249,-0.05753424657534245
outer_2022,RUB_UZS,1.1,active,0.8821917808219177,0.3695652173913043,0.5294239130434782,0.6980516147576323,197.2820434065761,active,0.747945205479452,0.4871794871794871,0.5076025641025641,0.9597656151339884,119.23636826260513,0.11761426978818279,-78.04567514397097,-0.13424657534246576
outer_2022,RUB_UZS,1.2,active,0.8821917808219177,0.3695652173913043,0.5313369565217392,0.6955383262074749,197.2820434065761,active,0.747945205479452,0.4871794871794871,0.5095512820512821,0.9560951063026796,119.23636826260513,0.11761426978818279,-78.04567514397097,-0.13424657534246576
outer_2022,RUB_UZS,1.3,active,0.8821917808219177,0.3695652173913043,0.5286847826086958,0.6990275293488762,197.2820434065761,active,0.747945205479452,0.4871794871794871,0.5083333333333333,0.9583858764186634,119.23636826260513,0.11761426978818279,-78.04567514397097,-0.13424657534246576
outer_2022,RUB_UZS,1.4,active,0.8821917808219177,0.3695652173913043,0.5300652173913043,0.6972070704999385,197.2820434065761,active,0.747945205479452,0.4871794871794871,0.5083333333333333,0.9583858764186634,119.23636826260513,0.11761426978818279,-78.04567514397097,-0.13424657534246576
outer_2023,RUB_AMD,0.1,active,0.1726027397260273,0.8888888888888888,0.6818888888888889,1.3035685188202704,11.02814804852222,active,0.1342465753424657,1.0,0.6495714285714285,1.539476577963493,2.1784961802142857,0.11111111111111116,-8.849651868307935,-0.0383561643835616
outer_2023,RUB_AMD,0.2,active,0.3452054794520547,0.8888888888888888,0.7013055555555554,1.2674773240384998,20.60832946777778,active,0.2301369863013698,0.8333333333333334,0.6335,1.3154433043935807,18.394890541025003,-0.05555555555555547,-2.213438926752776,-0.1150684931506849
outer_2023,RUB_AMD,0.3,active,0.421917808219178,0.8636363636363636,0.7075,1.2206874397687115,26.125869945068185,active,0.3068493150684931,0.75,0.6589375,1.1381959594043445,31.608109226625004,-0.11363636363636365,5.482239281556819,-0.1150684931506849
outer_2023,RUB_AMD,0.4,active,0.4986301369863013,0.8461538461538461,0.7022307692307693,1.2049512542447145,27.96124081135,active,0.3643835616438356,0.8421052631578947,0.6883421052631579,1.223381886301946,24.25161566087368,-0.004048582995951455,-3.7096251504763202,-0.1342465753424657
outer_2023,RUB_AMD,0.5,active,0.5945205479452055,0.8387096774193549,0.7149677419354838,1.173073452445407,24.766949609861296,active,0.421917808219178,0.8181818181818182,0.7086363636363637,1.1545862732520846,32.46076223605001,-0.02052785923753664,7.693812626188713,-0.17260273972602747
outer_2023,RUB_AMD,0.6,active,0.6520547945205479,0.7647058823529411,0.7086176470588235,1.0791516208027228,31.80511180940588,active,0.5753424657534246,0.8,0.7059833333333332,1.133171226893931,29.197915443893336,0.03529411764705892,-2.607196365512543,-0.0767123287671233
outer_2023,RUB_AMD,0.7,active,0.7287671232876712,0.7631578947368421,0.7132368421052632,1.0699922517802458,36.08823422511316,active,0.6712328767123287,0.8,0.709,1.1283497884344147,34.878362450234285,0.0368421052631579,-1.2098717748788772,-0.05753424657534256
outer_2023,RUB_AMD,0.8,active,0.8246575342465753,0.6976744186046512,0.7125697674418603,0.979096294120527,68.06880546129302,active,0.8054794520547944,0.6904761904761905,0.7117261904761905,0.9701430124613196,55.10717156052618,-0.007198228128460715,-12.961633900766842,-0.019178082191780854
outer_2023,RUB_AMD,0.9,active,0.8821917808219177,0.5869565217391305,0.7001739130434782,0.8383010432190762,80.6734689102087,active,0.9205479452054794,0.6666666666666666,0.7024791666666668,0.9490198404460392,65.26429715167917,0.07971014492753614,-15.409171758529524,0.03835616438356171
outer_2023,RUB_AMD,1.0,active,0.978082191780822,0.6470588235294118,0.6953627450980391,0.9305342112312662,78.83448485765686,active,0.978082191780822,0.6470588235294118,0.6953627450980391,0.9305342112312662,84.94545128384708,0.0,6.110966426190217,0.0
outer_2023,RUB_AMD,1.1,active,0.978082191780822,0.6470588235294118,0.6956176470588235,0.9301932265020508,78.83448485765686,active,0.978082191780822,0.6470588235294118,0.6956176470588235,0.9301932265020508,84.94545128384708,0.0,6.110966426190217,0.0
outer_2023,RUB_AMD,1.2,active,0.978082191780822,0.6470588235294118,0.6969901960784314,0.9283614420547732,78.83448485765686,active,0.978082191780822,0.6470588235294118,0.6969901960784314,0.9283614420547732,84.94545128384708,0.0,6.110966426190217,0.0
outer_2023,RUB_AMD,1.3,active,0.978082191780822,0.6470588235294118,0.6965882352941176,0.9288971457524068,78.83448485765686,active,0.978082191780822,0.6470588235294118,0.6965882352941176,0.9288971457524068,84.94545128384708,0.0,6.110966426190217,0.0
outer_2023,RUB_AMD,1.4,active,0.978082191780822,0.6470588235294118,0.6949607843137254,0.9310724261490282,78.83448485765686,active,0.978082191780822,0.6470588235294118,0.6949607843137254,0.9310724261490282,84.94545128384708,0.0,6.110966426190217,0.0
outer_2023,RUB_KGS,0.1,active,0.1150684931506849,1.0,0.7575833333333334,1.3199868001319983,0.0,active,0.1534246575342465,0.875,0.6698125,1.3063357282821684,15.6114665698125,-0.125,15.6114665698125,0.0383561643835616
outer_2023,RUB_KGS,0.2,active,0.3452054794520547,0.8888888888888888,0.7255555555555554,1.2251148545176112,15.83424829897222,active,0.2493150684931506,0.8461538461538461,0.699076923076923,1.210387323943662,16.030761304153845,-0.042735042735042694,0.1965130051816253,-0.0958904109589041
outer_2023,RUB_KGS,0.3,active,0.421917808219178,0.8636363636363636,0.7388636363636364,1.168871116579514,25.51448730992273,active,0.3260273972602739,0.8235294117647058,0.7185882352941175,1.1460379829731502,23.76799114478236,-0.0401069518716578,-1.7464961651403677,-0.0958904109589041
outer_2023,RUB_KGS,0.4,active,0.4986301369863013,0.8076923076923077,0.7410192307692307,1.089974826771858,29.83990421065,active,0.3452054794520547,0.8333333333333334,0.7195833333333332,1.1580775911986103,22.799425028972227,0.02564102564102566,-7.0404791816777745,-0.1534246575342466
outer_2023,RUB_KGS,0.5,active,0.6328767123287671,0.8181818181818182,0.743,1.1011868346996208,24.741750285396968,active,0.421917808219178,0.8181818181818182,0.7223863636363638,1.1326097215667768,29.022226952490914,0.0,4.2804766670939465,-0.21095890410958906
outer_2023,RUB_KGS,0.6,active,0.6904109589041095,0.8055555555555556,0.7460972222222222,1.0796924737988425,26.501442178775005,active,0.5753424657534246,0.8333333333333334,0.7323333333333333,1.1379153390987713,27.86943953416,0.02777777777777779,1.367997355384997,-0.1150684931506849
outer_2023,RUB_KGS,0.7,active,0.7287671232876712,0.7894736842105263,0.7403421052631579,1.0663633455372694,26.78833122187105,active,0.747945205479452,0.7948717948717948,0.738448717948718,1.0764075765204255,31.89200289773077,0.005398110661268496,5.103671675859719,0.019178082191780743
outer_2023,RUB_KGS,0.8,active,0.8054794520547944,0.8095238095238095,0.7394404761904761,1.0947788707677943,52.67877735082857,active,0.8438356164383561,0.75,0.7322386363636363,1.024256250290982,46.64855853231591,-0.059523809523809534,-6.030218818512658,0.03835616438356171
outer_2023,RUB_KGS,0.9,active,0.9205479452054794,0.6666666666666666,0.74790625,0.8913773172328305,64.64164609056458,active,0.8821917808219177,0.6739130434782609,0.7140108695652175,0.9438414346389804,67.35382694486957,0.007246376811594235,2.7121808543049895,-0.03835616438356171
outer_2023,RUB_KGS,1.0,active,0.978082191780822,0.6666666666666666,0.7093529411764705,0.9398236448572298,70.15088550101764,active,0.978082191780822,0.6470588235294118,0.7093529411764705,0.9121817729496644,77.21726719758038,-0.019607843137254832,7.066381696562743,0.0
outer_2023,RUB_KGS,1.1,active,0.978082191780822,0.6666666666666666,0.7094509803921568,0.9396937703830636,70.15088550101764,active,0.978082191780822,0.6470588235294118,0.7094509803921568,0.9120557183129734,77.21726719758038,-0.019607843137254832,7.066381696562743,0.0
outer_2023,RUB_KGS,1.2,active,0.978082191780822,0.6666666666666666,0.7081372549019608,0.9414370760071992,70.15088550101764,active,0.978082191780822,0.6470588235294118,0.7081372549019608,0.9137477502422816,77.21726719758038,-0.019607843137254832,7.066381696562743,0.0
outer_2023,RUB_KGS,1.3,active,0.978082191780822,0.6666666666666666,0.7088823529411763,0.9404475423892902,70.15088550101764,active,0.978082191780822,0.6470588235294118,0.7088823529411763,0.9127873205543112,77.21726719758038,-0.019607843137254832,7.066381696562743,0.0
outer_2023,RUB_KGS,1.4,active,0.978082191780822,0.6666666666666666,0.7093039215686274,0.939888595557644,70.15088550101764,active,0.978082191780822,0.6470588235294118,0.7093039215686274,0.9122448133353608,77.21726719758038,-0.019607843137254832,7.066381696562743,0.0
outer_2023,RUB_KZT,0.1,active,0.1150684931506849,1.0,0.6300833333333332,1.5870916545430502,2.7043933864166667,active,0.1150684931506849,0.8333333333333334,0.6620833333333334,1.2586532410320956,22.340856390383333,-0.16666666666666663,19.636463003966668,0.0
outer_2023,RUB_KZT,0.2,active,0.3068493150684931,0.875,0.60765625,1.4399588583183338,37.220976801375,active,0.210958904109589,0.9090909090909092,0.6548636363636363,1.3882140626084545,14.6850240541,0.03409090909090917,-22.535952747275005,-0.0958904109589041
outer_2023,RUB_KZT,0.3,active,0.3643835616438356,0.8421052631578947,0.6069473684210527,1.3874436351023238,35.736618825694734,active,0.2684931506849315,0.9285714285714286,0.6331071428571429,1.4666892311163762,14.793309069321428,0.08646616541353391,-20.943309756373306,-0.0958904109589041
outer_2023,RUB_KZT,0.4,active,0.4602739726027397,0.875,0.6067916666666667,1.442010574744215,26.219980298820836,active,0.3260273972602739,0.9411764705882352,0.6356176470588235,1.4807274073388552,14.244228724458823,0.06617647058823517,-11.975751574362013,-0.1342465753424658
outer_2023,RUB_KZT,0.5,active,0.536986301369863,0.8928571428571429,0.610625,1.4622020763269483,23.009898835589286,active,0.3643835616438356,0.8947368421052632,0.6223421052631579,1.437692925705104,25.62890623716316,0.001879699248120259,2.6190074015738745,-0.1726027397260274
outer_2023,RUB_KZT,0.6,active,0.6136986301369862,0.75,0.618015625,1.2135615503248809,41.79587269667813,active,0.4410958904109588,0.8260869565217391,0.6265217391304347,1.31852879944483,45.18159441481304,0.07608695652173914,3.38572171813491,-0.1726027397260274
outer_2023,RUB_KZT,0.7,active,0.6712328767123287,0.6857142857142857,0.6138571428571428,1.117058412846172,49.37741441704571,active,0.6136986301369862,0.8125,0.607859375,1.3366578412975862,39.59673253649687,0.12678571428571428,-9.78068188054884,-0.05753424657534245
outer_2023,RUB_KZT,0.8,active,0.8246575342465753,0.4883720930232558,0.6099418604651163,0.8006863025450385,81.11401096634187,active,0.8246575342465753,0.6511627906976745,0.6086395348837209,1.069866075693025,63.84158097567676,0.16279069767441867,-17.272429990665103,0.0
outer_2023,RUB_KZT,0.9,active,0.8630136986301369,0.4888888888888889,0.5745777777777776,0.8508663366336635,82.54497592743333,active,0.8630136986301369,0.4666666666666667,0.6080666666666666,0.7674597083653109,84.07516187980667,-0.0222222222222222,1.530185952373344,0.0
outer_2023,RUB_KZT,1.0,active,0.978082191780822,0.5098039215686274,0.5734509803921568,0.889010462969295,87.31938214381569,active,0.978082191780822,0.5098039215686274,0.5734509803921568,0.889010462969295,90.93568954980783,0.0,3.6163074059921456,0.0
outer_2023,RUB_KZT,1.1,active,0.978082191780822,0.5098039215686274,0.5716470588235293,0.891815874322563,87.31938214381569,active,0.978082191780822,0.5098039215686274,0.5716470588235293,0.891815874322563,90.93568954980783,0.0,3.6163074059921456,0.0
outer_2023,RUB_KZT,1.2,active,0.978082191780822,0.5098039215686274,0.5749803921568627,0.8866457509207475,87.31938214381569,active,0.978082191780822,0.5098039215686274,0.5749803921568627,0.8866457509207475,90.93568954980783,0.0,3.6163074059921456,0.0
outer_2023,RUB_KZT,1.3,active,0.978082191780822,0.5098039215686274,0.5746176470588235,0.887205473375305,87.31938214381569,active,0.978082191780822,0.5098039215686274,0.5746176470588235,0.887205473375305,90.93568954980783,0.0,3.6163074059921456,0.0
outer_2023,RUB_KZT,1.4,active,0.978082191780822,0.5098039215686274,0.5731470588235292,0.8894818768067603,87.31938214381569,active,0.978082191780822,0.5098039215686274,0.5731470588235292,0.8894818768067603,90.93568954980783,0.0,3.6163074059921456,0.0
outer_2023,RUB_TJS,0.1,active,0.1342465753424657,1.0,0.7251428571428571,1.3790386130811665,0.0,active,0.1534246575342465,1.0,0.710875,1.406717074028486,0.0,0.0,0.0,0.0191780821917808
outer_2023,RUB_TJS,0.2,active,0.4027397260273972,0.8095238095238095,0.7395238095238095,1.0946555054732776,28.83553591135714,active,0.2493150684931506,0.7692307692307693,0.7026153846153846,1.0948105977665863,25.015801737092303,-0.04029304029304026,-3.8197341742648376,-0.1534246575342466
outer_2023,RUB_TJS,0.3,active,0.4410958904109588,0.782608695652174,0.7376521739130435,1.0609454202522692,31.836213297204345,active,0.3452054794520547,0.8333333333333334,0.7182777777777778,1.1601825353855673,20.48068237002222,0.050724637681159424,-11.355530927182127,-0.0958904109589041
outer_2023,RUB_TJS,0.4,active,0.536986301369863,0.8214285714285714,0.7444464285714286,1.1034085730048693,27.138047438042857,active,0.4027397260273972,0.8095238095238095,0.7101190476190475,1.139983235540654,29.28807433422857,-0.011904761904761862,2.150026896185711,-0.1342465753424658
outer_2023,RUB_TJS,0.5,active,0.6136986301369862,0.875,0.744796875,1.1748169593219628,21.076757207621878,active,0.4410958904109588,0.8260869565217391,0.7302173913043477,1.1312890741292052,29.601618531291304,-0.048913043478260865,8.524861323669427,-0.1726027397260274
outer_2023,RUB_TJS,0.6,active,0.7095890410958904,0.8648648648648649,0.7460675675675675,1.1592312847542974,23.949620497208105,active,0.6520547945205479,0.8235294117647058,0.7365588235294117,1.1180769077187238,26.19491641859412,-0.04133545310015907,2.2452959213860133,-0.05753424657534245
outer_2023,RUB_TJS,0.7,active,0.7287671232876712,0.8157894736842105,0.7444736842105264,1.0957935666313183,25.69830770786842,active,0.747945205479452,0.8205128205128205,0.7382179487179488,1.1114777443948525,37.376721749374354,0.004723346828609976,11.678414041505935,0.019178082191780743
outer_2023,RUB_TJS,0.8,active,0.8630136986301369,0.6,0.7457777777777778,0.8045292014302742,73.66457994540666,active,0.8054794520547944,0.7857142857142857,0.7327857142857144,1.0722292621113167,47.51833600100714,0.18571428571428572,-26.146243944399515,-0.05753424657534245
outer_2023,RUB_TJS,0.9,active,0.9397260273972602,0.6122448979591837,0.7025510204081633,0.8714596949891067,70.08485280793265,active,0.9013698630136986,0.6808510638297872,0.713,0.9549103279520158,65.94721828012554,0.06860616587060353,-4.1376345278071085,-0.0383561643835616
outer_2023,RUB_TJS,1.0,active,0.978082191780822,0.6274509803921569,0.7056960784313726,0.8891235187063252,72.04696855279019,active,0.978082191780822,0.6470588235294118,0.7056960784313726,0.916908628665898,68.61129769049607,0.019607843137254943,-3.435670862294117,0.0
outer_2023,RUB_TJS,1.1,active,0.978082191780822,0.6274509803921569,0.7060098039215686,0.8887284240345493,72.04696855279019,active,0.978082191780822,0.6470588235294118,0.7060098039215686,0.916501187285629,68.61129769049607,0.019607843137254943,-3.435670862294117,0.0
outer_2023,RUB_TJS,1.2,active,0.978082191780822,0.6274509803921569,0.7049313725490196,0.8900880352697383,72.04696855279019,active,0.978082191780822,0.6470588235294118,0.7049313725490196,0.9179032863719178,68.61129769049607,0.019607843137254943,-3.435670862294117,0.0
outer_2023,RUB_TJS,1.3,active,0.978082191780822,0.6274509803921569,0.705421568627451,0.8894695148221756,72.04696855279019,active,0.978082191780822,0.6470588235294118,0.705421568627451,0.9172654371603686,68.61129769049607,0.019607843137254943,-3.435670862294117,0.0
outer_2023,RUB_TJS,1.4,active,0.978082191780822,0.6274509803921569,0.7073333333333333,0.8870654765204857,72.04696855279019,active,0.978082191780822,0.6470588235294118,0.7073333333333333,0.9147862726617508,68.61129769049607,0.019607843137254943,-3.435670862294117,0.0
outer_2023,RUB_UZS,0.1,active,0.1342465753424657,1.0,0.7636428571428571,1.309512674211954,0.0,active,0.1726027397260273,0.8888888888888888,0.6706666666666667,1.325381047051027,13.3038475354,-0.11111111111111116,13.3038475354,0.0383561643835616
outer_2023,RUB_UZS,0.2,active,0.2876712328767123,0.8666666666666667,0.728,1.1904761904761905,14.876604423726668,active,0.1726027397260273,0.8888888888888888,0.6795,1.3081514185266945,13.3038475354,0.022222222222222143,-1.5727568883266692,-0.11506849315068501
outer_2023,RUB_UZS,0.3,active,0.4410958904109588,0.8695652173913043,0.7383478260869565,1.177717583323519,15.511012590282608,active,0.3452054794520547,0.7777777777777778,0.7245555555555555,1.0734549915657108,23.050284228422225,-0.09178743961352653,7.539271638139617,-0.0958904109589041
outer_2023,RUB_UZS,0.4,active,0.5753424657534246,0.8333333333333334,0.7303166666666666,1.1410575321207697,24.6252148372,active,0.4027397260273972,0.8095238095238095,0.7274047619047619,1.1128931949854342,20.441317774242854,-0.023809523809523836,-4.183897062957147,-0.1726027397260274
outer_2023,RUB_UZS,0.5,active,0.6136986301369862,0.84375,0.731890625,1.152836190516855,23.008986326665624,active,0.5178082191780822,0.8148148148148148,0.732574074074074,1.1122626962258904,27.430865470244445,-0.02893518518518523,4.4218791435788205,-0.09589041095890405
outer_2023,RUB_UZS,0.6,active,0.6904109589041095,0.8333333333333334,0.73225,1.138044838966655,26.854913170955555,active,0.5945205479452055,0.8064516129032258,0.727741935483871,1.108156028368794,29.096771233829028,-0.026881720430107614,2.2418580628734723,-0.09589041095890405
outer_2023,RUB_UZS,0.7,active,0.747945205479452,0.7948717948717948,0.7320128205128206,1.0858714118079758,27.8689788170923,active,0.7095890410958904,0.8378378378378378,0.732364864864865,1.1440169757357688,25.789631490197294,0.042966042966043005,-2.0793473268950073,-0.0383561643835616
outer_2023,RUB_UZS,0.8,active,0.8821917808219177,0.7391304347826086,0.7312826086956521,1.0107315913077084,50.19621146758914,active,0.7671232876712328,0.825,0.7265,1.1355815554026152,40.99979619243,0.08586956521739131,-9.19641527515914,-0.1150684931506849
outer_2023,RUB_UZS,0.9,active,0.9397260273972602,0.6530612244897959,0.7128877551020408,0.916078610995806,65.92581377992448,active,0.9013698630136986,0.6382978723404256,0.701627659574468,0.9097387533546616,69.6585679322,-0.014763352149370301,3.7327541522755183,-0.0383561643835616
outer_2023,RUB_UZS,1.0,active,0.978082191780822,0.6078431372549019,0.7192156862745098,0.8451472191930206,84.4918969142765,active,0.978082191780822,0.6078431372549019,0.7192156862745098,0.8451472191930206,84.4918969142765,0.0,0.0,0.0
outer_2023,RUB_UZS,1.1,active,0.978082191780822,0.6078431372549019,0.7191666666666665,0.845204825846909,84.4918969142765,active,0.978082191780822,0.6078431372549019,0.7191666666666665,0.845204825846909,84.4918969142765,0.0,0.0,0.0
outer_2023,RUB_UZS,1.2,active,0.978082191780822,0.6078431372549019,0.7172843137254901,0.8474228776840753,84.4918969142765,active,0.978082191780822,0.6078431372549019,0.7172843137254901,0.8474228776840753,84.4918969142765,0.0,0.0,0.0
outer_2023,RUB_UZS,1.3,active,0.978082191780822,0.6078431372549019,0.7168529411764705,0.8479328218383732,84.4918969142765,active,0.978082191780822,0.6078431372549019,0.7168529411764705,0.8479328218383732,84.4918969142765,0.0,0.0,0.0
outer_2023,RUB_UZS,1.4,active,0.978082191780822,0.6078431372549019,0.7183725490196078,0.846139148947785,84.4918969142765,active,0.978082191780822,0.6078431372549019,0.7183725490196078,0.846139148947785,84.4918969142765,0.0,0.0,0.0
outer_2024,RUB_AMD,0.1,active,0.2868852459016393,0.8,0.7193999999999999,1.112037809285516,16.26954243064,active,0.1912568306010929,0.8,0.70405,1.1362829344506784,21.92878775798,0.0,5.659245327339999,-0.09562841530054639
outer_2024,RUB_AMD,0.2,active,0.5355191256830601,0.8928571428571429,0.7975714285714287,1.1194698190936772,16.603121669939284,active,0.4781420765027322,0.88,0.7410599999999999,1.1874881925889942,13.676384025852,-0.0128571428571429,-2.926737644087284,-0.05737704918032793
outer_2024,RUB_AMD,0.3,active,0.5737704918032787,0.8666666666666667,0.7966000000000001,1.087957151226044,17.76742091975333,active,0.6311475409836066,0.8787878787878788,0.7860909090909091,1.117921437107282,15.885785162736369,0.012121212121212088,-1.8816357570169622,0.05737704918032793
outer_2024,RUB_AMD,0.4,active,0.6693989071038251,0.8571428571428571,0.7997000000000001,1.0718305078690222,17.16456254353428,active,0.7459016393442623,0.8974358974358975,0.784397435897436,1.1441086576336563,15.726380943269232,0.04029304029304037,-1.4381816002650485,0.07650273224043724
outer_2024,RUB_AMD,0.5,active,0.8415300546448088,0.7727272727272727,0.7466477272727272,1.034928848641656,31.259075602909093,active,0.7841530054644809,0.8048780487804879,0.7875121951219513,1.0220515361744302,29.12187697369269,0.03215077605321515,-2.137198629216403,-0.05737704918032793
outer_2024,RUB_AMD,0.6,active,0.8415300546448088,0.7272727272727273,0.7474318181818183,0.9730288563870222,49.366799204443176,active,0.8415300546448088,0.7727272727272727,0.7568181818181817,1.021021021021021,43.387397200075,0.045454545454545414,-5.9794020043681755,0.0
outer_2024,RUB_AMD,0.7,active,0.8797814207650273,0.6956521739130435,0.7397826086956523,0.9403467528651188,53.48935902129784,active,0.8415300546448088,0.7954545454545454,0.7572159090909091,1.050498987018834,41.56278945037728,0.09980237154150196,-11.926569570920556,-0.03825136612021851
outer_2024,RUB_AMD,0.8,active,0.918032786885246,0.7291666666666666,0.750125,0.9720602121868576,57.14346155465834,active,0.918032786885246,0.7291666666666666,0.75665625,0.963669654042594,53.14829686477708,0.0,-3.995164689881257,0.0
outer_2024,RUB_AMD,0.9,active,0.9754098360655736,0.6862745098039216,0.732578431372549,0.93679322297017,64.23357555513137,active,0.9371584699453552,0.7142857142857143,0.754734693877551,0.9464063598507384,54.22671959794897,0.02801120448179273,-10.006855957182395,-0.0382513661202184
outer_2024,RUB_AMD,1.0,active,1.0327868852459017,0.6851851851851852,0.7322129629629629,0.935773087671822,68.38082937778148,active,1.0327868852459017,0.6481481481481481,0.7322129629629629,0.8851907586084802,72.13589562432963,-0.03703703703703709,3.7550662465481537,0.0
outer_2024,RUB_AMD,1.1,active,1.0327868852459017,0.6851851851851852,0.7328333333333332,0.934980921335254,68.38082937778148,active,1.0327868852459017,0.6481481481481481,0.7328333333333332,0.8844414120738889,72.13589562432963,-0.03703703703703709,3.7550662465481537,0.0
outer_2024,RUB_AMD,1.2,active,1.0327868852459017,0.6851851851851852,0.7326203703703703,0.9352527078093602,68.38082937778148,active,1.0327868852459017,0.6481481481481481,0.7326203703703703,0.8846985073872325,72.13589562432963,-0.03703703703703709,3.7550662465481537,0.0
outer_2024,RUB_AMD,1.3,active,1.0327868852459017,0.6851851851851852,0.732148148148148,0.935855928773776,68.38082937778148,active,1.0327868852459017,0.6481481481481481,0.732148148148148,0.8852691218130313,72.13589562432963,-0.03703703703703709,3.7550662465481537,0.0
outer_2024,RUB_AMD,1.4,active,1.0327868852459017,0.6851851851851852,0.7327592592592592,0.9350754378427558,68.38082937778148,active,1.0327868852459017,0.6481481481481481,0.7327592592592592,0.8845308195809851,72.13589562432963,-0.03703703703703709,3.7550662465481537,0.0
outer_2024,RUB_KGS,0.1,active,0.4016393442622951,0.8571428571428571,0.7856904761904763,1.090942149762114,18.23806927600952,active,0.2868852459016393,0.8666666666666667,0.7699666666666667,1.1255898523745618,16.355438294106666,0.009523809523809601,-1.882630981902853,-0.11475409836065581
outer_2024,RUB_KGS,0.2,active,0.5163934426229508,0.8888888888888888,0.7944444444444445,1.1188811188811187,14.318440254162963,active,0.5163934426229508,0.925925925925926,0.7790185185185186,1.1885801221860366,11.87405294822222,0.0370370370370372,-2.4443873059407437,0.0
outer_2024,RUB_KGS,0.3,active,0.5546448087431695,0.8620689655172413,0.7963103448275862,1.0825791365348807,18.34726597320345,active,0.5737704918032787,0.9,0.7747,1.1617400283980894,13.032599939756668,0.037931034482758696,-5.31466603344678,0.0191256830601092
outer_2024,RUB_KGS,0.4,active,0.6120218579234973,0.875,0.7959375,1.099332548095799,16.56270684053125,active,0.6885245901639344,0.8888888888888888,0.7793333333333332,1.1405759908753923,16.66231226791667,0.01388888888888884,0.09960542738541989,0.07650273224043713
outer_2024,RUB_KGS,0.5,active,0.7650273224043715,0.85,0.7673375000000001,1.1077263915812792,33.717466285194995,active,0.726775956284153,0.868421052631579,0.7819605263157895,1.1105689141664845,17.309353806810527,0.018421052631579005,-16.408112478384467,-0.03825136612021851
outer_2024,RUB_KGS,0.6,active,0.8415300546448088,0.7727272727272727,0.734465909090909,1.0520941314808223,47.75143191016136,active,0.7650273224043715,0.85,0.745375,1.14036558779138,32.141645081567496,0.07727272727272727,-15.609786828593862,-0.07650273224043724
outer_2024,RUB_KGS,0.7,active,0.8606557377049181,0.7111111111111111,0.725411111111111,0.9802870402989876,52.00867089871554,active,0.8224043715846995,0.813953488372093,0.7462790697674417,1.090682455593643,38.094085161455816,0.10284237726098189,-13.914585737259728,-0.03825136612021862
outer_2024,RUB_KGS,0.8,active,0.918032786885246,0.75,0.7215729166666667,1.0393959954382064,52.618637073727086,active,0.918032786885246,0.75,0.73465625,1.0208856182738526,50.0784324281,0.0,-2.5402046456270853,0.0
outer_2024,RUB_KGS,0.9,active,0.9562841530054644,0.66,0.72205,0.914064122983173,60.949651671602,active,0.9371584699453552,0.7346938775510204,0.7295612244897959,1.0070352602207089,55.68927500920204,0.07469387755102042,-5.260376662399956,-0.0191256830601092
outer_2024,RUB_KGS,1.0,active,1.0327868852459017,0.6296296296296297,0.7156111111111111,0.8798488730171053,64.69815942629815,active,1.0327868852459017,0.6296296296296297,0.7156111111111111,0.8798488730171053,68.05436158934259,0.0,3.3562021630444434,0.0
outer_2024,RUB_KGS,1.1,active,1.0327868852459017,0.6296296296296297,0.7135,0.8824521788782476,64.69815942629815,active,1.0327868852459017,0.6296296296296297,0.7135,0.8824521788782476,68.05436158934259,0.0,3.3562021630444434,0.0
outer_2024,RUB_KGS,1.2,active,1.0327868852459017,0.6296296296296297,0.7153333333333333,0.8801905353629492,64.69815942629815,active,1.0327868852459017,0.6296296296296297,0.7153333333333333,0.8801905353629492,68.05436158934259,0.0,3.3562021630444434,0.0
outer_2024,RUB_KGS,1.3,active,1.0327868852459017,0.6296296296296297,0.7161666666666666,0.8791663434437463,64.69815942629815,active,1.0327868852459017,0.6296296296296297,0.7161666666666666,0.8791663434437463,68.05436158934259,0.0,3.3562021630444434,0.0
outer_2024,RUB_KGS,1.4,active,1.0327868852459017,0.6296296296296297,0.7136574074074074,0.8822575413558224,64.69815942629815,active,1.0327868852459017,0.6296296296296297,0.7136574074074074,0.8822575413558224,68.05436158934259,0.0,3.3562021630444434,0.0
outer_2024,RUB_KZT,0.1,active,0.2486338797814207,0.8461538461538461,0.6802692307692307,1.2438514162944536,17.12504680896923,active,0.3633879781420765,0.7894736842105263,0.6981052631578948,1.1308805790108565,17.77679727003158,-0.05668016194331982,0.651750461062349,0.11475409836065581
outer_2024,RUB_KZT,0.2,active,0.4590163934426229,0.8333333333333334,0.7276666666666668,1.1452130096197892,16.588636246395833,active,0.5355191256830601,0.8214285714285714,0.7057857142857143,1.1638498127719863,20.579894574585715,-0.011904761904761973,3.9912583281898826,0.07650273224043724
outer_2024,RUB_KZT,0.3,active,0.6693989071038251,0.7714285714285715,0.7027285714285714,1.0977617856925048,20.95016463988,active,0.6693989071038251,0.8285714285714286,0.7147571428571428,1.1592349049627249,27.97322881239429,0.05714285714285716,7.023064172514289,0.0
outer_2024,RUB_KZT,0.4,active,0.7841530054644809,0.8292682926829268,0.7005853658536585,1.1836791533212645,17.15512462634878,active,0.726775956284153,0.868421052631579,0.7207368421052631,1.204907258653425,23.15810339216316,0.039152759948652194,6.00297876581438,-0.05737704918032782
outer_2024,RUB_KZT,0.5,active,0.8415300546448088,0.8181818181818182,0.6595681818181818,1.2404810309775682,33.51904077195455,active,0.7841530054644809,0.8292682926829268,0.713060975609756,1.1629696772759146,28.857986803012192,0.011086474501108556,-4.661053968942358,-0.05737704918032793
outer_2024,RUB_KZT,0.6,active,0.8989071038251366,0.8085106382978723,0.667031914893617,1.2121018803527854,48.49696121456597,active,0.8415300546448088,0.7727272727272727,0.6838295454545456,1.1299998338235535,47.51437436861364,-0.03578336557059958,-0.9825868459523335,-0.05737704918032782
outer_2024,RUB_KZT,0.7,active,0.9562841530054644,0.66,0.6316600000000001,1.0448659088750276,66.78715504457,active,0.8797814207650273,0.782608695652174,0.6807608695652174,1.1496088136675715,49.17979998030218,0.12260869565217392,-17.60735506426782,-0.07650273224043713
outer_2024,RUB_KZT,0.8,active,0.9754098360655736,0.6078431372549019,0.6314411764705881,0.9626282857453384,74.47927838275295,active,0.994535519125683,0.6153846153846154,0.6309230769230769,0.975371860521824,68.60549666353269,0.007541478129713508,-5.873781719220261,0.019125683060109422
outer_2024,RUB_KZT,0.9,active,1.0327868852459017,0.5740740740740741,0.6317222222222222,0.90874446691877,83.18034265078333,active,0.994535519125683,0.6153846153846154,0.6324230769230769,0.9730584443228124,71.7095579158077,0.04131054131054135,-11.470784734975638,-0.03825136612021862
outer_2024,RUB_KZT,1.0,active,1.0327868852459017,0.5555555555555556,0.6353148148148148,0.8744571078788587,84.61255939417778,active,1.0327868852459017,0.5925925925925926,0.6353148148148148,0.9327542484041158,80.96905312459813,0.03703703703703698,-3.643506269579646,0.0
outer_2024,RUB_KZT,1.1,active,1.0327868852459017,0.5555555555555556,0.6338981481481482,0.876411387505295,84.61255939417778,active,1.0327868852459017,0.5925925925925926,0.6338981481481482,0.9348388133389812,80.96905312459813,0.03703703703703698,-3.643506269579646,0.0
outer_2024,RUB_KZT,1.2,active,1.0327868852459017,0.5555555555555556,0.6346296296296295,0.875401225561716,84.61255939417778,active,1.0327868852459017,0.5925925925925926,0.6346296296296295,0.9337613072658304,80.96905312459813,0.03703703703703698,-3.643506269579646,0.0
outer_2024,RUB_KZT,1.3,active,1.0327868852459017,0.5555555555555556,0.6330462962962963,0.8775907209407773,84.61255939417778,active,1.0327868852459017,0.5925925925925926,0.6330462962962963,0.9360967690034956,80.96905312459813,0.03703703703703698,-3.643506269579646,0.0
outer_2024,RUB_KZT,1.4,active,1.0327868852459017,0.5555555555555556,0.6319166666666668,0.8791595234955382,84.61255939417778,active,1.0327868852459017,0.5925925925925926,0.6319166666666668,0.9377701583952406,80.96905312459813,0.03703703703703698,-3.643506269579646,0.0
outer_2024,RUB_TJS,0.1,active,0.2677595628415301,0.8571428571428571,0.7544285714285714,1.1361484567316795,13.610741554621429,active,0.2295081967213114,0.8333333333333334,0.759625,1.097032527014426,14.738829690083334,-0.023809523809523725,1.1280881354619048,-0.03825136612021868
outer_2024,RUB_TJS,0.2,active,0.4398907103825136,0.8695652173913043,0.7851521739130435,1.107511698092311,13.428353362173912,active,0.5163934426229508,0.925925925925926,0.7782777777777778,1.1897113760201774,8.719221087185186,0.05636070853462172,-4.709132274988725,0.07650273224043724
outer_2024,RUB_TJS,0.3,active,0.5546448087431695,0.896551724137931,0.8038793103448276,1.1152815013404829,17.525547383427586,active,0.6311475409836066,0.9090909090909092,0.7872727272727272,1.1547344110854505,17.065408264839395,0.012539184952978122,-0.46013911858819156,0.07650273224043713
outer_2024,RUB_TJS,0.4,active,0.6120218579234973,0.90625,0.810609375,1.1179860830008288,15.48268243751875,active,0.7076502732240437,0.918918918918919,0.7956621621621623,1.1549109190033795,16.32801910584054,0.01266891891891897,0.8453366683217887,0.09562841530054644
outer_2024,RUB_TJS,0.5,active,0.7841530054644809,0.902439024390244,0.7757560975609756,1.163302521536817,13.71686786132195,active,0.7459016393442623,0.8717948717948718,0.7887307692307692,1.1053136327432909,19.636817498346154,-0.03064415259537223,5.919949637024205,-0.03825136612021851
outer_2024,RUB_TJS,0.6,active,0.8415300546448088,0.75,0.7426022727272727,1.0099618968920718,50.699549120125,active,0.8224043715846995,0.8604651162790697,0.7912325581395346,1.087499632601476,30.36616717146977,0.11046511627906974,-20.33338194865523,-0.01912568306010931
outer_2024,RUB_TJS,0.7,active,0.8415300546448088,0.7272727272727273,0.74125,0.981143645561858,52.39832886179091,active,0.8415300546448088,0.7954545454545454,0.7605113636363636,1.0459469555472545,39.712736077779546,0.06818181818181812,-12.685592784011362,0.0
outer_2024,RUB_TJS,0.8,active,0.8989071038251366,0.7446808510638298,0.7354468085106384,1.012555690562981,53.464502765680855,active,0.8797814207650273,0.782608695652174,0.7584021739130435,1.0319177905493528,45.3036080162087,0.037927844588344195,-8.160894749472156,-0.01912568306010931
outer_2024,RUB_TJS,0.9,active,0.9371584699453552,0.673469387755102,0.7296224489795918,0.923038194201642,60.521520929326535,active,0.9371584699453552,0.7142857142857143,0.7424285714285714,0.9620935154897056,56.50420715884693,0.04081632653061229,-4.017313770479603,0.0
outer_2024,RUB_TJS,1.0,active,1.0327868852459017,0.6666666666666666,0.7208981481481481,0.9247723390318148,66.2554613347463,active,1.0327868852459017,0.6111111111111112,0.7208981481481481,0.8477079774458303,71.01653227511297,-0.05555555555555547,4.761070940366665,0.0
outer_2024,RUB_TJS,1.1,active,1.0327868852459017,0.6666666666666666,0.7196851851851852,0.9263309574659702,66.2554613347463,active,1.0327868852459017,0.6111111111111112,0.7196851851851852,0.8491367110104727,71.01653227511297,-0.05555555555555547,4.761070940366665,0.0
outer_2024,RUB_TJS,1.2,active,1.0327868852459017,0.6666666666666666,0.7213518518518519,0.924190691345981,66.2554613347463,active,1.0327868852459017,0.6111111111111112,0.7213518518518519,0.8471748004004827,71.01653227511297,-0.05555555555555547,4.761070940366665,0.0
outer_2024,RUB_TJS,1.3,active,1.0327868852459017,0.6666666666666666,0.719787037037037,0.9261998790794604,66.2554613347463,active,1.0327868852459017,0.6111111111111112,0.719787037037037,0.8490165558228387,71.01653227511297,-0.05555555555555547,4.761070940366665,0.0
outer_2024,RUB_TJS,1.4,active,1.0327868852459017,0.6666666666666666,0.7206111111111111,0.9251406984812274,66.2554613347463,active,1.0327868852459017,0.6111111111111112,0.7206111111111111,0.8480456402744585,71.01653227511297,-0.05555555555555547,4.761070940366665,0.0
outer_2024,RUB_UZS,0.1,active,0.3825136612021858,0.8,0.7266500000000001,1.1009426821716093,15.570678892035,active,0.1721311475409836,0.7777777777777778,0.6517777777777778,1.1933174224343674,13.367134202455556,-0.022222222222222254,-2.2035446895794433,-0.21038251366120217
outer_2024,RUB_UZS,0.2,active,0.4972677595628415,0.8076923076923077,0.7479423076923076,1.0798858406397038,16.87385868401154,active,0.4781420765027322,0.84,0.72196,1.163499362845587,14.061770926456,0.03230769230769226,-2.812087757555542,-0.01912568306010931
outer_2024,RUB_UZS,0.3,active,0.592896174863388,0.8387096774193549,0.7451935483870968,1.1254924029262805,17.65883389846774,active,0.6693989071038251,0.8285714285714286,0.7309,1.13363172605203,19.978968131817144,-0.010138248847926246,2.3201342333494033,0.07650273224043713
outer_2024,RUB_UZS,0.4,active,0.6120218579234973,0.8125,0.7445625,1.091244858557878,20.5039814696125,active,0.7076502732240437,0.8648648648648649,0.7276351351351352,1.188596898504968,17.467101459613513,0.05236486486486491,-3.0368800099989883,0.09562841530054644
outer_2024,RUB_UZS,0.5,active,0.8415300546448088,0.8181818181818182,0.6974545454545455,1.173096976016684,23.984004604990904,active,0.7650273224043715,0.8,0.7300999999999999,1.0957403095466378,23.25078042262,-0.018181818181818188,-0.733224182370904,-0.07650273224043724
outer_2024,RUB_UZS,0.6,active,0.8415300546448088,0.75,0.6989772727272727,1.0729962607706065,36.25786145468863,active,0.8415300546448088,0.7727272727272727,0.7322954545454545,1.0552124390925173,35.86143201431591,0.022727272727272707,-0.3964294403727209,0.0
outer_2024,RUB_UZS,0.7,active,0.8606557377049181,0.6666666666666666,0.6840555555555554,0.974579712498985,59.69028980429333,active,0.8415300546448088,0.7727272727272727,0.7023409090909091,1.1002168074296994,37.11263960988409,0.10606060606060608,-22.577650194409237,-0.01912568306010931
outer_2024,RUB_UZS,0.8,active,0.918032786885246,0.7083333333333334,0.6758229166666667,1.0481049337998427,58.2494892355,active,0.918032786885246,0.6666666666666666,0.69453125,0.9598800149981253,55.69919093225417,-0.04166666666666674,-2.5502983032458317,0.0
outer_2024,RUB_UZS,0.9,active,0.918032786885246,0.6666666666666666,0.6749270833333333,0.9877610235673608,65.57618055316875,active,0.9371584699453552,0.6938775510204082,0.6867142857142856,1.0104312163808733,61.42406688326327,0.027210884353741527,-4.152113669905482,0.0191256830601092
outer_2024,RUB_UZS,1.0,active,1.0327868852459017,0.6296296296296297,0.6820555555555555,0.923135402242676,71.38893155726112,active,1.0327868852459017,0.5925925925925926,0.6820555555555555,0.8688333197578127,74.93966072542037,-0.03703703703703709,3.5507291681592505,0.0
outer_2024,RUB_UZS,1.1,active,1.0327868852459017,0.6296296296296297,0.6824074074074074,0.9226594301221168,71.38893155726112,active,1.0327868852459017,0.5925925925925926,0.6824074074074074,0.8683853459972863,74.93966072542037,-0.03703703703703709,3.5507291681592505,0.0
outer_2024,RUB_UZS,1.2,active,1.0327868852459017,0.6296296296296297,0.681,0.9245662696470331,71.38893155726112,active,1.0327868852459017,0.5925925925925926,0.681,0.8701800184913253,74.93966072542037,-0.03703703703703709,3.5507291681592505,0.0
outer_2024,RUB_UZS,1.3,active,1.0327868852459017,0.6296296296296297,0.6830740740740742,0.9217589329284822,71.38893155726112,active,1.0327868852459017,0.5925925925925926,0.6830740740740742,0.8675378192268067,74.93966072542037,-0.03703703703703709,3.5507291681592505,0.0
outer_2024,RUB_UZS,1.4,active,1.0327868852459017,0.6296296296296297,0.6826296296296296,0.9223590689599046,71.38893155726112,active,1.0327868852459017,0.5925925925925926,0.6826296296296296,0.8681026531387337,74.93966072542037,-0.03703703703703709,3.5507291681592505,0.0
outer_2025,RUB_AMD,0.1,active,0.0575342465753424,1.0,0.8234999999999999,1.2143290831815423,0.0,active,0.1534246575342465,1.0,0.7504375,1.332556008994753,4.6243754329625,0.0,4.6243754329625,0.0958904109589041
outer_2025,RUB_AMD,0.2,active,0.1150684931506849,1.0,0.8029166666666667,1.2454592631032693,6.165833910616667,active,0.1917808219178082,1.0,0.7367999999999999,1.3572204125950056,9.37807840359,0.0,3.2122444929733325,0.0767123287671233
outer_2025,RUB_AMD,0.3,active,0.1534246575342465,0.875,0.7581875,1.154068090017311,12.2429076038875,active,0.2684931506849315,1.0,0.6928571428571428,1.443298969072165,9.699387235171429,0.125,-2.543520368716072,0.11506849315068501
outer_2025,RUB_AMD,0.4,active,0.210958904109589,0.9090909090909092,0.7293181818181819,1.2464942349641632,14.06627649120909,active,0.3068493150684931,0.9375,0.7126875,1.3154433043935805,12.5583904523125,0.02840909090909083,-1.50788603889659,0.0958904109589041
outer_2025,RUB_AMD,0.5,active,0.3260273972602739,0.9411764705882352,0.682705882352941,1.3785972772703776,8.596085675229412,active,0.3068493150684931,0.9375,0.7096875,1.321003963011889,12.5583904523125,-0.00367647058823517,3.9623047770830873,-0.0191780821917808
outer_2025,RUB_AMD,0.6,active,0.3835616438356164,0.9,0.69155,1.301424336635095,16.509048954279997,active,0.3835616438356164,0.85,0.6959500000000001,1.2213521086284933,18.283388475395,-0.050000000000000044,1.774339521115003,0.0
outer_2025,RUB_AMD,0.7,active,0.4794520547945205,0.88,0.6780600000000001,1.2978202518951123,19.909095157472,active,0.4027397260273972,0.8571428571428571,0.6780238095238094,1.2641781086490855,17.41275092894762,-0.02285714285714291,-2.4963442285243787,-0.0767123287671233
outer_2025,RUB_AMD,0.8,active,0.5945205479452055,0.7741935483870968,0.6683709677419356,1.158329110258452,36.29832832261612,active,0.5753424657534246,0.8333333333333334,0.6420999999999999,1.2978248455588437,20.661335987620003,0.05913978494623662,-15.636992334996119,-0.019178082191780854
outer_2025,RUB_AMD,0.9,active,0.8630136986301369,0.7333333333333333,0.6227333333333334,1.1776041109088962,40.07610040164666,active,0.7863013698630137,0.8048780487804879,0.634060975609756,1.2694016502221457,32.658644485829264,0.07154471544715457,-7.417455915817399,-0.0767123287671232
outer_2025,RUB_AMD,1.0,active,0.9972602739726026,0.5576923076923077,0.6156346153846154,0.9058819854434136,67.39231748799038,active,0.958904109589041,0.68,0.62297,1.0915453392619228,47.573542809128,0.12230769230769234,-19.818774678862383,-0.0383561643835616
outer_2025,RUB_AMD,1.1,active,0.9972602739726026,0.4807692307692308,0.6034615384615385,0.7966857871255577,77.32725595785192,active,0.958904109589041,0.62,0.61517,1.007851488206512,54.725947211328005,0.1392307692307692,-22.601308746523912,-0.0383561643835616
outer_2025,RUB_AMD,1.2,active,0.9972602739726026,0.4807692307692308,0.6023846153846154,0.7981100753415911,77.32725595785192,active,0.958904109589041,0.62,0.61467,1.0086713195698505,54.725947211328005,0.1392307692307692,-22.601308746523912,-0.0383561643835616
outer_2025,RUB_AMD,1.3,active,0.9972602739726026,0.4807692307692308,0.6038365384615385,0.7961910221500342,77.32725595785192,active,0.958904109589041,0.62,0.6141499999999999,1.0095253602540095,54.725947211328005,0.1392307692307692,-22.601308746523912,-0.0383561643835616
outer_2025,RUB_AMD,1.4,active,0.9972602739726026,0.4807692307692308,0.6050576923076922,0.7945841146743795,77.32725595785192,active,0.958904109589041,0.62,0.61525,1.0077204388459975,54.725947211328005,0.1392307692307692,-22.601308746523912,-0.0383561643835616
outer_2025,RUB_KGS,0.1,active,0.0191780821917808,1.0,0.818,1.2224938875305624,0.0,active,0.0575342465753424,1.0,0.7719999999999999,1.295336787564767,0.0,0.0,0.0,0.038356164383561604
outer_2025,RUB_KGS,0.2,active,0.0958904109589041,1.0,0.8596,1.1633317822242903,4.5005202334000005,active,0.1917808219178082,0.9,0.7433,1.2108166285483657,11.72755402753,-0.09999999999999998,7.227033794129999,0.0958904109589041
outer_2025,RUB_KGS,0.3,active,0.1342465753424657,0.8571428571428571,0.8043571428571428,1.065624722493562,12.814056848042858,active,0.2876712328767123,0.8666666666666667,0.7383333333333333,1.1738148984198646,13.6909864479,0.009523809523809601,0.8769295998571423,0.1534246575342466
outer_2025,RUB_KGS,0.4,active,0.1534246575342465,0.875,0.8158125,1.072550371562093,11.2122997420375,active,0.3068493150684931,0.875,0.75065625,1.1656467257816077,12.83529979490625,0.0,1.6230000528687505,0.1534246575342466
outer_2025,RUB_KGS,0.5,active,0.2876712328767123,0.9333333333333332,0.7488666666666667,1.2463277842072464,7.99509516128,active,0.3068493150684931,0.875,0.74571875,1.1733646230566148,11.42888722196875,-0.05833333333333324,3.4337920606887504,0.0191780821917808
outer_2025,RUB_KGS,0.6,active,0.421917808219178,0.8636363636363636,0.7185,1.201999114316442,17.09588412866818,active,0.4027397260273972,0.8095238095238095,0.7088333333333332,1.142050989217695,16.436082440519048,-0.05411255411255411,-0.659801688149134,-0.0191780821917808
outer_2025,RUB_KGS,0.7,active,0.4794520547945205,0.84,0.7229399999999999,1.1619221512158686,18.214914369028,active,0.4410958904109588,0.8260869565217391,0.7045434782608695,1.1725138078928694,15.077468435347829,-0.013913043478260834,-3.1374459336801728,-0.03835616438356171
outer_2025,RUB_KGS,0.8,active,0.5753424657534246,0.7666666666666667,0.7107333333333332,1.0786980583434953,28.00207121601333,active,0.5945205479452055,0.8064516129032258,0.6766290322580645,1.19186670162809,22.79305641955484,0.03978494623655904,-5.20901479645849,0.019178082191780854
outer_2025,RUB_KGS,0.9,active,0.8630136986301369,0.7111111111111111,0.654911111111111,1.0858131722710462,45.585255149333335,active,0.8054794520547944,0.7380952380952381,0.6612857142857143,1.1161517966443435,37.45152964679524,0.026984126984127,-8.133725502538098,-0.05753424657534245
outer_2025,RUB_KGS,1.0,active,0.9972602739726026,0.5,0.6401057692307691,0.781120908503703,81.61118413159039,active,0.958904109589041,0.72,0.6554500000000001,1.0984819589594932,46.021148000390006,0.21999999999999997,-35.590036131200385,-0.0383561643835616
outer_2025,RUB_KGS,1.1,active,1.0164383561643835,0.5283018867924528,0.6445754716981132,0.8196121478229051,79.72697565431888,active,0.978082191780822,0.6078431372549019,0.6446176470588234,0.942951438000943,67.01399730978824,0.07954125046244909,-12.71297834453064,-0.038356164383561486
outer_2025,RUB_KGS,1.2,active,1.0164383561643835,0.5283018867924528,0.6456037735849056,0.818306689657188,79.72697565431888,active,0.978082191780822,0.6078431372549019,0.6455196078431371,0.9416338866698056,67.01399730978824,0.07954125046244909,-12.71297834453064,-0.038356164383561486
outer_2025,RUB_KGS,1.3,active,1.0164383561643835,0.5283018867924528,0.6443018867924528,0.8199601733630081,79.72697565431888,active,0.978082191780822,0.6078431372549019,0.6440588235294117,0.943769598441258,67.01399730978824,0.07954125046244909,-12.71297834453064,-0.038356164383561486
outer_2025,RUB_KGS,1.4,active,1.0164383561643835,0.5283018867924528,0.6433867924528301,0.8211264094781449,79.72697565431888,active,0.978082191780822,0.6078431372549019,0.6436176470588234,0.9444165181495532,67.01399730978824,0.07954125046244909,-12.71297834453064,-0.038356164383561486
outer_2025,RUB_KZT,0.1,active,0.0575342465753424,0.6666666666666666,0.6213333333333333,1.072961373390558,23.3150016669,active,0.0958904109589041,1.0,0.5742,1.741553465691397,3.2898632732800004,0.33333333333333337,-20.025138393619997,0.0383561643835617
outer_2025,RUB_KZT,0.2,active,0.0958904109589041,0.8,0.5941,1.3465746507322,24.05414360952,active,0.1534246575342465,0.875,0.6261875,1.3973450444156104,12.434295816275,0.07499999999999996,-11.619847793245,0.057534246575342396
outer_2025,RUB_KZT,0.3,active,0.1342465753424657,0.7142857142857143,0.6137142857142857,1.1638733705772812,26.111862047942857,active,0.210958904109589,0.8181818181818182,0.6395454545454545,1.279317697228145,17.864075201618178,0.10389610389610393,-8.24778684632468,0.0767123287671233
outer_2025,RUB_KZT,0.4,active,0.1917808219178082,0.8,0.6148499999999999,1.301130356997642,18.27830343356,active,0.2684931506849315,0.7142857142857143,0.6608928571428571,1.0807889759524454,31.664421161307143,-0.08571428571428574,13.386117727747141,0.0767123287671233
outer_2025,RUB_KZT,0.5,active,0.3452054794520547,0.8333333333333334,0.6350277777777777,1.3122785529941825,18.46048314703889,active,0.3068493150684931,0.75,0.66709375,1.1242797582798518,29.12004906276875,-0.08333333333333337,10.65956591572986,-0.0383561643835616
outer_2025,RUB_KZT,0.6,active,0.4410958904109588,0.782608695652174,0.6315217391304347,1.2392426850258176,20.96634199088696,active,0.4027397260273972,0.7142857142857143,0.6362142857142855,1.122712473335579,33.79267492979524,-0.06832298136645965,12.82633293890828,-0.0383561643835616
outer_2025,RUB_KZT,0.7,active,0.5561643835616438,0.7586206896551724,0.6150344827586207,1.2334604171338863,30.055467174634483,active,0.4986301369863013,0.7307692307692307,0.6360769230769231,1.148869270770347,30.074001520565385,-0.02785145888594165,0.01853434593090242,-0.05753424657534245
outer_2025,RUB_KZT,0.8,active,0.5945205479452055,0.7419354838709677,0.6175322580645161,1.2014521900383943,33.72703107206129,active,0.5945205479452055,0.7741935483870968,0.6260322580645162,1.2366671819446589,27.559127123038703,0.032258064516129004,-6.167903949022584,0.0
outer_2025,RUB_KZT,0.9,active,0.9013698630136986,0.723404255319149,0.6053829787234042,1.1949530805187505,41.14927228454468,active,0.8246575342465753,0.6744186046511628,0.6158837209302326,1.0950421024808368,49.65665316416976,-0.048985650667986214,8.507380879625082,-0.0767123287671233
outer_2025,RUB_KZT,1.0,active,0.958904109589041,0.6,0.6156900000000001,0.9745163962383666,63.807465875266,active,0.958904109589041,0.64,0.6156900000000001,1.0394841559875911,60.14127578726801,0.040000000000000036,-3.6661900879979896,0.0
outer_2025,RUB_KZT,1.1,active,0.9972602739726026,0.5961538461538461,0.6186346153846154,0.9636606671018684,68.3563450610327,active,0.958904109589041,0.6,0.61505,0.9755304446792944,65.760433880736,0.0038461538461538325,-2.595911180296696,-0.0383561643835616
outer_2025,RUB_KZT,1.2,active,0.9972602739726026,0.5961538461538461,0.6190769230769231,0.962972166998012,68.3563450610327,active,0.958904109589041,0.6,0.61601,0.974010162172692,65.760433880736,0.0038461538461538325,-2.595911180296696,-0.0383561643835616
outer_2025,RUB_KZT,1.3,active,0.9972602739726026,0.5961538461538461,0.6196057692307693,0.9621502506246216,68.3563450610327,active,0.958904109589041,0.6,0.61617,0.9737572423194896,65.760433880736,0.0038461538461538325,-2.595911180296696,-0.0383561643835616
outer_2025,RUB_KZT,1.4,active,0.9972602739726026,0.5961538461538461,0.6203365384615385,0.9610168177943114,68.3563450610327,active,0.958904109589041,0.6,0.61686,0.9726680284019064,65.760433880736,0.0038461538461538325,-2.595911180296696,-0.0383561643835616
outer_2025,RUB_TJS,0.1,active,0.0,,,,,active,0.0191780821917808,1.0,0.842,1.187648456057007,0.0,,,0.0191780821917808
outer_2025,RUB_TJS,0.2,active,0.0,,,,,active,0.0575342465753424,1.0,0.6745,1.4825796886582654,0.0,,,0.0575342465753424
outer_2025,RUB_TJS,0.3,active,0.0191780821917808,1.0,0.5485,1.823154056517776,49.6305309078,active,0.1342465753424657,1.0,0.6880714285714284,1.45333748572615,7.209820128828571,0.0,-42.42071077897143,0.1150684931506849
outer_2025,RUB_TJS,0.4,active,0.0383561643835616,1.0,0.63025,1.5866719555731854,24.8152654539,active,0.2301369863013698,0.9166666666666666,0.7476666666666667,1.2260365581810075,9.837018390841669,-0.08333333333333337,-14.978247063058332,0.1917808219178082
outer_2025,RUB_TJS,0.5,active,0.1342465753424657,1.0,0.7372857142857142,1.3563262933540012,7.238929330642857,active,0.2684931506849315,0.9285714285714286,0.7678928571428572,1.2092460815776012,12.018631109992857,-0.0714285714285714,4.77970177935,0.1342465753424658
outer_2025,RUB_TJS,0.6,active,0.2876712328767123,1.0,0.7335,1.3633265167007498,10.6308082318,active,0.3643835616438356,0.8421052631578947,0.7288157894736842,1.155443220797978,24.37638253566842,-0.1578947368421053,13.74557430386842,0.0767123287671233
outer_2025,RUB_TJS,0.7,active,0.421917808219178,0.9545454545454546,0.7201136363636363,1.3255483667350485,18.039644243054543,active,0.4410958904109588,0.8695652173913043,0.7188695652173912,1.2096286440062902,20.1370116599,-0.08498023715415026,2.097367416845458,0.0191780821917808
outer_2025,RUB_TJS,0.8,active,0.6136986301369862,0.8125,0.7069375,1.1493236672265936,34.815236885493746,active,0.5561643835616438,0.8275862068965517,0.6827931034482758,1.21205999696985,25.14257583952069,0.015086206896551713,-9.672661045973058,-0.05753424657534245
outer_2025,RUB_TJS,0.9,active,0.8630136986301369,0.7555555555555555,0.6818888888888888,1.10803324099723,35.77968573239779,active,0.747945205479452,0.8205128205128205,0.6799871794871795,1.2066592507400216,31.516306785633333,0.06495726495726495,-4.263378946764455,-0.1150684931506849
outer_2025,RUB_TJS,1.0,active,0.9972602739726026,0.6730769230769231,0.6571153846153847,1.0242903131401817,57.72717466644424,active,0.9397260273972602,0.7959183673469388,0.6816224489795918,1.1676821509304032,39.08767955305103,0.12284144427001564,-18.63949511339321,-0.05753424657534245
outer_2025,RUB_TJS,1.1,active,0.9972602739726026,0.6346153846153846,0.6596346153846154,0.9620710766449956,64.67992071106154,active,0.958904109589041,0.78,0.6883499999999999,1.13314447592068,42.66625593532,0.14538461538461545,-22.01366477574154,-0.0383561643835616
outer_2025,RUB_TJS,1.2,active,0.9972602739726026,0.6346153846153846,0.6590865384615384,0.9628711065723248,64.67992071106154,active,0.958904109589041,0.78,0.6899399999999999,1.1305330898338988,42.66625593532,0.14538461538461545,-22.01366477574154,-0.0383561643835616
outer_2025,RUB_TJS,1.3,active,0.9972602739726026,0.6346153846153846,0.6586826923076924,0.9634614542428795,64.67992071106154,active,0.958904109589041,0.78,0.68637,1.1364133047773066,42.66625593532,0.14538461538461545,-22.01366477574154,-0.0383561643835616
outer_2025,RUB_TJS,1.4,active,0.9972602739726026,0.6346153846153846,0.6596730769230769,0.9620149841121768,64.67992071106154,active,0.958904109589041,0.78,0.6875699999999999,1.1344299489506524,42.66625593532,0.14538461538461545,-22.01366477574154,-0.0383561643835616
outer_2025,RUB_UZS,0.1,active,0.0,,,,,active,0.0767123287671232,1.0,0.626625,1.5958507879513266,0.0,,,0.0767123287671232
outer_2025,RUB_UZS,0.2,active,0.0,,,,,active,0.0767123287671232,1.0,0.6235,1.6038492381716116,0.0,,,0.0767123287671232
outer_2025,RUB_UZS,0.3,active,0.0,,,,,active,0.1342465753424657,1.0,0.5745,1.7406440382941688,12.271472196114289,,,0.1342465753424657
outer_2025,RUB_UZS,0.4,active,0.0958904109589041,0.8,0.6496999999999999,1.2313375404032632,19.86750936472,active,0.1726027397260273,0.8888888888888888,0.5891666666666667,1.5087223008015085,23.147515084011115,0.0888888888888888,3.2800057192911147,0.0767123287671232
outer_2025,RUB_UZS,0.5,active,0.1917808219178082,0.9,0.65775,1.3683010262257698,12.1458851236,active,0.2301369863013698,0.9166666666666666,0.6105833333333334,1.5012965743141802,21.753380752975,0.016666666666666607,9.607495629375002,0.0383561643835616
outer_2025,RUB_UZS,0.6,active,0.3068493150684931,0.875,0.63234375,1.3837410427477144,16.79627410291875,active,0.3260273972602739,0.8823529411764706,0.6229411764705882,1.4164305949008498,19.844035944541176,0.007352941176470562,3.0477618416224246,0.0191780821917808
outer_2025,RUB_UZS,0.7,active,0.3452054794520547,0.8888888888888888,0.6078055555555555,1.462456012065262,14.743717703944444,active,0.421917808219178,0.8181818181818182,0.5856818181818182,1.3969732246798603,21.311723331427277,-0.07070707070707061,6.568005627482833,0.0767123287671233
outer_2025,RUB_UZS,0.8,active,0.536986301369863,0.7142857142857143,0.570125,1.2528580825007047,37.20351743422499,active,0.536986301369863,0.8214285714285714,0.5785,1.419928386220521,23.726512623296426,0.1071428571428571,-13.477004810928566,0.0
outer_2025,RUB_UZS,0.9,active,0.9013698630136986,0.6170212765957447,0.5617765957446809,1.0983392353286496,47.893401039425534,active,0.6712328767123287,0.7714285714285715,0.5669571428571428,1.3606470632700889,25.79653161618285,0.15440729483282678,-22.096869423242683,-0.23013698630136992
outer_2025,RUB_UZS,1.0,active,0.9972602739726026,0.5384615384615384,0.5715384615384616,0.9421265141318976,70.94953176478462,active,0.978082191780822,0.5882352941176471,0.5605784313725489,1.0493362947935434,67.11206612897844,0.04977375565610864,-3.8374656358061827,-0.019178082191780632
outer_2025,RUB_UZS,1.1,active,1.0164383561643835,0.5094339622641509,0.5681415094339622,0.8966673862145692,80.87545306982828,active,0.9972602739726026,0.5576923076923077,0.5723461538461538,0.974396881929978,69.59750889068847,0.04825834542815677,-11.277944179139809,-0.019178082191780854
outer_2025,RUB_UZS,1.2,active,1.0164383561643835,0.5094339622641509,0.5657830188679245,0.9004051823320495,80.87545306982828,active,0.9972602739726026,0.5576923076923077,0.5698461538461538,0.9786717062634992,69.59750889068847,0.04825834542815677,-11.277944179139809,-0.019178082191780854
outer_2025,RUB_UZS,1.3,active,1.0164383561643835,0.5094339622641509,0.5674245283018867,0.8978003890468353,80.87545306982828,active,0.9972602739726026,0.5576923076923077,0.5728173076923077,0.9735954207442972,69.59750889068847,0.04825834542815677,-11.277944179139809,-0.019178082191780854
outer_2025,RUB_UZS,1.4,active,1.0164383561643835,0.5094339622641509,0.5665471698113208,0.8991907283444899,80.87545306982828,active,0.9972602739726026,0.5576923076923077,0.5707596153846153,0.9771054094577069,69.59750889068847,0.04825834542815677,-11.277944179139809,-0.019178082191780854
outer_2026,RUB_AMD,0.1,active,0.0,,,,,active,0.0871369294605809,0.3333333333333333,0.4495,0.7415647015202076,63.096124282666665,,,0.0871369294605809
outer_2026,RUB_AMD,0.2,active,0.1452282157676348,0.8,0.5455999999999999,1.4662756598240474,17.60509641942,active,0.0871369294605809,0.3333333333333333,0.453,0.7358351729212655,63.096124282666665,-0.46666666666666673,45.491027863246664,-0.058091286307053916
outer_2026,RUB_AMD,0.3,active,0.2033195020746888,0.8571428571428571,0.6172857142857142,1.3885674612358252,17.742983684542857,active,0.0871369294605809,0.6666666666666666,0.4598333333333333,1.449800652410293,41.40029526393334,-0.19047619047619047,23.65731157939048,-0.1161825726141079
outer_2026,RUB_AMD,0.4,active,0.3775933609958506,0.8461538461538461,0.6786538461538462,1.2468121280816096,15.6172599521,active,0.2323651452282157,0.875,0.5215,1.6778523489932886,15.525110723975,0.028846153846153855,-0.09214922812499893,-0.14522821576763492
outer_2026,RUB_AMD,0.5,active,0.5228215767634854,0.7777777777777778,0.6703333333333332,1.1602850986242337,24.74661759938333,active,0.4066390041493776,0.8571428571428571,0.615,1.3937282229965156,14.501741384092856,0.0793650793650793,-10.244876215290475,-0.1161825726141078
outer_2026,RUB_AMD,0.6,active,0.5518672199170124,0.7894736842105263,0.6781052631578947,1.1642347097174792,23.44416404152105,active,0.4647302904564315,0.875,0.6450625,1.356457707586474,12.689023711081251,0.08552631578947367,-10.755140330439797,-0.08713692946058088
outer_2026,RUB_AMD,0.7,active,0.6680497925311203,0.7391304347826086,0.6492391304347827,1.1384563870751714,29.48972166006521,active,0.6099585062240663,0.8095238095238095,0.6592380952380952,1.2279687951459115,23.39133773179524,0.07039337474120089,-6.098383928269971,-0.05809128630705396
outer_2026,RUB_AMD,0.8,active,0.7261410788381742,0.76,0.6467999999999999,1.1750154607297465,27.539810421724,active,0.7551867219917012,0.7692307692307693,0.6524230769230769,1.179036726994046,27.901699980842317,0.009230769230769265,0.36188955911831755,0.02904564315352698
outer_2026,RUB_AMD,0.9,active,0.7842323651452282,0.7777777777777778,0.6627037037037037,1.1736433242049964,24.976154195466663,active,0.8423236514522822,0.7586206896551724,0.6664310344827586,1.1383333764520218,28.37735502467241,-0.019157088122605415,3.4012008292057487,0.05809128630705396
outer_2026,RUB_AMD,1.0,active,0.95850622406639,0.5454545454545454,0.7002424242424242,0.7789510126363164,59.679553138593946,active,0.95850622406639,0.5454545454545454,0.7231363636363636,0.7542900245144258,64.16287334720305,0.0,4.483320208609101,0.0
outer_2026,RUB_AMD,1.1,active,0.95850622406639,0.5454545454545454,0.6942424242424242,0.785683107813182,59.679553138593946,active,0.95850622406639,0.5454545454545454,0.7193333333333334,0.7582778667116016,64.16287334720305,0.0,4.483320208609101,0.0
outer_2026,RUB_AMD,1.2,active,0.95850622406639,0.5454545454545454,0.6966818181818183,0.7829320806420041,59.679553138593946,active,0.95850622406639,0.5454545454545454,0.7217272727272728,0.7557626905151781,64.16287334720305,0.0,4.483320208609101,0.0
outer_2026,RUB_AMD,1.3,active,0.95850622406639,0.5454545454545454,0.6978030303030303,0.7816740853327543,59.679553138593946,active,0.95850622406639,0.5454545454545454,0.7220757575757576,0.755397947835575,64.16287334720305,0.0,4.483320208609101,0.0
outer_2026,RUB_AMD,1.4,active,0.95850622406639,0.5454545454545454,0.696909090909091,0.7826767545003911,59.679553138593946,active,0.95850622406639,0.5454545454545454,0.7214545454545455,0.7560483870967741,64.16287334720305,0.0,4.483320208609101,0.0
outer_2026,RUB_KGS,0.1,active,0.0,,,,,active,0.0,,,,,,,0.0
outer_2026,RUB_KGS,0.2,active,0.0580912863070539,1.0,0.7045,1.4194464158977995,0.0,active,0.0290456431535269,0.0,0.5555,0.0,106.3714018184,-1.0,106.3714018184,-0.029045643153527003
outer_2026,RUB_KGS,0.3,active,0.2033195020746888,0.8571428571428571,0.6097857142857143,1.4056460114794425,20.476527067771432,active,0.1452282157676348,0.8,0.504,1.5873015873015874,20.82478912256,-0.05714285714285705,0.34826205478856664,-0.058091286307053985
outer_2026,RUB_KGS,0.4,active,0.3775933609958506,0.9230769230769232,0.6656923076923077,1.3866420152530623,17.74723886069231,active,0.2323651452282157,0.875,0.5306875,1.6488046166529269,18.452848078550005,-0.04807692307692324,0.7056092178576954,-0.14522821576763492
outer_2026,RUB_KGS,0.5,active,0.5809128630705394,0.85,0.6584500000000001,1.2909104715620014,22.36083427162,active,0.4066390041493776,0.9285714285714286,0.6113214285714286,1.5189577612899456,17.19969874348572,0.07857142857142863,-5.161135528134281,-0.17427385892116176
outer_2026,RUB_KGS,0.6,active,0.5809128630705394,0.85,0.6587249999999999,1.290371551102509,22.36083427162,active,0.4937759336099585,0.9411764705882352,0.6318529411764705,1.489549876646651,14.266640342170588,0.09117647058823519,-8.094193929449412,-0.08713692946058088
outer_2026,RUB_KGS,0.7,active,0.6099585062240663,0.8095238095238095,0.6354285714285713,1.273980815347722,28.11946614247619,active,0.6680497925311203,0.8260869565217391,0.620891304347826,1.3304856272539478,26.319481160717388,0.0165631469979296,-1.7999849817588007,0.05809128630705396
outer_2026,RUB_KGS,0.8,active,0.7551867219917012,0.8076923076923077,0.6345,1.2729587197672303,28.66466200891923,active,0.8132780082987552,0.75,0.643125,1.1661807580174928,34.775096724325,-0.05769230769230771,6.110434715405773,0.05809128630705396
outer_2026,RUB_KGS,0.9,active,0.7842323651452282,0.7777777777777778,0.6422592592592593,1.21100282567326,36.092432255022224,active,0.8423236514522822,0.7241379310344828,0.6385,1.1341236194745228,34.77502517884483,-0.05363984674329503,-1.3174070761773962,0.05809128630705396
outer_2026,RUB_KGS,1.0,active,0.95850622406639,0.5151515151515151,0.6705151515151516,0.7682921317846972,65.41269905480303,active,0.95850622406639,0.5151515151515151,0.6945909090909093,0.741661758610911,69.37202313253636,0.0,3.959324077733328,0.0
outer_2026,RUB_KGS,1.1,active,0.95850622406639,0.5151515151515151,0.6737727272727273,0.7645775708920821,65.41269905480303,active,0.95850622406639,0.5151515151515151,0.6973636363636364,0.7387129014035545,69.37202313253636,0.0,3.959324077733328,0.0
outer_2026,RUB_KGS,1.2,active,0.95850622406639,0.5151515151515151,0.6712121212121213,0.7674943566591421,65.41269905480303,active,0.95850622406639,0.5151515151515151,0.6959242424242424,0.7402407959765736,69.37202313253636,0.0,3.959324077733328,0.0
outer_2026,RUB_KGS,1.3,active,0.95850622406639,0.5151515151515151,0.669,0.7700321601666893,65.41269905480303,active,0.95850622406639,0.5151515151515151,0.6941212121212122,0.7421636252510257,69.37202313253636,0.0,3.959324077733328,0.0
outer_2026,RUB_KGS,1.4,active,0.95850622406639,0.5151515151515151,0.6700151515151515,0.768865471156238,65.41269905480303,active,0.95850622406639,0.5151515151515151,0.6942121212121213,0.7420664367715744,69.37202313253636,0.0,3.959324077733328,0.0
outer_2026,RUB_KZT,0.1,active,0.0,,,,,active,0.0,,,,,,,0.0
outer_2026,RUB_KZT,0.2,active,0.0,,,,,active,0.0,,,,,,,0.0
outer_2026,RUB_KZT,0.3,active,0.0580912863070539,1.0,0.592,1.6891891891891893,0.0,active,0.0871369294605809,1.0,0.4431666666666666,2.2564874012786764,8.297464087533333,0.0,8.297464087533333,0.029045643153526993
outer_2026,RUB_KZT,0.4,active,0.2033195020746888,0.7142857142857143,0.5356428571428571,1.333511134817976,56.35938380091428,active,0.1452282157676348,0.8,0.4564,1.75284837861525,41.21437989747999,0.08571428571428574,-15.145003903434286,-0.058091286307053985
outer_2026,RUB_KZT,0.5,active,0.3195020746887966,0.6363636363636364,0.5261363636363635,1.209503239740821,59.523636283845455,active,0.2033195020746888,0.7142857142857143,0.5012142857142856,1.42511044605957,45.41121805984285,0.07792207792207795,-14.112418224002603,-0.1161825726141078
outer_2026,RUB_KZT,0.6,active,0.3775933609958506,0.6153846153846154,0.5483461538461538,1.1222557340253911,57.0419615172,active,0.3195020746887966,0.7272727272727273,0.5403636363636363,1.3458950201884257,38.96888337067273,0.11188811188811187,-18.073078146527273,-0.05809128630705401
outer_2026,RUB_KZT,0.7,active,0.4647302904564315,0.6875,0.58040625,1.1845151564098422,46.775296381587495,active,0.5228215767634854,0.8333333333333334,0.6312777777777778,1.320073924139752,32.208412941688884,0.14583333333333337,-14.56688343989861,0.0580912863070539
outer_2026,RUB_KZT,0.8,active,0.5809128630705394,0.8,0.62525,1.2794882047181129,33.917794531295,active,0.6390041493775933,0.7727272727272727,0.6258409090909091,1.2347024004067255,35.779277680486366,-0.027272727272727337,1.8614831491913648,0.05809128630705396
outer_2026,RUB_KZT,0.9,active,0.6680497925311203,0.7391304347826086,0.651804347826087,1.133975919687823,39.00347993065217,active,0.7842323651452282,0.7777777777777778,0.6693703703703703,1.1619542964643392,37.137173085603706,0.03864734299516914,-1.866306845048463,0.11618257261410792
outer_2026,RUB_KZT,1.0,active,0.95850622406639,0.5757575757575758,0.6994848484848485,0.8231165793007842,73.73441044617273,active,0.95850622406639,0.5151515151515151,0.6994848484848485,0.73647272884807,86.42075825293333,-0.06060606060606066,12.686347806760594,0.0
outer_2026,RUB_KZT,1.1,active,0.95850622406639,0.5757575757575758,0.6992121212121213,0.8234376354338216,73.73441044617273,active,0.95850622406639,0.5151515151515151,0.6992121212121213,0.7367599895986824,86.42075825293333,-0.06060606060606066,12.686347806760594,0.0
outer_2026,RUB_KZT,1.2,active,0.95850622406639,0.5757575757575758,0.695469696969697,0.8278686738851007,73.73441044617273,active,0.95850622406639,0.5151515151515151,0.695469696969697,0.7407246029498268,86.42075825293333,-0.06060606060606066,12.686347806760594,0.0
outer_2026,RUB_KZT,1.3,active,0.95850622406639,0.5757575757575758,0.698878787878788,0.8238303776611888,73.73441044617273,active,0.95850622406639,0.5151515151515151,0.698878787878788,0.7371113905389584,86.42075825293333,-0.06060606060606066,12.686347806760594,0.0
outer_2026,RUB_KZT,1.4,active,0.95850622406639,0.5757575757575758,0.6960909090909091,0.8271298593879239,73.73441044617273,active,0.95850622406639,0.5151515151515151,0.6960909090909091,0.7400635583997214,86.42075825293333,-0.06060606060606066,12.686347806760594,0.0
outer_2026,RUB_TJS,0.1,active,0.1742738589211618,1.0,0.6441666666666668,1.5523932729624836,0.0,active,0.0871369294605809,0.3333333333333333,0.5273333333333333,0.6321112515802781,64.2846246715,-0.6666666666666667,64.2846246715,-0.0871369294605809
outer_2026,RUB_TJS,0.2,active,0.2614107883817427,0.8888888888888888,0.6559444444444444,1.3551283137122043,19.08777450585556,active,0.1161825726141078,0.75,0.520875,1.4398848092152627,21.623467596325,-0.13888888888888884,2.53569309046944,-0.1452282157676349
outer_2026,RUB_TJS,0.3,active,0.3485477178423236,0.9166666666666666,0.642125,1.4275517487508922,16.935991292008335,active,0.2323651452282157,0.875,0.614625,1.4236322961155177,15.359141147875,-0.04166666666666663,-1.576850144133335,-0.11618257261410789
outer_2026,RUB_TJS,0.4,active,0.4937759336099585,0.8235294117647058,0.6271764705882352,1.3130744700806605,20.987439390870588,active,0.3485477178423236,0.9166666666666666,0.6111666666666667,1.4998636487592034,14.787631297958333,0.09313725490196079,-6.199808092912255,-0.1452282157676349
outer_2026,RUB_TJS,0.5,active,0.5518672199170124,0.7894736842105263,0.6428421052631579,1.2280989028983134,22.09825785563684,active,0.4647302904564315,0.9375,0.6254375,1.49895073448586,13.055843782931248,0.14802631578947367,-9.042414072705593,-0.08713692946058088
outer_2026,RUB_TJS,0.6,active,0.5809128630705394,0.75,0.624,1.2019230769230769,24.870009373395,active,0.5518672199170124,0.8947368421052632,0.6315263157894737,1.416784732061005,14.91020005605263,0.14473684210526316,-9.95980931734237,-0.02904564315352698
outer_2026,RUB_TJS,0.7,active,0.7261410788381742,0.76,0.62288,1.2201387105060366,30.203114059372,active,0.6680497925311203,0.782608695652174,0.613,1.2766862898077878,24.257343998043478,0.022608695652173938,-5.945770061328524,-0.05809128630705396
outer_2026,RUB_TJS,0.8,active,0.7551867219917012,0.8076923076923077,0.6333076923076921,1.2753552775416013,24.17312879216153,active,0.7261410788381742,0.76,0.6345,1.1977935382190703,28.033368903764,-0.0476923076923077,3.8602401116024687,-0.02904564315352698
outer_2026,RUB_TJS,0.9,active,0.7842323651452282,0.7407407407407407,0.6373518518518518,1.1622163465729145,35.92490139317037,active,0.8423236514522822,0.8275862068965517,0.6371724137931035,1.298841866002814,24.94124336248965,0.08684546615581101,-10.983658030680722,0.05809128630705396
outer_2026,RUB_TJS,1.0,active,0.95850622406639,0.5454545454545454,0.6763181818181818,0.8065058135627394,58.50357359126061,active,0.95850622406639,0.5454545454545454,0.6978484848484848,0.7816231707846628,62.919808408427286,0.0,4.416234817166675,0.0
outer_2026,RUB_TJS,1.1,active,0.95850622406639,0.5454545454545454,0.6762878787878788,0.8065419513834434,58.50357359126061,active,0.95850622406639,0.5454545454545454,0.6990606060606062,0.780267891976245,62.919808408427286,0.0,4.416234817166675,0.0
outer_2026,RUB_TJS,1.2,active,0.95850622406639,0.5454545454545454,0.6749848484848485,0.8080989472266492,58.50357359126061,active,0.95850622406639,0.5454545454545454,0.6978484848484849,0.7816231707846627,62.919808408427286,0.0,4.416234817166675,0.0
outer_2026,RUB_TJS,1.3,active,0.95850622406639,0.5454545454545454,0.6730151515151516,0.8104639906346383,58.50357359126061,active,0.95850622406639,0.5454545454545454,0.6961212121212123,0.7835625979453246,62.919808408427286,0.0,4.416234817166675,0.0
outer_2026,RUB_TJS,1.4,active,0.95850622406639,0.5454545454545454,0.6751363636363636,0.8079175924055746,58.50357359126061,active,0.95850622406639,0.5454545454545454,0.6976666666666668,0.7818268687833904,62.919808408427286,0.0,4.416234817166675,0.0
outer_2026,RUB_UZS,0.1,active,0.0871369294605809,1.0,0.6793333333333332,1.4720314033366046,13.770951692633332,active,0.0580912863070539,0.0,0.455,0.0,135.8885152903,-1.0,122.11756359766667,-0.029045643153526993
outer_2026,RUB_UZS,0.2,active,0.1742738589211618,0.8333333333333334,0.64775,1.2865045670912132,29.9336369272,active,0.1452282157676348,0.8,0.5282,1.5145778114350623,29.7863516736,-0.033333333333333326,-0.14728525359999978,-0.02904564315352698
outer_2026,RUB_UZS,0.3,active,0.2614107883817427,0.8888888888888888,0.6524444444444445,1.3623978201634876,25.38924685298889,active,0.2033195020746888,0.8571428571428571,0.5180714285714285,1.6544877981524888,25.657403080457147,-0.031746031746031744,0.26815622746825696,-0.0580912863070539
outer_2026,RUB_UZS,0.4,active,0.4647302904564315,0.75,0.63775,1.1760094080752646,26.480867290812498,active,0.3485477178423236,0.8333333333333334,0.583875,1.427246128594876,26.146090616149998,0.08333333333333337,-0.33477667466249983,-0.11618257261410792
outer_2026,RUB_UZS,0.5,active,0.6099585062240663,0.7142857142857143,0.6298333333333332,1.134086871054323,31.263656572685715,active,0.5228215767634854,0.8333333333333334,0.6091944444444444,1.3679266791299989,20.747819938383333,0.11904761904761907,-10.515836634302381,-0.08713692946058094
outer_2026,RUB_UZS,0.6,active,0.6680497925311203,0.782608695652174,0.6113260869565218,1.2801820703388926,22.532513980047828,active,0.6099585062240663,0.7619047619047619,0.5972857142857142,1.2756118950809217,23.903955912442857,-0.020703933747412084,1.3714419323950295,-0.05809128630705396
outer_2026,RUB_UZS,0.7,active,0.7261410788381742,0.76,0.6041799999999999,1.257903273858784,24.916413231244,active,0.6970954356846473,0.7083333333333334,0.6075625,1.1658608510784214,29.90041691835833,-0.05166666666666664,4.984003687114331,-0.02904564315352698
outer_2026,RUB_UZS,0.8,active,0.7551867219917012,0.7692307692307693,0.6088269230769231,1.2634637859692346,28.297145275611538,active,0.8132780082987552,0.7142857142857143,0.61875,1.1544011544011543,29.87084842521785,-0.05494505494505497,1.5737031496063132,0.05809128630705396
outer_2026,RUB_UZS,0.9,active,0.8132780082987552,0.7857142857142857,0.6198571428571429,1.2675731735422908,27.910596940857143,active,0.8132780082987552,0.7857142857142857,0.6198571428571429,1.2675731735422908,25.89582090297143,0.0,-2.0147760378857136,0.0
outer_2026,RUB_UZS,1.0,active,0.95850622406639,0.5151515151515151,0.6568181818181819,0.7843137254901961,71.08958939607272,active,0.95850622406639,0.5151515151515151,0.6799242424242425,0.7576601671309191,73.38826740900909,0.0,2.2986780129363638,0.0
outer_2026,RUB_UZS,1.1,active,0.95850622406639,0.5151515151515151,0.6535909090909092,0.7881864756473559,71.08958939607272,active,0.95850622406639,0.5151515151515151,0.6762878787878789,0.7617340651954743,73.38826740900909,0.0,2.2986780129363638,0.0
outer_2026,RUB_UZS,1.2,active,0.95850622406639,0.5151515151515151,0.6566515151515152,0.7845127944807216,71.08958939607272,active,0.95850622406639,0.5151515151515151,0.6809848484848485,0.756480142396262,73.38826740900909,0.0,2.2986780129363638,0.0
outer_2026,RUB_UZS,1.3,active,0.95850622406639,0.5151515151515151,0.6533333333333333,0.7884972170686456,71.08958939607272,active,0.95850622406639,0.5151515151515151,0.6758333333333334,0.7622463849344243,73.38826740900909,0.0,2.2986780129363638,0.0
outer_2026,RUB_UZS,1.4,active,0.95850622406639,0.5151515151515151,0.6515151515151515,0.7906976744186046,71.08958939607272,active,0.95850622406639,0.5151515151515151,0.6751818181818182,0.7629819128405367,73.38826740900909,0.0,2.2986780129363638,0.0
