outer_fold,corridor,frontier_point_id,common_signal_count,comparison_status,left_hit_rate,right_hit_rate,delta_hit_rate,left_mean_regret_bps,right_mean_regret_bps,delta_mean_regret_bps
outer_2022,RUB_AMD,budget_00,0,inactive,,,,,,
outer_2022,RUB_AMD,budget_01,0,inactive,,,,,,
outer_2022,RUB_AMD,budget_02,0,inactive,,,,,,
outer_2022,RUB_AMD,budget_03,0,inactive,,,,,,
outer_2022,RUB_AMD,budget_04,5,active,1.0,0.2,-0.8,0.66114021258,207.51160108829998,206.85046087572
outer_2022,RUB_AMD,budget_05,9,active,0.8888888888888888,0.4444444444444444,-0.4444444444444444,20.9910346314,136.27525745823334,115.28422282683334
outer_2022,RUB_AMD,budget_06,15,active,0.8666666666666667,0.4666666666666667,-0.4,28.5857349196,120.81114501274666,92.22541009314666
outer_2022,RUB_AMD,budget_07,20,active,0.6,0.55,-0.04999999999999993,63.673781238490015,106.09464523760502,42.42086399911501
outer_2022,RUB_AMD,budget_08,34,active,0.5294117647058824,0.5294117647058824,0.0,104.24555699816766,98.79515988219704,-5.450397115970617
outer_2022,RUB_AMD,budget_09,40,active,0.475,0.45,-0.024999999999999967,176.74666645945499,137.229166878265,-39.51749958118998
outer_2022,RUB_AMD,budget_10,40,active,0.475,0.45,-0.024999999999999967,176.74666645945499,137.229166878265,-39.51749958118998
outer_2022,RUB_AMD,budget_11,40,active,0.475,0.45,-0.024999999999999967,176.74666645945499,137.229166878265,-39.51749958118998
outer_2022,RUB_AMD,budget_12,40,active,0.475,0.45,-0.024999999999999967,176.74666645945499,137.229166878265,-39.51749958118998
outer_2022,RUB_AMD,budget_13,40,active,0.475,0.45,-0.024999999999999967,176.74666645945499,137.229166878265,-39.51749958118998
outer_2022,RUB_KGS,budget_00,0,inactive,,,,,,
outer_2022,RUB_KGS,budget_01,0,inactive,,,,,,
outer_2022,RUB_KGS,budget_02,0,inactive,,,,,,
outer_2022,RUB_KGS,budget_03,0,inactive,,,,,,
outer_2022,RUB_KGS,budget_04,4,active,1.0,0.5,-0.5,1.519822508575,179.91072748005,178.390904971475
outer_2022,RUB_KGS,budget_05,6,active,1.0,0.5,-0.5,1.0132150057166667,215.76973044163333,214.75651543591667
outer_2022,RUB_KGS,budget_06,10,active,0.9,0.5,-0.4,15.845586097079998,151.20889302689,135.36330692981
outer_2022,RUB_KGS,budget_07,19,active,0.7368421052631579,0.47368421052631576,-0.2631578947368421,49.90090584427895,138.66619873184735,88.76529288756839
outer_2022,RUB_KGS,budget_08,35,active,0.5428571428571428,0.5428571428571428,0.0,87.78231097776286,102.18333290040857,14.401021922645711
outer_2022,RUB_KGS,budget_09,39,active,0.48717948717948717,0.5128205128205128,0.025641025641025605,138.46709245131794,101.85086491248461,-36.61622753883333
outer_2022,RUB_KGS,budget_10,41,active,0.4146341463414634,0.5121951219512195,0.09756097560975613,196.2221289624,121.91744714367317,-74.30468181872683
outer_2022,RUB_KGS,budget_11,41,active,0.4146341463414634,0.5121951219512195,0.09756097560975613,196.2221289624,121.91744714367317,-74.30468181872683
outer_2022,RUB_KGS,budget_12,41,active,0.4146341463414634,0.5121951219512195,0.09756097560975613,196.2221289624,121.91744714367317,-74.30468181872683
outer_2022,RUB_KGS,budget_13,41,active,0.4146341463414634,0.5121951219512195,0.09756097560975613,196.2221289624,121.91744714367317,-74.30468181872683
outer_2022,RUB_KZT,budget_00,0,inactive,,,,,,
outer_2022,RUB_KZT,budget_01,0,inactive,,,,,,
outer_2022,RUB_KZT,budget_02,0,inactive,,,,,,
outer_2022,RUB_KZT,budget_03,0,inactive,,,,,,
outer_2022,RUB_KZT,budget_04,0,inactive,,,,,,
outer_2022,RUB_KZT,budget_05,1,active,1.0,0.0,-1.0,0.0,112.5625094711,112.5625094711
outer_2022,RUB_KZT,budget_06,5,active,0.8,0.2,-0.6000000000000001,55.122156411999995,203.08429641536,147.96214000336
outer_2022,RUB_KZT,budget_07,11,active,0.7272727272727273,0.2727272727272727,-0.4545454545454546,48.22563307438182,144.26741173791817,96.04177866353635
outer_2022,RUB_KZT,budget_08,22,active,0.6363636363636364,0.45454545454545453,-0.18181818181818182,66.49067765507728,121.08182816590453,54.59115051082725
outer_2022,RUB_KZT,budget_09,38,active,0.42105263157894735,0.5263157894736842,0.10526315789473684,170.48665365085523,130.3918247856079,-40.09482886524734
outer_2022,RUB_KZT,budget_10,40,active,0.5,0.5,0.0,166.75286075173,147.92596824208252,-18.82689250964748
outer_2022,RUB_KZT,budget_11,40,active,0.5,0.5,0.0,166.75286075173,147.92596824208252,-18.82689250964748
outer_2022,RUB_KZT,budget_12,40,active,0.5,0.5,0.0,166.75286075173,147.92596824208252,-18.82689250964748
outer_2022,RUB_KZT,budget_13,40,active,0.5,0.5,0.0,166.75286075173,147.92596824208252,-18.82689250964748
outer_2022,RUB_TJS,budget_00,0,inactive,,,,,,
outer_2022,RUB_TJS,budget_01,0,inactive,,,,,,
outer_2022,RUB_TJS,budget_02,0,inactive,,,,,,
outer_2022,RUB_TJS,budget_03,0,inactive,,,,,,
outer_2022,RUB_TJS,budget_04,2,active,1.0,0.5,-0.5,0.0,97.5271287376,97.5271287376
outer_2022,RUB_TJS,budget_05,7,active,1.0,0.42857142857142855,-0.5714285714285714,2.7954627937285714,175.64237990952856,172.84691711579998
outer_2022,RUB_TJS,budget_06,11,active,0.9090909090909091,0.36363636363636365,-0.5454545454545454,18.109592064954544,170.63312719592724,152.5235351309727
outer_2022,RUB_TJS,budget_07,18,active,0.7222222222222222,0.5555555555555556,-0.16666666666666663,48.29651716225,111.84708726972222,63.550570107472225
outer_2022,RUB_TJS,budget_08,34,active,0.5588235294117647,0.5882352941176471,0.02941176470588236,131.43857363069705,119.3991904311206,-12.039383199576449
outer_2022,RUB_TJS,budget_09,40,active,0.475,0.5,0.025000000000000022,192.2092768808225,150.75855670035497,-41.45072018046753
outer_2022,RUB_TJS,budget_10,40,active,0.475,0.5,0.025000000000000022,192.2092768808225,150.75855670035497,-41.45072018046753
outer_2022,RUB_TJS,budget_11,40,active,0.475,0.5,0.025000000000000022,192.2092768808225,150.75855670035497,-41.45072018046753
outer_2022,RUB_TJS,budget_12,40,active,0.475,0.5,0.025000000000000022,192.2092768808225,150.75855670035497,-41.45072018046753
outer_2022,RUB_TJS,budget_13,40,active,0.475,0.5,0.025000000000000022,192.2092768808225,150.75855670035497,-41.45072018046753
outer_2022,RUB_UZS,budget_00,0,inactive,,,,,,
outer_2022,RUB_UZS,budget_01,0,inactive,,,,,,
outer_2022,RUB_UZS,budget_02,0,inactive,,,,,,
outer_2022,RUB_UZS,budget_03,0,inactive,,,,,,
outer_2022,RUB_UZS,budget_04,3,active,1.0,0.3333333333333333,-0.6666666666666667,0.0,246.72843617523333,246.72843617523333
outer_2022,RUB_UZS,budget_05,7,active,1.0,0.42857142857142855,-0.5714285714285714,1.3171118600142857,183.28163214237142,181.96452028235714
outer_2022,RUB_UZS,budget_06,10,active,0.9,0.4,-0.5,22.60136348114,159.989243445,137.38787996386
outer_2022,RUB_UZS,budget_07,19,active,0.6842105263157895,0.5263157894736842,-0.1578947368421053,62.22563283908947,122.09130707259474,59.865674233505274
outer_2022,RUB_UZS,budget_08,34,active,0.5882352941176471,0.5588235294117647,-0.02941176470588236,94.76167025112058,98.50066532367353,3.738995072552953
outer_2022,RUB_UZS,budget_09,39,active,0.48717948717948717,0.48717948717948717,0.0,172.9139265160103,119.23636826260514,-53.67755825340515
outer_2022,RUB_UZS,budget_10,39,active,0.358974358974359,0.48717948717948717,0.1282051282051282,201.74366070313593,119.23636826260514,-82.50729244053079
outer_2022,RUB_UZS,budget_11,39,active,0.358974358974359,0.48717948717948717,0.1282051282051282,201.74366070313593,119.23636826260514,-82.50729244053079
outer_2022,RUB_UZS,budget_12,39,active,0.358974358974359,0.48717948717948717,0.1282051282051282,201.74366070313593,119.23636826260514,-82.50729244053079
outer_2022,RUB_UZS,budget_13,39,active,0.358974358974359,0.48717948717948717,0.1282051282051282,201.74366070313593,119.23636826260514,-82.50729244053079
outer_2023,RUB_AMD,budget_00,7,active,1.0,1.0,0.0,5.693157206342858,2.1784961802142857,-3.514661026128572
outer_2023,RUB_AMD,budget_01,12,active,0.9166666666666666,0.8333333333333334,-0.08333333333333326,15.314523058525,18.394890541025,3.0803674825
outer_2023,RUB_AMD,budget_02,16,active,0.875,0.75,-0.125,23.18437065125,31.608109226624997,8.423738575374998
outer_2023,RUB_AMD,budget_03,19,active,0.8947368421052632,0.8421052631578947,-0.052631578947368474,22.711783844831576,24.251615660873682,1.5398318160421063
outer_2023,RUB_AMD,budget_04,22,active,0.8181818181818182,0.8181818181818182,0.0,30.673276798931816,32.46076223605,1.7874854371181854
outer_2023,RUB_AMD,budget_05,30,active,0.7666666666666667,0.8,0.033333333333333326,30.325012404989998,29.197915443893333,-1.1270969610966652
outer_2023,RUB_AMD,budget_06,35,active,0.7714285714285715,0.8,0.02857142857142858,35.44791974997714,34.87836245023429,-0.5695572997428471
outer_2023,RUB_AMD,budget_07,42,active,0.7142857142857143,0.6904761904761905,-0.023809523809523836,66.26507397228094,55.1071715605262,-11.157902411754748
outer_2023,RUB_AMD,budget_08,46,active,0.5869565217391305,0.6739130434782609,0.08695652173913038,80.6734689102087,66.03072394458262,-14.642744965626079
outer_2023,RUB_AMD,budget_09,51,active,0.6470588235294118,0.6470588235294118,0.0,78.83448485765686,84.94545128384706,6.110966426190203
outer_2023,RUB_AMD,budget_10,51,active,0.6470588235294118,0.6470588235294118,0.0,78.83448485765686,84.94545128384706,6.110966426190203
outer_2023,RUB_AMD,budget_11,51,active,0.6470588235294118,0.6470588235294118,0.0,78.83448485765686,84.94545128384706,6.110966426190203
outer_2023,RUB_AMD,budget_12,51,active,0.6470588235294118,0.6470588235294118,0.0,78.83448485765686,84.94545128384706,6.110966426190203
outer_2023,RUB_AMD,budget_13,51,active,0.6470588235294118,0.6470588235294118,0.0,78.83448485765686,84.94545128384706,6.110966426190203
outer_2023,RUB_KGS,budget_00,6,active,1.0,1.0,0.0,0.0,0.0,0.0
outer_2023,RUB_KGS,budget_01,13,active,0.9230769230769231,0.8461538461538461,-0.07692307692307698,8.819032730438462,16.03076130415385,7.211728573715387
outer_2023,RUB_KGS,budget_02,17,active,0.8823529411764706,0.8235294117647058,-0.05882352941176472,19.601139904999997,23.767991144782354,4.166851239782357
outer_2023,RUB_KGS,budget_03,18,active,0.8333333333333334,0.8333333333333334,0.0,30.990917088716667,22.799425028972223,-8.191492059744444
outer_2023,RUB_KGS,budget_04,22,active,0.7727272727272727,0.8181818181818182,0.045454545454545525,32.91061933819091,29.022226952490907,-3.888392385700005
outer_2023,RUB_KGS,budget_05,30,active,0.8,0.8333333333333334,0.033333333333333326,27.50923359119,27.86943953416,0.3602059429700013
outer_2023,RUB_KGS,budget_06,38,active,0.7894736842105263,0.7894736842105263,0.0,26.78833122187105,32.731266131881576,5.942934910010525
outer_2023,RUB_KGS,budget_07,42,active,0.8095238095238095,0.7619047619047619,-0.04761904761904767,52.67877735082857,41.97057975634286,-10.70819759448571
outer_2023,RUB_KGS,budget_08,46,active,0.6521739130434783,0.6739130434782609,0.021739130434782594,66.35520048305871,67.35382694486957,0.9986264618108578
outer_2023,RUB_KGS,budget_09,51,active,0.6666666666666666,0.6470588235294118,-0.019607843137254832,70.15088550101764,77.21726719758038,7.066381696562743
outer_2023,RUB_KGS,budget_10,51,active,0.6666666666666666,0.6470588235294118,-0.019607843137254832,70.15088550101764,77.21726719758038,7.066381696562743
outer_2023,RUB_KGS,budget_11,51,active,0.6666666666666666,0.6470588235294118,-0.019607843137254832,70.15088550101764,77.21726719758038,7.066381696562743
outer_2023,RUB_KGS,budget_12,51,active,0.6666666666666666,0.6470588235294118,-0.019607843137254832,70.15088550101764,77.21726719758038,7.066381696562743
outer_2023,RUB_KGS,budget_13,51,active,0.6666666666666666,0.6470588235294118,-0.019607843137254832,70.15088550101764,77.21726719758038,7.066381696562743
outer_2023,RUB_KZT,budget_00,6,active,1.0,0.8333333333333334,-0.16666666666666663,2.7043933864166667,22.340856390383333,19.636463003966668
outer_2023,RUB_KZT,budget_01,11,active,1.0,0.9090909090909091,-0.09090909090909094,12.1402334048,14.6850240541,2.5447906492999994
outer_2023,RUB_KZT,budget_02,14,active,0.8571428571428571,0.9285714285714286,0.07142857142857151,42.53825920157143,14.793309069321428,-27.74495013225
outer_2023,RUB_KZT,budget_03,17,active,0.8235294117647058,0.9411764705882353,0.11764705882352944,37.01644277480588,14.244228724458821,-22.77221405034706
outer_2023,RUB_KZT,budget_04,19,active,0.8421052631578947,0.8947368421052632,0.052631578947368474,32.26595615016843,25.628906237163157,-6.637049913005271
outer_2023,RUB_KZT,budget_05,23,active,0.8260869565217391,0.8260869565217391,0.0,35.596324016778254,45.18159441481304,9.585270398034787
outer_2023,RUB_KZT,budget_06,32,active,0.6875,0.8125,0.125,51.47441343649375,39.59673253649687,-11.877680899996875
outer_2023,RUB_KZT,budget_07,43,active,0.4883720930232558,0.6511627906976745,0.16279069767441867,81.11401096634185,63.841580975676735,-17.272429990665117
outer_2023,RUB_KZT,budget_08,45,active,0.4888888888888889,0.4666666666666667,-0.0222222222222222,82.54497592743333,84.07516187980666,1.5301859523733299
outer_2023,RUB_KZT,budget_09,51,active,0.5098039215686274,0.5098039215686274,0.0,87.31938214381569,90.93568954980785,3.61630740599216
outer_2023,RUB_KZT,budget_10,51,active,0.5098039215686274,0.5098039215686274,0.0,87.31938214381569,90.93568954980785,3.61630740599216
outer_2023,RUB_KZT,budget_11,51,active,0.5098039215686274,0.5098039215686274,0.0,87.31938214381569,90.93568954980785,3.61630740599216
outer_2023,RUB_KZT,budget_12,51,active,0.5098039215686274,0.5098039215686274,0.0,87.31938214381569,90.93568954980785,3.61630740599216
outer_2023,RUB_KZT,budget_13,51,active,0.5098039215686274,0.5098039215686274,0.0,87.31938214381569,90.93568954980785,3.61630740599216
outer_2023,RUB_TJS,budget_00,7,active,1.0,1.0,0.0,0.0,0.0,0.0
outer_2023,RUB_TJS,budget_01,13,active,0.8461538461538461,0.7692307692307693,-0.07692307692307687,15.71674030706154,25.015801737092303,9.299061430030763
outer_2023,RUB_TJS,budget_02,18,active,0.7777777777777778,0.8333333333333334,0.05555555555555558,33.511300584,20.48068237002222,-13.030618213977778
outer_2023,RUB_TJS,budget_03,21,active,0.7619047619047619,0.8095238095238095,0.04761904761904767,34.86823361122381,29.288074334228572,-5.580159276995236
outer_2023,RUB_TJS,budget_04,23,active,0.8260869565217391,0.8260869565217391,0.0,28.81669415197391,29.6016185312913,0.7849243793173919
outer_2023,RUB_TJS,budget_05,34,active,0.8529411764705882,0.8235294117647058,-0.02941176470588236,24.00413706392647,26.19491641859412,2.1907793546676473
outer_2023,RUB_TJS,budget_06,38,active,0.8157894736842105,0.8157894736842105,0.0,25.698307707868423,38.36031969014737,12.662011982278948
outer_2023,RUB_TJS,budget_07,42,active,0.6190476190476191,0.7857142857142857,0.16666666666666663,70.70369101870239,47.51833600100714,-23.185355017695244
outer_2023,RUB_TJS,budget_08,47,active,0.5957446808510638,0.6808510638297872,0.08510638297872342,72.7190305077617,65.94721828012553,-6.771812227636175
outer_2023,RUB_TJS,budget_09,51,active,0.6274509803921569,0.6470588235294118,0.019607843137254943,72.04696855279019,68.61129769049609,-3.435670862294103
outer_2023,RUB_TJS,budget_10,51,active,0.6274509803921569,0.6470588235294118,0.019607843137254943,72.04696855279019,68.61129769049609,-3.435670862294103
outer_2023,RUB_TJS,budget_11,51,active,0.6274509803921569,0.6470588235294118,0.019607843137254943,72.04696855279019,68.61129769049609,-3.435670862294103
outer_2023,RUB_TJS,budget_12,51,active,0.6274509803921569,0.6470588235294118,0.019607843137254943,72.04696855279019,68.61129769049609,-3.435670862294103
outer_2023,RUB_TJS,budget_13,51,active,0.6274509803921569,0.6470588235294118,0.019607843137254943,72.04696855279019,68.61129769049609,-3.435670862294103
outer_2023,RUB_UZS,budget_00,7,active,1.0,0.8571428571428571,-0.1428571428571429,0.0,17.10494683122857,17.10494683122857
outer_2023,RUB_UZS,budget_01,9,active,1.0,0.8888888888888888,-0.11111111111111116,0.0,13.303847535400001,13.303847535400001
outer_2023,RUB_UZS,budget_02,18,active,0.8888888888888888,0.7777777777777778,-0.11111111111111105,16.551707339838888,23.050284228422225,6.498576888583337
outer_2023,RUB_UZS,budget_03,21,active,0.8571428571428571,0.8095238095238095,-0.04761904761904756,16.988251884595236,20.441317774242858,3.453065889647622
outer_2023,RUB_UZS,budget_04,27,active,0.8148148148148148,0.8148148148148148,0.0,27.153523063496294,27.430865470244445,0.2773424067481507
outer_2023,RUB_UZS,budget_05,31,active,0.8064516129032258,0.8064516129032258,0.0,27.32209131063226,29.096771233829035,1.774679923196775
outer_2023,RUB_UZS,budget_06,37,active,0.7837837837837838,0.8378378378378378,0.05405405405405406,28.542380442975677,25.78963149019729,-2.7527489527783864
outer_2023,RUB_UZS,budget_07,40,active,0.75,0.825,0.07499999999999996,47.264427350507496,40.999796192430004,-6.264631158077492
outer_2023,RUB_UZS,budget_08,47,active,0.6808510638297872,0.6382978723404256,-0.04255319148936165,64.50733310831276,69.65856793219999,5.151234823887222
outer_2023,RUB_UZS,budget_09,51,active,0.6078431372549019,0.6078431372549019,0.0,84.4918969142765,84.49189691427648,-1.4210854715202004e-14
outer_2023,RUB_UZS,budget_10,51,active,0.6078431372549019,0.6078431372549019,0.0,84.4918969142765,84.49189691427648,-1.4210854715202004e-14
outer_2023,RUB_UZS,budget_11,51,active,0.6078431372549019,0.6078431372549019,0.0,84.4918969142765,84.49189691427648,-1.4210854715202004e-14
outer_2023,RUB_UZS,budget_12,51,active,0.6078431372549019,0.6078431372549019,0.0,84.4918969142765,84.49189691427648,-1.4210854715202004e-14
outer_2023,RUB_UZS,budget_13,51,active,0.6078431372549019,0.6078431372549019,0.0,84.4918969142765,84.49189691427648,-1.4210854715202004e-14
outer_2024,RUB_AMD,budget_00,10,active,0.8,0.8,0.0,16.256837949250002,21.928787757979997,5.671949808729995
outer_2024,RUB_AMD,budget_01,25,active,0.88,0.88,0.0,18.595496270332,13.676384025851998,-4.919112244480001
outer_2024,RUB_AMD,budget_02,30,active,0.8666666666666667,0.8666666666666667,0.0,17.76742091975333,16.406390315523332,-1.3610306042299989
outer_2024,RUB_AMD,budget_03,35,active,0.8571428571428571,0.8857142857142857,0.02857142857142858,17.164562543534288,16.584382616531432,-0.580179927002856
outer_2024,RUB_AMD,budget_04,41,active,0.7804878048780488,0.8048780487804879,0.024390243902439046,30.961185806046338,29.121876973692686,-1.8393088323536517
outer_2024,RUB_AMD,budget_05,44,active,0.7272727272727273,0.7727272727272727,0.045454545454545414,49.36679920444319,43.38739720007499,-5.979402004368197
outer_2024,RUB_AMD,budget_06,44,active,0.7045454545454546,0.7954545454545454,0.09090909090909083,53.513680245686366,41.562789450377274,-11.950890795309093
outer_2024,RUB_AMD,budget_07,48,active,0.7291666666666666,0.7291666666666666,0.0,57.14346155465833,53.14829686477708,-3.99516468988125
outer_2024,RUB_AMD,budget_08,49,active,0.7142857142857143,0.7142857142857143,0.0,60.19188928421429,54.22671959794898,-5.9651696862653125
outer_2024,RUB_AMD,budget_09,54,active,0.6851851851851852,0.6481481481481481,-0.03703703703703709,68.38082937778148,72.13589562432963,3.7550662465481537
outer_2024,RUB_AMD,budget_10,54,active,0.6851851851851852,0.6481481481481481,-0.03703703703703709,68.38082937778148,72.13589562432963,3.7550662465481537
outer_2024,RUB_AMD,budget_11,54,active,0.6851851851851852,0.6481481481481481,-0.03703703703703709,68.38082937778148,72.13589562432963,3.7550662465481537
outer_2024,RUB_AMD,budget_12,54,active,0.6851851851851852,0.6481481481481481,-0.03703703703703709,68.38082937778148,72.13589562432963,3.7550662465481537
outer_2024,RUB_AMD,budget_13,54,active,0.6851851851851852,0.6481481481481481,-0.03703703703703709,68.38082937778148,72.13589562432963,3.7550662465481537
outer_2024,RUB_KGS,budget_00,15,active,0.8666666666666667,0.8666666666666667,0.0,19.034132210846668,16.355438294106666,-2.678693916740002
outer_2024,RUB_KGS,budget_01,27,active,0.8888888888888888,0.9259259259259259,0.03703703703703709,14.318440254162962,11.874052948222221,-2.44438730594074
outer_2024,RUB_KGS,budget_02,29,active,0.8620689655172413,0.896551724137931,0.034482758620689724,18.34726597320345,13.48199993767931,-4.865266035524138
outer_2024,RUB_KGS,budget_03,32,active,0.875,0.90625,0.03125,16.56270684053125,16.235251043209374,-0.3274557973218748
outer_2024,RUB_KGS,budget_04,38,active,0.8421052631578947,0.868421052631579,0.026315789473684292,34.904974433149995,17.309353806810527,-17.595620626339468
outer_2024,RUB_KGS,budget_05,40,active,0.75,0.85,0.09999999999999998,52.52657510117749,32.141645081567496,-20.384930019609996
outer_2024,RUB_KGS,budget_06,43,active,0.7209302325581395,0.813953488372093,0.09302325581395354,50.53551408826977,38.094085161455816,-12.441428926813956
outer_2024,RUB_KGS,budget_07,48,active,0.75,0.75,0.0,52.618637073727086,50.0784324281,-2.5402046456270853
outer_2024,RUB_KGS,budget_08,49,active,0.6530612244897959,0.7346938775510204,0.08163265306122458,62.193522113879595,55.68927500920205,-6.504247104677546
outer_2024,RUB_KGS,budget_09,54,active,0.6296296296296297,0.6296296296296297,0.0,64.69815942629815,68.05436158934259,3.3562021630444434
outer_2024,RUB_KGS,budget_10,54,active,0.6296296296296297,0.6296296296296297,0.0,64.69815942629815,68.05436158934259,3.3562021630444434
outer_2024,RUB_KGS,budget_11,54,active,0.6296296296296297,0.6296296296296297,0.0,64.69815942629815,68.05436158934259,3.3562021630444434
outer_2024,RUB_KGS,budget_12,54,active,0.6296296296296297,0.6296296296296297,0.0,64.69815942629815,68.05436158934259,3.3562021630444434
outer_2024,RUB_KGS,budget_13,54,active,0.6296296296296297,0.6296296296296297,0.0,64.69815942629815,68.05436158934259,3.3562021630444434
outer_2024,RUB_KZT,budget_00,13,active,0.8461538461538461,0.6923076923076923,-0.15384615384615385,17.12504680896923,23.90620673390769,6.781159924938461
outer_2024,RUB_KZT,budget_01,24,active,0.8333333333333334,0.8333333333333334,0.0,16.588636246395833,21.6083973105,5.019761064104166
outer_2024,RUB_KZT,budget_02,35,active,0.7714285714285715,0.8285714285714286,0.05714285714285716,20.95016463988,27.973228812394286,7.023064172514285
outer_2024,RUB_KZT,budget_03,38,active,0.8157894736842105,0.868421052631579,0.052631578947368474,18.50947657053421,23.158103392163156,4.648626821628945
outer_2024,RUB_KZT,budget_04,41,active,0.8048780487804879,0.8292682926829268,0.024390243902438935,34.16593156394878,28.8579868030122,-5.307944760936582
outer_2024,RUB_KZT,budget_05,44,active,0.7954545454545454,0.7727272727272727,-0.022727272727272707,51.253832313334094,47.51437436861363,-3.7394579447204634
outer_2024,RUB_KZT,budget_06,46,active,0.6739130434782609,0.782608695652174,0.10869565217391308,48.41973840899783,49.17979998030218,0.7600615713043481
outer_2024,RUB_KZT,budget_07,51,active,0.6078431372549019,0.6274509803921569,0.019607843137254943,74.47927838275292,68.81286756794901,-5.6664108148039105
outer_2024,RUB_KZT,budget_08,52,active,0.5769230769230769,0.6153846153846154,0.03846153846153855,84.05430483449616,71.7095579158077,-12.344746918688472
outer_2024,RUB_KZT,budget_09,54,active,0.5555555555555556,0.5925925925925926,0.03703703703703698,84.61255939417778,80.96905312459813,-3.643506269579646
outer_2024,RUB_KZT,budget_10,54,active,0.5555555555555556,0.5925925925925926,0.03703703703703698,84.61255939417778,80.96905312459813,-3.643506269579646
outer_2024,RUB_KZT,budget_11,54,active,0.5555555555555556,0.5925925925925926,0.03703703703703698,84.61255939417778,80.96905312459813,-3.643506269579646
outer_2024,RUB_KZT,budget_12,54,active,0.5555555555555556,0.5925925925925926,0.03703703703703698,84.61255939417778,80.96905312459813,-3.643506269579646
outer_2024,RUB_KZT,budget_13,54,active,0.5555555555555556,0.5925925925925926,0.03703703703703698,84.61255939417778,80.96905312459813,-3.643506269579646
outer_2024,RUB_TJS,budget_00,12,active,0.8333333333333334,0.8333333333333334,0.0,13.217300478866667,14.738829690083334,1.5215292112166665
outer_2024,RUB_TJS,budget_01,23,active,0.8695652173913043,0.9130434782608695,0.04347826086956519,13.428353362173914,9.899029639273914,-3.529323722899999
outer_2024,RUB_TJS,budget_02,29,active,0.896551724137931,0.896551724137931,0.0,17.52554738342759,16.896316686189653,-0.6292306972379365
outer_2024,RUB_TJS,budget_03,32,active,0.90625,0.90625,0.0,15.48268243751875,18.56250143365937,3.07981899614062
outer_2024,RUB_TJS,budget_04,39,active,0.8974358974358975,0.8717948717948718,-0.02564102564102566,14.420296982415385,19.63681749834615,5.216520515930766
outer_2024,RUB_TJS,budget_05,43,active,0.7674418604651163,0.8604651162790697,0.09302325581395343,50.568719176204645,30.366167171469765,-20.20255200473488
outer_2024,RUB_TJS,budget_06,44,active,0.7272727272727273,0.7954545454545454,0.06818181818181812,52.39832886179091,39.712736077779546,-12.685592784011362
outer_2024,RUB_TJS,budget_07,46,active,0.7391304347826086,0.782608695652174,0.0434782608695653,54.62677456493478,45.3036080162087,-9.323166548726078
outer_2024,RUB_TJS,budget_08,49,active,0.673469387755102,0.7142857142857143,0.04081632653061229,60.521520929326535,56.50420715884694,-4.017313770479596
outer_2024,RUB_TJS,budget_09,54,active,0.6666666666666666,0.6111111111111112,-0.05555555555555547,66.2554613347463,71.01653227511295,4.7610709403666505
outer_2024,RUB_TJS,budget_10,54,active,0.6666666666666666,0.6111111111111112,-0.05555555555555547,66.2554613347463,71.01653227511295,4.7610709403666505
outer_2024,RUB_TJS,budget_11,54,active,0.6666666666666666,0.6111111111111112,-0.05555555555555547,66.2554613347463,71.01653227511295,4.7610709403666505
outer_2024,RUB_TJS,budget_12,54,active,0.6666666666666666,0.6111111111111112,-0.05555555555555547,66.2554613347463,71.01653227511295,4.7610709403666505
outer_2024,RUB_TJS,budget_13,54,active,0.6666666666666666,0.6111111111111112,-0.05555555555555547,66.2554613347463,71.01653227511295,4.7610709403666505
outer_2024,RUB_UZS,budget_00,9,active,0.8888888888888888,0.7777777777777778,-0.11111111111111105,7.303772621577778,13.367134202455555,6.0633615808777765
outer_2024,RUB_UZS,budget_01,25,active,0.8,0.84,0.039999999999999925,17.548813031372003,14.061770926456,-3.4870421049160036
outer_2024,RUB_UZS,budget_02,31,active,0.8387096774193549,0.8064516129032258,-0.032258064516129115,17.65883389846774,19.84046795446452,2.1816340559967777
outer_2024,RUB_UZS,budget_03,32,active,0.8125,0.84375,0.03125,20.503981469612498,18.925706258790626,-1.5782752108218716
outer_2024,RUB_UZS,budget_04,40,active,0.825,0.8,-0.02499999999999991,22.6819460341925,23.25078042262,0.5688343884275007
outer_2024,RUB_UZS,budget_05,44,active,0.75,0.7727272727272727,0.022727272727272707,36.25786145468863,35.861432014315916,-0.39642944037271377
outer_2024,RUB_UZS,budget_06,44,active,0.6590909090909091,0.7727272727272727,0.11363636363636365,61.04688729984546,37.11263960988409,-23.934247689961367
outer_2024,RUB_UZS,budget_07,48,active,0.7083333333333334,0.6666666666666666,-0.04166666666666674,58.2494892355,55.69919093225417,-2.5502983032458317
outer_2024,RUB_UZS,budget_08,48,active,0.6666666666666666,0.6875,0.02083333333333337,65.57618055316875,62.70373494333125,-2.8724456098375057
outer_2024,RUB_UZS,budget_09,54,active,0.6296296296296297,0.5925925925925926,-0.03703703703703709,71.38893155726112,74.93966072542037,3.5507291681592505
outer_2024,RUB_UZS,budget_10,54,active,0.6296296296296297,0.5925925925925926,-0.03703703703703709,71.38893155726112,74.93966072542037,3.5507291681592505
outer_2024,RUB_UZS,budget_11,54,active,0.6296296296296297,0.5925925925925926,-0.03703703703703709,71.38893155726112,74.93966072542037,3.5507291681592505
outer_2024,RUB_UZS,budget_12,54,active,0.6296296296296297,0.5925925925925926,-0.03703703703703709,71.38893155726112,74.93966072542037,3.5507291681592505
outer_2024,RUB_UZS,budget_13,54,active,0.6296296296296297,0.5925925925925926,-0.03703703703703709,71.38893155726112,74.93966072542037,3.5507291681592505
outer_2025,RUB_AMD,budget_00,3,active,1.0,1.0,0.0,0.0,0.0,0.0
outer_2025,RUB_AMD,budget_01,6,active,1.0,1.0,0.0,6.165833910616667,6.165833910616667,0.0
outer_2025,RUB_AMD,budget_02,8,active,0.875,1.0,0.125,12.242907603887499,6.646474082487501,-5.596433521399998
outer_2025,RUB_AMD,budget_03,11,active,0.9090909090909091,1.0,0.09090909090909094,14.06627649120909,8.981492529881818,-5.084783961327272
outer_2025,RUB_AMD,budget_04,16,active,0.9375,0.9375,0.0,6.507676201400001,12.5583904523125,6.050714250912499
outer_2025,RUB_AMD,budget_05,20,active,0.9,0.85,-0.050000000000000044,16.509048954279997,18.283388475395,1.774339521115003
outer_2025,RUB_AMD,budget_06,21,active,0.9047619047619048,0.8571428571428571,-0.04761904761904767,15.72290376598095,17.41275092894762,1.6898471629666698
outer_2025,RUB_AMD,budget_07,30,active,0.8,0.8333333333333334,0.033333333333333326,29.626955956550002,20.661335987620003,-8.96561996893
outer_2025,RUB_AMD,budget_08,41,active,0.7317073170731707,0.8048780487804879,0.07317073170731714,41.53489075329757,32.65864448582927,-8.876246267468296
outer_2025,RUB_AMD,budget_09,50,active,0.56,0.68,0.12,68.462207706082,47.573542809128,-20.888664896953998
outer_2025,RUB_AMD,budget_10,50,active,0.48,0.62,0.14,78.522553506056,54.725947211328005,-23.796606294727994
outer_2025,RUB_AMD,budget_11,50,active,0.48,0.62,0.14,78.522553506056,54.725947211328005,-23.796606294727994
outer_2025,RUB_AMD,budget_12,50,active,0.48,0.62,0.14,78.522553506056,54.725947211328005,-23.796606294727994
outer_2025,RUB_AMD,budget_13,50,active,0.48,0.62,0.14,78.522553506056,54.725947211328005,-23.796606294727994
outer_2025,RUB_KGS,budget_00,1,active,1.0,1.0,0.0,0.0,0.0,0.0
outer_2025,RUB_KGS,budget_01,5,active,1.0,1.0,0.0,4.5005202334000005,4.5005202334000005,0.0
outer_2025,RUB_KGS,budget_02,7,active,0.8571428571428571,1.0,0.1428571428571429,12.814056848042858,3.214657309571429,-9.59939953847143
outer_2025,RUB_KGS,budget_03,8,active,0.875,0.875,0.0,11.212299742037501,9.1619387421875,-2.0503609998500014
outer_2025,RUB_KGS,budget_04,15,active,0.9333333333333333,0.8666666666666667,-0.06666666666666665,7.99509516128,12.190813036766666,4.195717875486666
outer_2025,RUB_KGS,budget_05,21,active,0.8571428571428571,0.8095238095238095,-0.04761904761904756,15.945025330114287,16.436082440519048,0.4910571104047605
outer_2025,RUB_KGS,budget_06,23,active,0.8695652173913043,0.8260869565217391,-0.04347826086956519,16.25218809986087,15.077468435347825,-1.174719664513045
outer_2025,RUB_KGS,budget_07,30,active,0.7666666666666667,0.8,0.033333333333333326,28.00207121601333,23.55282496687333,-4.44924624914
outer_2025,RUB_KGS,budget_08,42,active,0.7380952380952381,0.7380952380952381,0.0,41.10558165745715,37.45152964679524,-3.654052010661914
outer_2025,RUB_KGS,budget_09,50,active,0.52,0.72,0.19999999999999996,78.932244933878,46.021148000390006,-32.91109693348799
outer_2025,RUB_KGS,budget_10,51,active,0.5294117647058824,0.6078431372549019,0.07843137254901955,80.59346482297057,67.01399730978824,-13.579467513182337
outer_2025,RUB_KGS,budget_11,51,active,0.5294117647058824,0.6078431372549019,0.07843137254901955,80.59346482297057,67.01399730978824,-13.579467513182337
outer_2025,RUB_KGS,budget_12,51,active,0.5294117647058824,0.6078431372549019,0.07843137254901955,80.59346482297057,67.01399730978824,-13.579467513182337
outer_2025,RUB_KGS,budget_13,51,active,0.5294117647058824,0.6078431372549019,0.07843137254901955,80.59346482297057,67.01399730978824,-13.579467513182337
outer_2025,RUB_KZT,budget_00,3,active,0.6666666666666666,1.0,0.33333333333333337,23.315001666900002,0.0,-23.315001666900002
outer_2025,RUB_KZT,budget_01,5,active,0.8,1.0,0.19999999999999996,24.054143609520004,3.2898632732800004,-20.764280336240002
outer_2025,RUB_KZT,budget_02,7,active,0.7142857142857143,0.8571428571428571,0.1428571428571428,26.111862047942857,14.210623790028572,-11.901238257914285
outer_2025,RUB_KZT,budget_03,10,active,0.8,0.8,0.0,18.27830343356,16.47313240735,-1.805171026210001
outer_2025,RUB_KZT,budget_04,16,active,0.8125,0.75,-0.0625,20.768043540418752,29.12004906276875,8.352005522349998
outer_2025,RUB_KZT,budget_05,21,active,0.8095238095238095,0.7142857142857143,-0.09523809523809523,18.144878120147617,33.79267492979524,15.647796809647623
outer_2025,RUB_KZT,budget_06,26,active,0.7692307692307693,0.7307692307692307,-0.03846153846153855,31.433756424173076,30.074001520565385,-1.3597549036076906
outer_2025,RUB_KZT,budget_07,31,active,0.7419354838709677,0.7741935483870968,0.032258064516129004,33.72703107206129,27.559127123038706,-6.16790394902258
outer_2025,RUB_KZT,budget_08,43,active,0.7209302325581395,0.6744186046511628,-0.046511627906976716,42.006112956355814,49.65665316416976,7.650540207813947
outer_2025,RUB_KZT,budget_09,50,active,0.6,0.64,0.040000000000000036,63.807465875266,60.14127578726799,-3.666190087998004
outer_2025,RUB_KZT,budget_10,50,active,0.58,0.6,0.020000000000000018,70.454152236796,65.760433880736,-4.693718356060003
outer_2025,RUB_KZT,budget_11,50,active,0.58,0.6,0.020000000000000018,70.454152236796,65.760433880736,-4.693718356060003
outer_2025,RUB_KZT,budget_12,50,active,0.58,0.6,0.020000000000000018,70.454152236796,65.760433880736,-4.693718356060003
outer_2025,RUB_KZT,budget_13,50,active,0.58,0.6,0.020000000000000018,70.454152236796,65.760433880736,-4.693718356060003
outer_2025,RUB_TJS,budget_00,0,inactive,,,,,,
outer_2025,RUB_TJS,budget_01,0,inactive,,,,,,
outer_2025,RUB_TJS,budget_02,1,active,1.0,1.0,0.0,49.6305309078,0.0,-49.6305309078
outer_2025,RUB_TJS,budget_03,2,active,1.0,1.0,0.0,24.8152654539,0.0,-24.8152654539
outer_2025,RUB_TJS,budget_04,7,active,1.0,1.0,0.0,7.238929330642857,7.209820128828571,-0.029109201814286223
outer_2025,RUB_TJS,budget_05,15,active,1.0,0.8,-0.19999999999999996,10.630808231799998,27.568049151326665,16.937240919526666
outer_2025,RUB_TJS,budget_06,22,active,0.9545454545454546,0.8636363636363636,-0.09090909090909094,18.039644243054546,21.052330371713634,3.0126861286590874
outer_2025,RUB_TJS,budget_07,29,active,0.8275862068965517,0.8275862068965517,0.0,26.193346709989658,25.14257583952069,-1.0507708704689698
outer_2025,RUB_TJS,budget_08,39,active,0.7948717948717948,0.8205128205128205,0.02564102564102566,29.252856915030762,31.51630678563334,2.263449870602578
outer_2025,RUB_TJS,budget_09,49,active,0.673469387755102,0.7959183673469388,0.12244897959183676,56.90616268852244,39.08767955305102,-17.818483135471425
outer_2025,RUB_TJS,budget_10,50,active,0.66,0.78,0.12,63.286374924739995,42.666255935319995,-20.62011898942
outer_2025,RUB_TJS,budget_11,50,active,0.66,0.78,0.12,63.286374924739995,42.666255935319995,-20.62011898942
outer_2025,RUB_TJS,budget_12,50,active,0.66,0.78,0.12,63.286374924739995,42.666255935319995,-20.62011898942
outer_2025,RUB_TJS,budget_13,50,active,0.66,0.78,0.12,63.286374924739995,42.666255935319995,-20.62011898942
outer_2025,RUB_UZS,budget_00,0,inactive,,,,,,
outer_2025,RUB_UZS,budget_01,0,inactive,,,,,,
outer_2025,RUB_UZS,budget_02,0,inactive,,,,,,
outer_2025,RUB_UZS,budget_03,5,active,0.8,1.0,0.19999999999999996,19.86750936472,8.18912587548,-11.67838348924
outer_2025,RUB_UZS,budget_04,10,active,0.9,0.9,0.0,12.1458851236,20.83276357561,8.68687845201
outer_2025,RUB_UZS,budget_05,16,active,0.875,0.875,0.0,16.79627410291875,21.084288191075,4.288014088156249
outer_2025,RUB_UZS,budget_06,18,active,0.8888888888888888,0.8333333333333334,-0.05555555555555547,14.743717703944444,22.304594636216663,7.560876932272219
outer_2025,RUB_UZS,budget_07,28,active,0.7142857142857143,0.8214285714285714,0.1071428571428571,37.203517434225,23.72651262329643,-13.47700481092857
outer_2025,RUB_UZS,budget_08,35,active,0.6571428571428571,0.7714285714285715,0.11428571428571432,46.09528489195428,25.796531616182858,-20.29875327577142
outer_2025,RUB_UZS,budget_09,51,active,0.5294117647058824,0.5882352941176471,0.05882352941176472,72.25336990814509,67.11206612897843,-5.1413037791666625
outer_2025,RUB_UZS,budget_10,52,active,0.5,0.5576923076923077,0.05769230769230771,82.43075024424806,69.59750889068846,-12.8332413535596
outer_2025,RUB_UZS,budget_11,52,active,0.5,0.5576923076923077,0.05769230769230771,82.43075024424806,69.59750889068846,-12.8332413535596
outer_2025,RUB_UZS,budget_12,52,active,0.5,0.5576923076923077,0.05769230769230771,82.43075024424806,69.59750889068846,-12.8332413535596
outer_2025,RUB_UZS,budget_13,52,active,0.5,0.5576923076923077,0.05769230769230771,82.43075024424806,69.59750889068846,-12.8332413535596
outer_2026,RUB_AMD,budget_00,0,inactive,,,,,,
outer_2026,RUB_AMD,budget_01,3,active,1.0,0.3333333333333333,-0.6666666666666667,0.0,63.096124282666665,63.096124282666665
outer_2026,RUB_AMD,budget_02,3,active,1.0,0.6666666666666666,-0.33333333333333337,0.0,41.40029526393334,41.40029526393334
outer_2026,RUB_AMD,budget_03,8,active,0.875,0.875,0.0,15.525110723975,15.525110723975,0.0
outer_2026,RUB_AMD,budget_04,14,active,0.7857142857142857,0.8571428571428571,0.0714285714285714,21.18448010714286,14.501741384092858,-6.682738723050003
outer_2026,RUB_AMD,budget_05,16,active,0.8125,0.875,0.0625,21.3806441310875,12.689023711081251,-8.691620420006249
outer_2026,RUB_AMD,budget_06,21,active,0.7619047619047619,0.8095238095238095,0.04761904761904767,26.800066895871428,23.391337731795236,-3.408729164076192
outer_2026,RUB_AMD,budget_07,25,active,0.76,0.76,0.0,27.539810421724,29.017767980076002,1.4779575583520028
outer_2026,RUB_AMD,budget_08,27,active,0.7777777777777778,0.7407407407407407,-0.03703703703703709,24.976154195466666,30.4793813227963,5.503227127329634
outer_2026,RUB_AMD,budget_09,33,active,0.5454545454545454,0.5454545454545454,0.0,59.679553138593946,64.16287334720303,4.483320208609086
outer_2026,RUB_AMD,budget_10,33,active,0.5454545454545454,0.5454545454545454,0.0,59.679553138593946,64.16287334720303,4.483320208609086
outer_2026,RUB_AMD,budget_11,33,active,0.5454545454545454,0.5454545454545454,0.0,59.679553138593946,64.16287334720303,4.483320208609086
outer_2026,RUB_AMD,budget_12,33,active,0.5454545454545454,0.5454545454545454,0.0,59.679553138593946,64.16287334720303,4.483320208609086
outer_2026,RUB_AMD,budget_13,33,active,0.5454545454545454,0.5454545454545454,0.0,59.679553138593946,64.16287334720303,4.483320208609086
outer_2026,RUB_KGS,budget_00,0,inactive,,,,,,
outer_2026,RUB_KGS,budget_01,1,active,1.0,0.0,-1.0,0.0,106.3714018184,106.3714018184
outer_2026,RUB_KGS,budget_02,5,active,1.0,0.8,-0.19999999999999996,8.998687149899999,20.82478912256,11.82610197266
outer_2026,RUB_KGS,budget_03,8,active,0.875,0.875,0.0,17.916961184300003,18.452848078549998,0.5358868942499946
outer_2026,RUB_KGS,budget_04,14,active,0.9285714285714286,0.9285714285714286,0.0,16.47957894207143,17.199698743485715,0.7201198014142847
outer_2026,RUB_KGS,budget_05,17,active,0.8235294117647058,0.9411764705882353,0.11764705882352944,23.500082223658826,14.266640342170588,-9.233441881488238
outer_2026,RUB_KGS,budget_06,21,active,0.8095238095238095,0.8571428571428571,0.04761904761904756,28.119466142476192,24.10465331355238,-4.014812828923812
outer_2026,RUB_KGS,budget_07,26,active,0.8076923076923077,0.7692307692307693,-0.038461538461538436,28.664662008919233,32.1308858658577,3.4662238569384662
outer_2026,RUB_KGS,budget_08,27,active,0.7777777777777778,0.7777777777777778,0.0,36.092432255022224,30.265651399866666,-5.826780855155558
outer_2026,RUB_KGS,budget_09,33,active,0.5151515151515151,0.5151515151515151,0.0,65.41269905480303,69.37202313253637,3.959324077733342
outer_2026,RUB_KGS,budget_10,33,active,0.5151515151515151,0.5151515151515151,0.0,65.41269905480303,69.37202313253637,3.959324077733342
outer_2026,RUB_KGS,budget_11,33,active,0.5151515151515151,0.5151515151515151,0.0,65.41269905480303,69.37202313253637,3.959324077733342
outer_2026,RUB_KGS,budget_12,33,active,0.5151515151515151,0.5151515151515151,0.0,65.41269905480303,69.37202313253637,3.959324077733342
outer_2026,RUB_KGS,budget_13,33,active,0.5151515151515151,0.5151515151515151,0.0,65.41269905480303,69.37202313253637,3.959324077733342
outer_2026,RUB_KZT,budget_00,0,inactive,,,,,,
outer_2026,RUB_KZT,budget_01,0,inactive,,,,,,
outer_2026,RUB_KZT,budget_02,2,active,1.0,1.0,0.0,0.0,12.4461961313,12.4461961313
outer_2026,RUB_KZT,budget_03,5,active,0.8,0.8,0.0,36.046472327139995,41.21437989748,5.167907570340006
outer_2026,RUB_KZT,budget_04,7,active,0.7142857142857143,0.7142857142857143,0.0,56.35938380091428,45.41121805984285,-10.948165741071428
outer_2026,RUB_KZT,budget_05,11,active,0.6363636363636364,0.7272727272727273,0.09090909090909094,59.52363628384546,38.96888337067273,-20.554752913172734
outer_2026,RUB_KZT,budget_06,16,active,0.6875,0.8125,0.125,46.775296381587495,35.8057619105375,-10.969534471049997
outer_2026,RUB_KZT,budget_07,20,active,0.8,0.8,0.0,33.917794531295,34.426982564759996,0.5091880334649943
outer_2026,RUB_KZT,budget_08,23,active,0.7391304347826086,0.8260869565217391,0.08695652173913049,39.003479930652176,28.28022129463478,-10.723258636017395
outer_2026,RUB_KZT,budget_09,33,active,0.5757575757575758,0.5151515151515151,-0.06060606060606066,73.73441044617273,86.42075825293333,12.686347806760594
outer_2026,RUB_KZT,budget_10,33,active,0.5757575757575758,0.5151515151515151,-0.06060606060606066,73.73441044617273,86.42075825293333,12.686347806760594
outer_2026,RUB_KZT,budget_11,33,active,0.5757575757575758,0.5151515151515151,-0.06060606060606066,73.73441044617273,86.42075825293333,12.686347806760594
outer_2026,RUB_KZT,budget_12,33,active,0.5757575757575758,0.5151515151515151,-0.06060606060606066,73.73441044617273,86.42075825293333,12.686347806760594
outer_2026,RUB_KZT,budget_13,33,active,0.5757575757575758,0.5151515151515151,-0.06060606060606066,73.73441044617273,86.42075825293333,12.686347806760594
outer_2026,RUB_TJS,budget_00,3,active,1.0,0.3333333333333333,-0.6666666666666667,0.0,64.2846246715,64.2846246715
outer_2026,RUB_TJS,budget_01,4,active,1.0,0.75,-0.25,0.0,21.623467596325,21.623467596325
outer_2026,RUB_TJS,budget_02,8,active,0.875,0.875,0.0,15.359141147875,15.359141147875,0.0
outer_2026,RUB_TJS,budget_03,12,active,0.9166666666666666,0.9166666666666666,0.0,16.935991292008335,14.787631297958333,-2.1483599940500024
outer_2026,RUB_TJS,budget_04,16,active,0.875,0.9375,0.0625,17.7058625665625,13.055843782931248,-4.650018783631253
outer_2026,RUB_TJS,budget_05,19,active,0.7894736842105263,0.8947368421052632,0.10526315789473684,22.09825785563684,14.91020005605263,-7.188057799584211
outer_2026,RUB_TJS,budget_06,23,active,0.8260869565217391,0.782608695652174,-0.04347826086956519,22.08422784253478,24.257343998043478,2.1731161555086977
outer_2026,RUB_TJS,budget_07,25,active,0.8,0.76,-0.040000000000000036,25.140053943848002,28.033368903764003,2.893314959916001
outer_2026,RUB_TJS,budget_08,27,active,0.7407407407407407,0.8148148148148148,0.07407407407407407,35.92490139317037,26.30461139918518,-9.620289993985192
outer_2026,RUB_TJS,budget_09,33,active,0.5454545454545454,0.5454545454545454,0.0,58.503573591260604,62.919808408427286,4.416234817166682
outer_2026,RUB_TJS,budget_10,33,active,0.5454545454545454,0.5454545454545454,0.0,58.503573591260604,62.919808408427286,4.416234817166682
outer_2026,RUB_TJS,budget_11,33,active,0.5454545454545454,0.5454545454545454,0.0,58.503573591260604,62.919808408427286,4.416234817166682
outer_2026,RUB_TJS,budget_12,33,active,0.5454545454545454,0.5454545454545454,0.0,58.503573591260604,62.919808408427286,4.416234817166682
outer_2026,RUB_TJS,budget_13,33,active,0.5454545454545454,0.5454545454545454,0.0,58.503573591260604,62.919808408427286,4.416234817166682
outer_2026,RUB_UZS,budget_00,2,active,1.0,0.0,-1.0,15.3350315976,135.8885152903,120.55348369270001
outer_2026,RUB_UZS,budget_01,5,active,0.8,0.8,0.0,35.92036431264,29.786351673600002,-6.1340126390399945
outer_2026,RUB_UZS,budget_02,7,active,0.8571428571428571,0.8571428571428571,0.0,25.65740308045714,25.65740308045714,0.0
outer_2026,RUB_UZS,budget_03,12,active,0.6666666666666666,0.8333333333333334,0.16666666666666674,33.67227382753334,26.14609061615,-7.526183211383337
outer_2026,RUB_UZS,budget_04,18,active,0.7777777777777778,0.8333333333333334,0.05555555555555558,25.34683042710556,20.747819938383333,-4.599010488722225
outer_2026,RUB_UZS,budget_05,21,active,0.7619047619047619,0.7619047619047619,0.0,24.678467692433337,23.903955912442854,-0.7745117799904833
outer_2026,RUB_UZS,budget_06,24,active,0.75,0.7083333333333334,-0.04166666666666663,25.954597115879167,29.90041691835833,3.945819802479164
outer_2026,RUB_UZS,budget_07,26,active,0.7692307692307693,0.6923076923076923,-0.07692307692307698,28.297145275611538,32.16860599638846,3.87146072077692
outer_2026,RUB_UZS,budget_08,28,active,0.7857142857142857,0.7857142857142857,0.0,27.910596940857143,25.89582090297143,-2.0147760378857136
outer_2026,RUB_UZS,budget_09,33,active,0.5151515151515151,0.5151515151515151,0.0,71.08958939607272,73.38826740900909,2.2986780129363638
outer_2026,RUB_UZS,budget_10,33,active,0.5151515151515151,0.5151515151515151,0.0,71.08958939607272,73.38826740900909,2.2986780129363638
outer_2026,RUB_UZS,budget_11,33,active,0.5151515151515151,0.5151515151515151,0.0,71.08958939607272,73.38826740900909,2.2986780129363638
outer_2026,RUB_UZS,budget_12,33,active,0.5151515151515151,0.5151515151515151,0.0,71.08958939607272,73.38826740900909,2.2986780129363638
outer_2026,RUB_UZS,budget_13,33,active,0.5151515151515151,0.5151515151515151,0.0,71.08958939607272,73.38826740900909,2.2986780129363638
