hypothesis_id,horizon_days,epsilon_bps,strategy,model,corridor,test_year,threshold,evaluation_weeks,candidates,candidates_per_week,candidate_precision,candidate_recall,balanced_accuracy
H008_pooling_ablation,3,50,per_corridor,catboost,RUB_TJS,2022,0.7834135733664024,50.57142857142857,13,0.2570621468926554,0.8461538461538461,0.07746478873239436,0.5291170097508126
H008_pooling_ablation,3,50,per_corridor,catboost,RUB_UZS,2022,0.868395298608546,50.57142857142857,3,0.059322033898305086,0.6666666666666666,0.015037593984962405,0.5031328320802004
H008_pooling_ablation,3,50,per_corridor,catboost,RUB_KGS,2022,0.8323707573797944,50.57142857142857,15,0.2966101694915254,0.6666666666666666,0.072992700729927,0.5137690776376908
H008_pooling_ablation,3,50,per_corridor,catboost,RUB_AMD,2022,0.8318685046533155,50.57142857142857,18,0.3559322033898305,0.7222222222222222,0.09219858156028368,0.5225143851197644
H008_pooling_ablation,3,50,per_corridor,catboost,RUB_KZT,2022,0.8084581530256965,50.57142857142857,19,0.37570621468926557,0.631578947368421,0.09523809523809523,0.5186934277843369
H008_pooling_ablation,3,50,per_corridor,catboost,RUB_TJS,2023,0.6658699342163801,50.57142857142857,70,1.384180790960452,0.8428571428571429,0.32065217391304346,0.5730244996549344
H008_pooling_ablation,3,50,per_corridor,catboost,RUB_UZS,2023,0.7645119098103652,50.57142857142857,44,0.8700564971751413,0.9090909090909091,0.21978021978021978,0.5791208791208791
H008_pooling_ablation,3,50,per_corridor,catboost,RUB_KGS,2023,0.7451917500319035,50.57142857142857,47,0.9293785310734464,0.8723404255319149,0.22162162162162163,0.5624237140366173
H008_pooling_ablation,3,50,per_corridor,catboost,RUB_AMD,2023,0.7210311703657202,50.57142857142857,38,0.7514124293785311,0.8421052631578947,0.17679558011049723,0.5429432446007032
H008_pooling_ablation,3,50,per_corridor,catboost,RUB_KZT,2023,0.766329352421628,50.57142857142857,46,0.9096045197740114,0.7608695652173914,0.22580645161290322,0.5531206171107994
H008_pooling_ablation,3,50,per_corridor,catboost,RUB_TJS,2024,0.7460767148241575,50.57142857142857,77,1.5225988700564972,0.9090909090909091,0.3783783783783784,0.6336336336336337
H008_pooling_ablation,3,50,per_corridor,catboost,RUB_UZS,2024,0.846460021902897,50.57142857142857,43,0.8502824858757062,0.8604651162790697,0.21142857142857144,0.5646183953033268
H008_pooling_ablation,3,50,per_corridor,catboost,RUB_KGS,2024,0.7878600778883895,50.57142857142857,54,1.0677966101694916,0.8518518518518519,0.25274725274725274,0.5657675657675658
H008_pooling_ablation,3,50,per_corridor,catboost,RUB_AMD,2024,0.5983722572361327,50.57142857142857,186,3.6779661016949152,0.7956989247311828,0.7956989247311828,0.5913978494623655
H008_pooling_ablation,3,50,per_corridor,catboost,RUB_KZT,2024,0.766303093690098,50.57142857142857,64,1.265536723163842,0.796875,0.30538922155688625,0.5724476971981962
H008_pooling_ablation,3,50,per_corridor,catboost,RUB_TJS,2025,0.7769130809628544,50.714285714285715,39,0.7690140845070422,0.8461538461538461,0.2,0.5634146341463415
H008_pooling_ablation,3,50,per_corridor,catboost,RUB_UZS,2025,0.8608681060282369,50.714285714285715,11,0.21690140845070421,1.0,0.07857142857142857,0.5392857142857143
H008_pooling_ablation,3,50,per_corridor,catboost,RUB_KGS,2025,0.7892713499430196,50.714285714285715,44,0.8676056338028169,0.8181818181818182,0.22784810126582278,0.5689802304081923
H008_pooling_ablation,3,50,per_corridor,catboost,RUB_AMD,2025,0.7042823791530153,50.714285714285715,105,2.0704225352112675,0.7619047619047619,0.5298013245033113,0.6346923289183224
H008_pooling_ablation,3,50,per_corridor,catboost,RUB_KZT,2025,0.7728232742119538,50.714285714285715,61,1.2028169014084507,0.7704918032786885,0.31333333333333335,0.5845017182130584
H008_pooling_ablation,3,50,per_corridor,catboost,RUB_TJS,2026,0.8020361946887773,32.57142857142857,19,0.5833333333333334,0.8947368421052632,0.1619047619047619,0.5624338624338624
H008_pooling_ablation,3,50,per_corridor,catboost,RUB_UZS,2026,0.8559756608875385,32.57142857142857,11,0.33771929824561403,0.7272727272727273,0.07920792079207921,0.5132881709223553
H008_pooling_ablation,3,50,per_corridor,catboost,RUB_KGS,2026,0.8616980137176934,32.57142857142857,9,0.27631578947368424,0.8888888888888888,0.0761904761904762,0.529004329004329
H008_pooling_ablation,3,50,per_corridor,catboost,RUB_AMD,2026,0.8410741761451372,32.57142857142857,11,0.33771929824561403,0.8181818181818182,0.08256880733944955,0.5216765605324699
H008_pooling_ablation,3,50,per_corridor,catboost,RUB_KZT,2026,0.7342934428106289,32.57142857142857,37,1.1359649122807018,0.7837837837837838,0.26605504587155965,0.5545961503867602
H008_pooling_ablation,3,50,pooled_with_corridor_thresholds,catboost,RUB_AMD,2022,0.7993285025401534,50.57142857142857,14,0.2768361581920904,0.7857142857142857,0.07801418439716312,0.5248561488023551
H008_pooling_ablation,3,50,pooled_with_corridor_thresholds,catboost,RUB_KGS,2022,0.8515972870861761,50.57142857142857,4,0.07909604519774012,0.75,0.021897810218978103,0.5064034505640346
H008_pooling_ablation,3,50,pooled_with_corridor_thresholds,catboost,RUB_KZT,2022,0.8398288218062778,50.57142857142857,5,0.09887005649717515,1.0,0.03968253968253968,0.5198412698412699
H008_pooling_ablation,3,50,pooled_with_corridor_thresholds,catboost,RUB_TJS,2022,0.8588382632738751,50.57142857142857,5,0.09887005649717515,1.0,0.035211267605633804,0.5176056338028169
H008_pooling_ablation,3,50,pooled_with_corridor_thresholds,catboost,RUB_UZS,2022,0.8270189730636414,50.57142857142857,9,0.17796610169491525,0.7777777777777778,0.05263157894736842,0.5175438596491228
H008_pooling_ablation,3,50,pooled_with_corridor_thresholds,catboost,RUB_AMD,2023,0.6867302147830413,50.57142857142857,67,1.3248587570621468,0.7761194029850746,0.287292817679558,0.5300100452034153
H008_pooling_ablation,3,50,pooled_with_corridor_thresholds,catboost,RUB_KGS,2023,0.7982307857538619,50.57142857142857,21,0.4152542372881356,0.8571428571428571,0.0972972972972973,0.5244551002615518
H008_pooling_ablation,3,50,pooled_with_corridor_thresholds,catboost,RUB_KZT,2023,0.588787771359322,50.57142857142857,102,2.016949152542373,0.7352941176470589,0.4838709677419355,0.5951963534361852
H008_pooling_ablation,3,50,pooled_with_corridor_thresholds,catboost,RUB_TJS,2023,0.632827515274142,50.57142857142857,94,1.8587570621468927,0.8191489361702128,0.41847826086956524,0.5743184955141477
H008_pooling_ablation,3,50,pooled_with_corridor_thresholds,catboost,RUB_UZS,2023,0.6202920147340898,50.57142857142857,95,1.8785310734463279,0.8210526315789474,0.42857142857142855,0.5835164835164836
H008_pooling_ablation,3,50,pooled_with_corridor_thresholds,catboost,RUB_AMD,2024,0.792359767481658,50.57142857142857,66,1.305084745762712,0.8636363636363636,0.3064516129032258,0.5806451612903226
H008_pooling_ablation,3,50,pooled_with_corridor_thresholds,catboost,RUB_KGS,2024,0.7843871205230983,50.57142857142857,71,1.4039548022598871,0.8732394366197183,0.34065934065934067,0.6021478521478522
H008_pooling_ablation,3,50,pooled_with_corridor_thresholds,catboost,RUB_KZT,2024,0.744871621217465,50.57142857142857,85,1.6807909604519775,0.8235294117647058,0.41916167664670656,0.6169882457307607
H008_pooling_ablation,3,50,pooled_with_corridor_thresholds,catboost,RUB_TJS,2024,0.7910658747699544,50.57142857142857,69,1.364406779661017,0.8840579710144928,0.32972972972972975,0.6013728013728014
H008_pooling_ablation,3,50,pooled_with_corridor_thresholds,catboost,RUB_UZS,2024,0.7354790984406777,50.57142857142857,97,1.9180790960451979,0.8556701030927835,0.4742857142857143,0.641252446183953
H008_pooling_ablation,3,50,pooled_with_corridor_thresholds,catboost,RUB_AMD,2025,0.7941494524046974,50.714285714285715,54,1.064788732394366,0.8518518518518519,0.304635761589404,0.6106512141280354
H008_pooling_ablation,3,50,pooled_with_corridor_thresholds,catboost,RUB_KGS,2025,0.7885510114519886,50.714285714285715,54,1.064788732394366,0.8703703703703703,0.2974683544303797,0.6094083345185607
H008_pooling_ablation,3,50,pooled_with_corridor_thresholds,catboost,RUB_KZT,2025,0.8345342600176437,50.714285714285715,27,0.532394366197183,0.8148148148148148,0.14666666666666667,0.5475601374570447
H008_pooling_ablation,3,50,pooled_with_corridor_thresholds,catboost,RUB_TJS,2025,0.7838817875090288,50.714285714285715,55,1.084507042253521,0.8545454545454545,0.28484848484848485,0.5936437546193644
H008_pooling_ablation,3,50,pooled_with_corridor_thresholds,catboost,RUB_UZS,2025,0.8563914487487525,50.714285714285715,18,0.3549295774647887,0.8888888888888888,0.11428571428571428,0.5477970627503338
H008_pooling_ablation,3,50,pooled_with_corridor_thresholds,catboost,RUB_AMD,2026,0.8656067587994659,32.57142857142857,2,0.06140350877192983,1.0,0.01834862385321101,0.5091743119266054
H008_pooling_ablation,3,50,pooled_with_corridor_thresholds,catboost,RUB_KGS,2026,0.8381553622618161,32.57142857142857,11,0.33771929824561403,0.9090909090909091,0.09523809523809523,0.5385281385281385
H008_pooling_ablation,3,50,pooled_with_corridor_thresholds,catboost,RUB_KZT,2026,0.7177621334821713,32.57142857142857,42,1.2894736842105263,0.7619047619047619,0.29357798165137616,0.5487497751394136
H008_pooling_ablation,3,50,pooled_with_corridor_thresholds,catboost,RUB_TJS,2026,0.8173994890297,32.57142857142857,19,0.5833333333333334,0.8947368421052632,0.1619047619047619,0.5624338624338624
H008_pooling_ablation,3,50,pooled_with_corridor_thresholds,catboost,RUB_UZS,2026,0.8353015200538443,32.57142857142857,11,0.33771929824561403,0.9090909090909091,0.09900990099009901,0.5407330206704881
H008_pooling_ablation,3,50,pooled_without_corridor_feature,catboost,RUB_AMD,2022,0.85389414688271,50.57142857142857,6,0.11864406779661017,0.6666666666666666,0.028368794326241134,0.5047504348989696
H008_pooling_ablation,3,50,pooled_without_corridor_feature,catboost,RUB_KGS,2022,0.8487993934157861,50.57142857142857,6,0.11864406779661017,0.5,0.021897810218978103,0.4973125414731254
H008_pooling_ablation,3,50,pooled_without_corridor_feature,catboost,RUB_KZT,2022,0.8315553473658699,50.57142857142857,10,0.1977401129943503,0.7,0.05555555555555555,0.5153810835629017
H008_pooling_ablation,3,50,pooled_without_corridor_feature,catboost,RUB_TJS,2022,0.8628757347751681,50.57142857142857,7,0.1384180790960452,0.5714285714285714,0.028169014084507043,0.4996614301191766
H008_pooling_ablation,3,50,pooled_without_corridor_feature,catboost,RUB_UZS,2022,0.8290745242214728,50.57142857142857,9,0.17796610169491525,0.5555555555555556,0.03759398496240601,0.5012531328320802
H008_pooling_ablation,3,50,pooled_without_corridor_feature,catboost,RUB_AMD,2023,0.6257986121614667,50.57142857142857,99,1.957627118644068,0.7676767676767676,0.4198895027624309,0.5357023271387912
H008_pooling_ablation,3,50,pooled_without_corridor_feature,catboost,RUB_KGS,2023,0.6774399538417747,50.57142857142857,79,1.5621468926553672,0.8481012658227848,0.3621621621621622,0.584306887532694
H008_pooling_ablation,3,50,pooled_without_corridor_feature,catboost,RUB_KZT,2023,0.6147379371068726,50.57142857142857,90,1.7796610169491527,0.7555555555555555,0.43870967741935485,0.5997896213183731
H008_pooling_ablation,3,50,pooled_without_corridor_feature,catboost,RUB_TJS,2023,0.5624478977002207,50.57142857142857,145,2.867231638418079,0.7793103448275862,0.6141304347826086,0.5530969634230504
H008_pooling_ablation,3,50,pooled_without_corridor_feature,catboost,RUB_UZS,2023,0.5853099920972962,50.57142857142857,128,2.531073446327684,0.7734375,0.5439560439560439,0.548901098901099
H008_pooling_ablation,3,50,pooled_without_corridor_feature,catboost,RUB_AMD,2024,0.7807730799678987,50.57142857142857,65,1.2853107344632768,0.8769230769230769,0.3064516129032258,0.5887096774193549
H008_pooling_ablation,3,50,pooled_without_corridor_feature,catboost,RUB_KGS,2024,0.7507811073482572,50.57142857142857,87,1.7203389830508475,0.896551724137931,0.42857142857142855,0.6461038961038961
H008_pooling_ablation,3,50,pooled_without_corridor_feature,catboost,RUB_KZT,2024,0.7924944630704878,50.57142857142857,56,1.1073446327683616,0.8571428571428571,0.2874251497005988,0.5943298588009167
H008_pooling_ablation,3,50,pooled_without_corridor_feature,catboost,RUB_TJS,2024,0.7638110097166649,50.57142857142857,76,1.5028248587570623,0.881578947368421,0.3621621621621622,0.6096525096525096
H008_pooling_ablation,3,50,pooled_without_corridor_feature,catboost,RUB_UZS,2024,0.7630872153916675,50.57142857142857,76,1.5028248587570623,0.8947368421052632,0.38857142857142857,0.6394911937377691
H008_pooling_ablation,3,50,pooled_without_corridor_feature,catboost,RUB_AMD,2025,0.8639129976870454,50.714285714285715,18,0.3549295774647887,0.8888888888888888,0.10596026490066225,0.5425634657836644
H008_pooling_ablation,3,50,pooled_without_corridor_feature,catboost,RUB_KGS,2025,0.7692723401453179,50.714285714285715,71,1.4,0.8169014084507042,0.3670886075949367,0.6105105959322998
H008_pooling_ablation,3,50,pooled_without_corridor_feature,catboost,RUB_KZT,2025,0.774107711243345,50.714285714285715,64,1.2619718309859154,0.75,0.32,0.5775257731958763
H008_pooling_ablation,3,50,pooled_without_corridor_feature,catboost,RUB_TJS,2025,0.7892603726650016,50.714285714285715,51,1.0056338028169014,0.8235294117647058,0.2545454545454545,0.5723946784922395
H008_pooling_ablation,3,50,pooled_without_corridor_feature,catboost,RUB_UZS,2025,0.8729231378432221,50.714285714285715,8,0.15774647887323942,0.75,0.04285714285714286,0.5120827770360481
H008_pooling_ablation,3,50,pooled_without_corridor_feature,catboost,RUB_AMD,2026,0.8553539472219469,32.57142857142857,13,0.3991228070175439,0.8461538461538461,0.10091743119266056,0.5308508724590754
H008_pooling_ablation,3,50,pooled_without_corridor_feature,catboost,RUB_KGS,2026,0.8442687872178776,32.57142857142857,16,0.4912280701754386,0.9375,0.14285714285714285,0.5623376623376624
H008_pooling_ablation,3,50,pooled_without_corridor_feature,catboost,RUB_KZT,2026,0.8327414306406205,32.57142857142857,12,0.368421052631579,0.8333333333333334,0.09174311926605505,0.5262637164957726
H008_pooling_ablation,3,50,pooled_without_corridor_feature,catboost,RUB_TJS,2026,0.6984823095202229,32.57142857142857,66,2.0263157894736845,0.803030303030303,0.5047619047619047,0.632010582010582
H008_pooling_ablation,3,50,pooled_without_corridor_feature,catboost,RUB_UZS,2026,0.8513769982133599,32.57142857142857,9,0.27631578947368424,0.8888888888888888,0.07920792079207921,0.5308320305714782
H008_pooling_ablation,3,50,pooled,catboost,RUB_AMD,2022,0.8517164183450038,50.57142857142857,3,0.059322033898305086,1.0,0.02127659574468085,0.5106382978723404
H008_pooling_ablation,3,50,pooled,catboost,RUB_KGS,2022,0.8517164183450038,50.57142857142857,4,0.07909604519774012,0.75,0.021897810218978103,0.5064034505640346
H008_pooling_ablation,3,50,pooled,catboost,RUB_KZT,2022,0.8517164183450038,50.57142857142857,3,0.059322033898305086,1.0,0.023809523809523808,0.5119047619047619
H008_pooling_ablation,3,50,pooled,catboost,RUB_TJS,2022,0.8517164183450038,50.57142857142857,5,0.09887005649717515,1.0,0.035211267605633804,0.5176056338028169
H008_pooling_ablation,3,50,pooled,catboost,RUB_UZS,2022,0.8517164183450038,50.57142857142857,4,0.07909604519774012,1.0,0.03007518796992481,0.5150375939849624
H008_pooling_ablation,3,50,pooled,catboost,RUB_AMD,2023,0.622908223663675,50.57142857142857,88,1.7401129943502827,0.7613636363636364,0.3701657458563536,0.5259919638372677
H008_pooling_ablation,3,50,pooled,catboost,RUB_KGS,2023,0.622908223663675,50.57142857142857,96,1.8983050847457628,0.8333333333333334,0.43243243243243246,0.5871839581517001
H008_pooling_ablation,3,50,pooled,catboost,RUB_KZT,2023,0.622908223663675,50.57142857142857,86,1.7005649717514124,0.7558139534883721,0.41935483870967744,0.59554698457223
H008_pooling_ablation,3,50,pooled,catboost,RUB_TJS,2023,0.622908223663675,50.57142857142857,102,2.016949152542373,0.8137254901960784,0.45108695652173914,0.5747498274672187
H008_pooling_ablation,3,50,pooled,catboost,RUB_UZS,2023,0.622908223663675,50.57142857142857,95,1.8785310734463279,0.8210526315789474,0.42857142857142855,0.5835164835164836
H008_pooling_ablation,3,50,pooled,catboost,RUB_AMD,2024,0.7704300049096076,50.57142857142857,77,1.5225988700564972,0.8571428571428571,0.3548387096774194,0.5887096774193549
H008_pooling_ablation,3,50,pooled,catboost,RUB_KGS,2024,0.7704300049096076,50.57142857142857,82,1.6214689265536724,0.8902439024390244,0.4010989010989011,0.6323676323676324
H008_pooling_ablation,3,50,pooled,catboost,RUB_KZT,2024,0.7704300049096076,50.57142857142857,69,1.364406779661017,0.8260869565217391,0.3413173652694611,0.5965846085606565
H008_pooling_ablation,3,50,pooled,catboost,RUB_TJS,2024,0.7704300049096076,50.57142857142857,78,1.5423728813559323,0.8846153846153846,0.372972972972973,0.6150579150579151
H008_pooling_ablation,3,50,pooled,catboost,RUB_UZS,2024,0.7704300049096076,50.57142857142857,81,1.6016949152542375,0.8518518518518519,0.3942857142857143,0.6149510763209394
H008_pooling_ablation,3,50,pooled,catboost,RUB_AMD,2025,0.7845742141919054,50.714285714285715,57,1.123943661971831,0.8421052631578947,0.31788079470198677,0.6120653973509934
H008_pooling_ablation,3,50,pooled,catboost,RUB_KGS,2025,0.7845742141919054,50.714285714285715,61,1.2028169014084507,0.8360655737704918,0.3227848101265823,0.6052126297823922
H008_pooling_ablation,3,50,pooled,catboost,RUB_KZT,2025,0.7845742141919054,50.714285714285715,50,0.9859154929577465,0.84,0.28,0.5987628865979382
H008_pooling_ablation,3,50,pooled,catboost,RUB_TJS,2025,0.7845742141919054,50.714285714285715,55,1.084507042253521,0.8545454545454545,0.28484848484848485,0.5936437546193644
H008_pooling_ablation,3,50,pooled,catboost,RUB_UZS,2025,0.7845742141919054,50.714285714285715,56,1.1042253521126761,0.7321428571428571,0.29285714285714287,0.5763351134846462
H008_pooling_ablation,3,50,pooled,catboost,RUB_AMD,2026,0.8354857793090443,32.57142857142857,11,0.33771929824561403,0.8181818181818182,0.08256880733944955,0.5216765605324699
H008_pooling_ablation,3,50,pooled,catboost,RUB_KGS,2026,0.8354857793090443,32.57142857142857,11,0.33771929824561403,0.9090909090909091,0.09523809523809523,0.5385281385281385
H008_pooling_ablation,3,50,pooled,catboost,RUB_KZT,2026,0.8354857793090443,32.57142857142857,4,0.12280701754385966,0.75,0.027522935779816515,0.5039575463212808
H008_pooling_ablation,3,50,pooled,catboost,RUB_TJS,2026,0.8354857793090443,32.57142857142857,13,0.3991228070175439,0.9230769230769231,0.11428571428571428,0.5478835978835979
H008_pooling_ablation,3,50,pooled,catboost,RUB_UZS,2026,0.8354857793090443,32.57142857142857,10,0.30701754385964913,0.9,0.0891089108910891,0.5357825256209832
