hypothesis_id,horizon_days,epsilon_bps,strategy,model,test_year,validation_auc,validation_pr_auc,train_rows,validation_rows,feature_count,train_target_rate,validation_target_rate,hyperparameters,corridor,threshold,test_rows,evaluation_weeks,target_positives,target_rate,roc_auc,pr_auc,pr_auc_baseline,pr_auc_gain,pr_auc_ratio,brier,brier_baseline,brier_skill_score,log_loss,balanced_accuracy,candidate_precision,candidate_recall,candidates,candidates_per_week,signals,signals_per_week,suppressed_by_cooldown,signal_active,signal_hits,false_pushes,signal_hit_rate,hit_rate_ci_low,hit_rate_ci_high,false_push_rate,random_hit_rate,random_hit_rate_ci_low,random_hit_rate_ci_high,lift,moment_advantage_bps_mean,future_regret_bps_mean,client_advantage_rub_mean,client_regret_rub_mean
H008_pooling_ablation,3,50,per_corridor,catboost,2022,0.6444513570262074,0.8050784096110644,1064,244,52,0.6757518796992481,0.6844262295081968,"{""depth"": 4, ""iterations"": 150, ""l2_leaf_reg"": 3.0, ""learning_rate"": 0.05}",RUB_TJS,0.7834135733664024,246,50.57142857142857,142,0.5772357723577236,0.636443661971831,0.726333542737984,0.5772357723577236,0.1490977703802604,1.2582961374193244,0.24351380557817215,0.25552442957243326,0.04700381882999749,0.685620706411752,0.5291170097508126,0.8461538461538461,0.07746478873239436,13,0.2570621468926554,11,0.21751412429378533,2,True,9,2,0.8181818181818182,0.5230138624217553,0.9486333993289994,0.18181818181818177,0.5725454545454545,0.2727272727272727,0.8181818181818182,1.429025087329311,105.7801205256636,40.18763648012727,1057.801205256636,401.87636480127264
H008_pooling_ablation,3,50,per_corridor,catboost,2022,0.6353564547206166,0.8246022536165148,1064,245,52,0.6578947368421053,0.7061224489795919,"{""depth"": 4, ""iterations"": 150, ""l2_leaf_reg"": 3.0, ""learning_rate"": 0.05}",RUB_UZS,0.868395298608546,247,50.57142857142857,133,0.5384615384615384,0.6211581585542805,0.6744830378563311,0.5384615384615384,0.1360214993947927,1.2526113560189007,0.24509505671326448,0.2766308909749143,0.11399968438271613,0.6864126696179131,0.5031328320802004,0.6666666666666666,0.015037593984962405,3,0.059322033898305086,3,0.059322033898305086,0,True,2,1,0.6666666666666666,0.20765495512648788,0.9385096847238393,0.33333333333333337,0.544,0.0,1.0,1.2254901960784312,-24.406238735299997,178.9120850299333,-244.06238735299996,1789.1208502993331
H008_pooling_ablation,3,50,per_corridor,catboost,2022,0.6333333333333333,0.77561567951001,1064,245,52,0.6842105263157895,0.673469387755102,"{""depth"": 6, ""iterations"": 150, ""l2_leaf_reg"": 3.0, ""learning_rate"": 0.05}",RUB_KGS,0.8323707573797944,247,50.57142857142857,137,0.5546558704453441,0.603384207033842,0.6446248999443185,0.5546558704453441,0.08996902949897434,1.162206936395961,0.2542008886050063,0.26112938772137795,0.026532820288171832,0.7134151929717027,0.5137690776376908,0.6666666666666666,0.072992700729927,15,0.2966101694915254,14,0.2768361581920904,1,True,9,5,0.6428571428571429,0.3876400468214041,0.8365550926279727,0.3571428571428571,0.5591428571428572,0.2857142857142857,0.7857142857142857,1.1497189575881452,125.02991688015001,95.31810333357143,1250.2991688015002,953.1810333357142
H008_pooling_ablation,3,50,per_corridor,catboost,2022,0.6604010025062657,0.8135965493633053,1063,244,52,0.6735653809971778,0.6885245901639344,"{""depth"": 4, ""iterations"": 150, ""l2_leaf_reg"": 3.0, ""learning_rate"": 0.05}",RUB_AMD,0.8318685046533155,247,50.57142857142857,141,0.5708502024291497,0.538204201793122,0.6094897767242765,0.5708502024291497,0.038639574295126766,1.0676877648999739,0.2832487724224828,0.25882751034450485,-0.09435342497199284,0.7765253603817772,0.5225143851197644,0.7222222222222222,0.09219858156028368,18,0.3559322033898305,11,0.21751412429378533,7,True,6,5,0.5454545454545454,0.2800877556899882,0.7872904245601196,0.4545454545454546,0.5652727272727273,0.36363636363636365,0.8181818181818182,0.9649404953361209,136.98180632093636,113.28357764697274,1369.8180632093636,1132.8357764697273
H008_pooling_ablation,3,50,per_corridor,catboost,2022,0.6659189099368561,0.8250110326628558,1063,245,52,0.7187206020696143,0.7224489795918367,"{""depth"": 4, ""iterations"": 150, ""l2_leaf_reg"": 3.0, ""learning_rate"": 0.05}",RUB_KZT,0.8084581530256965,247,50.57142857142857,126,0.5101214574898786,0.5578512396694214,0.588365554955077,0.5101214574898786,0.07824409746519845,1.1533832704278097,0.2662592536011499,0.2949805327402381,0.09736669356543737,0.7322092586989124,0.5186934277843369,0.631578947368421,0.09523809523809523,19,0.37570621468926557,14,0.2768361581920904,5,True,9,5,0.6428571428571429,0.3876400468214041,0.8365550926279727,0.3571428571428571,0.5098571428571428,0.2857142857142857,0.7142857142857143,1.2608573830204541,140.97488890324286,74.23024399575,1409.7488890324285,742.3024399574999
H008_pooling_ablation,3,50,per_corridor,catboost,2023,0.6193158114309555,0.6936749161685096,1311,243,52,0.6781083142639207,0.5802469135802469,"{""depth"": 4, ""iterations"": 150, ""l2_leaf_reg"": 3.0, ""learning_rate"": 0.05}",RUB_TJS,0.6658699342163801,247,50.57142857142857,184,0.7449392712550608,0.5747929606625258,0.7899271331379778,0.7449392712550608,0.044987861882917035,1.0603913145928288,0.2342328947513744,0.21712832607352858,-0.07877631162713206,0.6622539403121013,0.5730244996549344,0.8428571428571429,0.32065217391304346,70,1.384180790960452,37,0.731638418079096,33,True,31,6,0.8378378378378378,0.6886320070454415,0.9234889676470291,0.16216216216216217,0.7381081081081081,0.6074324324324325,0.8648648648648649,1.1351153423654339,16.153598036594595,32.12006611953784,161.53598036594593,321.20066119537836
H008_pooling_ablation,3,50,per_corridor,catboost,2023,0.6188446969696971,0.6726365869708625,1312,244,52,0.6676829268292683,0.5409836065573771,"{""depth"": 4, ""iterations"": 150, ""l2_leaf_reg"": 3.0, ""learning_rate"": 0.05}",RUB_UZS,0.7645119098103652,247,50.57142857142857,182,0.7368421052631579,0.6526627218934912,0.8453157183046505,0.7368421052631579,0.10847361304149261,1.14721418912774,0.20937266001286722,0.23226636868979755,0.0985666104226477,0.6043566460256325,0.5791208791208791,0.9090909090909091,0.21978021978021978,44,0.8700564971751413,27,0.5338983050847458,17,True,24,3,0.8888888888888888,0.7194181745602704,0.9614803521050128,0.11111111111111116,0.7354814814814815,0.5925925925925926,0.8888888888888888,1.2085809245644072,22.3730087624037,14.732299662870373,223.730087624037,147.32299662870375
H008_pooling_ablation,3,50,per_corridor,catboost,2023,0.6260212418300652,0.6732172792270252,1312,244,52,0.6829268292682927,0.5573770491803278,"{""depth"": 4, ""iterations"": 150, ""l2_leaf_reg"": 3.0, ""learning_rate"": 0.05}",RUB_KGS,0.7451917500319035,247,50.57142857142857,185,0.7489878542510121,0.5957279860505666,0.823070331257534,0.7489878542510121,0.07408247700652193,1.0989101179492482,0.22371871994707784,0.22471974905531258,0.004454566687809636,0.6363721935776518,0.5624237140366173,0.8723404255319149,0.22162162162162163,47,0.9293785310734464,30,0.5932203389830508,17,True,25,5,0.8333333333333334,0.6643529481431982,0.9266356575964831,0.16666666666666663,0.7428666666666667,0.6,0.8666666666666667,1.121780489993718,28.51006176907333,27.35555353562334,285.1006176907333,273.5555353562334
H008_pooling_ablation,3,50,per_corridor,catboost,2023,0.5852335164835165,0.6659418964643445,1310,244,52,0.6770992366412214,0.5737704918032787,"{""depth"": 4, ""iterations"": 150, ""l2_leaf_reg"": 3.0, ""learning_rate"": 0.05}",RUB_AMD,0.7210311703657202,247,50.57142857142857,181,0.7327935222672065,0.5388414532060941,0.7801583063768229,0.7327935222672065,0.04736478410961642,1.0646359208567693,0.25926653361839747,0.22109550020835889,-0.17264500351235768,0.7166845659273009,0.5429432446007032,0.8421052631578947,0.17679558011049723,38,0.7514124293785311,23,0.4548022598870057,15,True,18,5,0.782608695652174,0.5809611981726508,0.9033616439828095,0.21739130434782605,0.7299130434782609,0.5652173913043478,0.8695652173913043,1.072194424588992,33.8327446459913,29.924338761065222,338.32744645991295,299.2433876106522
H008_pooling_ablation,3,50,per_corridor,catboost,2023,0.5715630252100841,0.5804990493571694,1311,244,52,0.7200610221205187,0.5122950819672131,"{""depth"": 4, ""iterations"": 150, ""l2_leaf_reg"": 3.0, ""learning_rate"": 0.05}",RUB_KZT,0.766329352421628,247,50.57142857142857,155,0.6275303643724697,0.5376577840112202,0.6695707605818435,0.6275303643724697,0.04204039620937383,1.0669934055723571,0.25574371292427417,0.24701517647404436,-0.035336033092472574,0.7115005356534794,0.5531206171107994,0.7608695652173914,0.22580645161290322,46,0.9096045197740114,22,0.43502824858757067,24,True,16,6,0.7272727272727273,0.5184787630099803,0.8684941798418556,0.2727272727272727,0.6150909090909091,0.45454545454545453,0.8181818181818182,1.182382500738989,32.207403247109085,70.15789003811818,322.07403247109085,701.5789003811818
H008_pooling_ablation,3,50,per_corridor,catboost,2024,0.631235677771902,0.8409086018763171,1557,245,52,0.6634553628773282,0.746938775510204,"{""depth"": 4, ""iterations"": 150, ""l2_leaf_reg"": 3.0, ""learning_rate"": 0.05}",RUB_TJS,0.7460767148241575,248,50.57142857142857,185,0.7459677419354839,0.6742170742170742,0.8370976720934753,0.7459677419354839,0.09112993015799142,1.1221633658334156,0.18081411154996174,0.18950081283336245,0.04583991568964596,0.5441792554185799,0.6336336336336337,0.9090909090909091,0.3783783783783784,77,1.5225988700564972,44,0.8700564971751413,33,True,42,2,0.9545454545454546,0.8486472847469684,0.987445153633019,0.045454545454545414,0.7447727272727273,0.6363636363636364,0.8409090909090909,1.2816600549282882,16.881618636118187,11.68756950694318,168.81618636118188,116.87569506943181
H008_pooling_ablation,3,50,per_corridor,catboost,2024,0.7021754143646409,0.867583520170883,1559,245,52,0.6484926234765875,0.7387755102040816,"{""depth"": 6, ""iterations"": 150, ""l2_leaf_reg"": 3.0, ""learning_rate"": 0.05}",RUB_UZS,0.846460021902897,248,50.57142857142857,175,0.7056451612903226,0.6796868884540118,0.8374043425063206,0.7056451612903226,0.13175918121599794,1.186721582523243,0.19254993936632087,0.20880768765702462,0.07785991250191793,0.5666935020616145,0.5646183953033268,0.8604651162790697,0.21142857142857144,43,0.8502824858757062,30,0.5932203389830508,13,True,26,4,0.8666666666666667,0.7031831605558306,0.9469043057578189,0.1333333333333333,0.7029333333333332,0.5666666666666667,0.8333333333333334,1.2329286798179062,1.9099929610533333,12.472781598183333,19.09992961053333,124.72781598183333
H008_pooling_ablation,3,50,per_corridor,catboost,2024,0.6166250890947969,0.8303236412229473,1559,245,52,0.6638871071199487,0.7510204081632653,"{""depth"": 4, ""iterations"": 150, ""l2_leaf_reg"": 3.0, ""learning_rate"": 0.05}",RUB_KGS,0.7878600778883895,248,50.57142857142857,182,0.7338709677419355,0.6595904095904096,0.8274221478357098,0.7338709677419355,0.09355118009377428,1.1274763333145936,0.18951854352837033,0.1955984737542153,0.031083730405201737,0.5624026910224541,0.5657675657675658,0.8518518518518519,0.25274725274725274,54,1.0677966101694916,35,0.692090395480226,19,True,31,4,0.8857142857142857,0.7404820521187976,0.9546489414551025,0.11428571428571432,0.7346285714285715,0.6,0.8571428571428571,1.2056627255756065,8.480403040302859,12.479350740945714,84.80403040302859,124.79350740945713
H008_pooling_ablation,3,50,per_corridor,catboost,2024,0.6234188034188035,0.8226671218494154,1557,245,52,0.6615285806037251,0.7346938775510204,"{""depth"": 4, ""iterations"": 150, ""l2_leaf_reg"": 3.0, ""learning_rate"": 0.05}",RUB_AMD,0.5983722572361327,248,50.57142857142857,186,0.75,0.6083073187651752,0.8100649961273633,0.75,0.06006499612736327,1.080086661503151,0.18821678978045286,0.18773427738442314,-0.0025701880485133888,0.5625912740714775,0.5913978494623655,0.7956989247311828,0.7956989247311828,186,3.6779661016949152,52,1.0282485875706215,134,True,39,13,0.75,0.6179328224079476,0.8476698823856113,0.25,0.7496153846153846,0.6730769230769231,0.8370192307692303,1.0005130836326321,-0.09107377092499948,55.257677991386544,-0.9107377092499948,552.5767799138654
H008_pooling_ablation,3,50,per_corridor,catboost,2024,0.6294401818698493,0.7361023326083196,1558,245,52,0.6880616174582799,0.6244897959183674,"{""depth"": 4, ""iterations"": 150, ""l2_leaf_reg"": 3.0, ""learning_rate"": 0.05}",RUB_KZT,0.766303093690098,248,50.57142857142857,167,0.6733870967741935,0.5916315517113919,0.7328509425187315,0.6733870967741935,0.059463845744538,1.088305591285302,0.22039128723100138,0.22232786070320162,0.008710439915515122,0.6343069599072012,0.5724476971981962,0.796875,0.30538922155688625,64,1.265536723163842,39,0.7711864406779662,25,True,33,6,0.8461538461538461,0.7027023013426569,0.9275262615494854,0.15384615384615385,0.671025641025641,0.5384615384615384,0.7948717948717948,1.2609858616736722,-7.7892597929307685,25.04009674483846,-77.89259792930768,250.4009674483846
H008_pooling_ablation,3,50,per_corridor,catboost,2025,0.7022084195997239,0.8535817262403778,1805,247,52,0.6742382271468144,0.7449392712550608,"{""depth"": 4, ""iterations"": 150, ""l2_leaf_reg"": 3.0, ""learning_rate"": 0.05}",RUB_TJS,0.7769130809628544,247,50.714285714285715,165,0.6680161943319838,0.6605321507760532,0.8050749521224705,0.6680161943319838,0.1370587577904867,1.205172807116668,0.20625237759190945,0.22768771820551062,0.09414359624902413,0.598687082481302,0.5634146341463415,0.8461538461538461,0.2,39,0.7690140845070422,29,0.571830985915493,10,True,24,5,0.8275862068965517,0.6545119942718489,0.9240225472852006,0.1724137931034483,0.6678620689655173,0.5172413793103449,0.8112068965517234,1.2391573729863692,9.033646604824135,32.614202512927584,90.33646604824135,326.1420251292758
H008_pooling_ablation,3,50,per_corridor,catboost,2025,0.701936702881436,0.8484375474315862,1807,247,52,0.6602102933038185,0.7044534412955465,"{""depth"": 4, ""iterations"": 150, ""l2_leaf_reg"": 3.0, ""learning_rate"": 0.05}",RUB_UZS,0.8608681060282369,247,50.714285714285715,140,0.5668016194331984,0.6349799732977304,0.7119252418460469,0.5668016194331984,0.14512362241284849,1.2560395338283827,0.23630864959073994,0.26448556770312576,0.10653480398602788,0.6644700890718873,0.5392857142857143,1.0,0.07857142857142857,11,0.21690140845070421,10,0.19718309859154928,1,True,10,0,1.0,0.7224598312333834,1.0,0.0,0.5644,0.3,0.8,1.771793054571226,26.955755198349998,6.24641548461,269.5575519835,62.464154846099994
H008_pooling_ablation,3,50,per_corridor,catboost,2025,0.6706847480328143,0.8344328476546643,1807,247,52,0.6751521859435529,0.7327935222672065,"{""depth"": 4, ""iterations"": 150, ""l2_leaf_reg"": 3.0, ""learning_rate"": 0.05}",RUB_KGS,0.7892713499430196,247,50.714285714285715,158,0.6396761133603239,0.6829042810411037,0.8007313004714515,0.6396761133603239,0.16105518711112754,1.2517761469395474,0.2103798032700938,0.23916143519808555,0.12034395053764979,0.6053185036240323,0.5689802304081923,0.8181818181818182,0.22784810126582278,44,0.8676056338028169,30,0.5915492957746479,14,True,22,8,0.7333333333333333,0.5555169795568831,0.8581750444608938,0.2666666666666667,0.6501333333333332,0.5,0.8,1.1279737489745694,12.397566016433332,32.714779464643335,123.97566016433332,327.14779464643334
H008_pooling_ablation,3,50,per_corridor,catboost,2025,0.6407149084568441,0.8208346986083579,1805,247,52,0.6709141274238227,0.7489878542510121,"{""depth"": 4, ""iterations"": 150, ""l2_leaf_reg"": 3.0, ""learning_rate"": 0.05}",RUB_AMD,0.7042823791530153,247,50.714285714285715,151,0.611336032388664,0.700055187637969,0.8034628240210359,0.611336032388664,0.1921267916323719,1.3142736260476546,0.21370830935481772,0.25655231195397404,0.16699908986531609,0.6123311506845799,0.6346923289183224,0.7619047619047619,0.5298013245033113,105,2.0704225352112675,47,0.9267605633802817,58,True,29,18,0.6170212765957447,0.4742630844397632,0.7420951733648692,0.3829787234042553,0.6172765957446809,0.48936170212765956,0.723404255319149,0.9995863780504619,7.0198663763978715,49.59902503359574,70.19866376397871,495.9902503359574
H008_pooling_ablation,3,50,per_corridor,catboost,2025,0.6201100699092668,0.7680152147660932,1806,247,52,0.6788482834994463,0.6720647773279352,"{""depth"": 6, ""iterations"": 150, ""l2_leaf_reg"": 3.0, ""learning_rate"": 0.05}",RUB_KZT,0.7728232742119538,247,50.714285714285715,150,0.6072874493927125,0.5984879725085911,0.6996005707778395,0.6072874493927125,0.09231312138512704,1.1520089398808426,0.24199001304208853,0.24268550541723352,0.002865817527706427,0.6821496697173094,0.5845017182130584,0.7704918032786885,0.31333333333333335,61,1.2028169014084507,37,0.7295774647887324,24,True,27,10,0.7297297297297297,0.5702152452607867,0.8460270175300932,0.2702702702702703,0.6103783783783784,0.47229729729729736,0.7567567567567568,1.1955366631243358,10.671370813783788,47.86014809392702,106.71370813783788,478.6014809392703
H008_pooling_ablation,3,50,per_corridor,catboost,2026,0.669085739937154,0.8017359166722771,2054,245,52,0.682570593962999,0.6653061224489796,"{""depth"": 4, ""iterations"": 150, ""l2_leaf_reg"": 3.0, ""learning_rate"": 0.05}",RUB_TJS,0.8020361946887773,159,32.57142857142857,105,0.660377358490566,0.5947089947089949,0.7682066131420472,0.660377358490566,0.10782925465148119,1.1632842999008144,0.2225762187255672,0.22430339559774623,0.007700181566918651,0.6334744708633772,0.5624338624338624,0.8947368421052632,0.1619047619047619,19,0.5833333333333334,14,0.4298245614035088,5,True,13,1,0.9285714285714286,0.6853073044604219,0.9872781138877085,0.0714285714285714,0.6657142857142858,0.5,0.8571428571428571,1.394849785407725,6.302889531378571,10.650057211157144,63.02889531378571,106.50057211157144
H008_pooling_ablation,3,50,per_corridor,catboost,2026,0.6670052824055261,0.7470594385509467,2056,245,52,0.6653696498054474,0.563265306122449,"{""depth"": 6, ""iterations"": 150, ""l2_leaf_reg"": 3.0, ""learning_rate"": 0.05}",RUB_UZS,0.8559756608875385,158,32.57142857142857,101,0.6392405063291139,0.6050026055237103,0.7291625019602757,0.6392405063291139,0.08992199563116177,1.1406700525715203,0.22910329757219713,0.23638431244365485,0.030801599294763893,0.6517480359643749,0.5132881709223553,0.7272727272727273,0.07920792079207921,11,0.33771929824561403,10,0.30701754385964913,1,True,7,3,0.7,0.3967732199795652,0.892210712513788,0.30000000000000004,0.6392,0.3,0.9,1.095118898623279,-12.716083759059998,36.281796700819996,-127.1608375906,362.81796700819996
H008_pooling_ablation,3,50,per_corridor,catboost,2026,0.6694756554307116,0.7985221744680724,2056,245,52,0.6819066147859922,0.636734693877551,"{""depth"": 6, ""iterations"": 150, ""l2_leaf_reg"": 3.0, ""learning_rate"": 0.05}",RUB_KGS,0.8616980137176934,160,32.57142857142857,105,0.65625,0.5740259740259741,0.7499955892628797,0.65625,0.09374558926287968,1.142850421733912,0.2318759470078736,0.22596678467305287,-0.02615057935780518,0.6546141503901294,0.529004329004329,0.8888888888888888,0.0761904761904762,9,0.27631578947368424,8,0.2456140350877193,1,True,7,1,0.875,0.5291051942301385,0.9775830911367039,0.125,0.6715,0.375,1.0,1.3030528667163068,-3.9989966227749996,15.6002824310625,-39.989966227749996,156.002824310625
H008_pooling_ablation,3,50,per_corridor,catboost,2026,0.7322427293064878,0.8174520102049257,2054,245,52,0.6801363193768257,0.6081632653061224,"{""depth"": 4, ""iterations"": 150, ""l2_leaf_reg"": 3.0, ""learning_rate"": 0.05}",RUB_AMD,0.8410741761451372,160,32.57142857142857,109,0.68125,0.6348264076272712,0.7818970918510328,0.68125,0.10064709185103282,1.1477388504235344,0.2122153158750531,0.22249010828821328,0.04618089537648218,0.6122416333117157,0.5216765605324699,0.8181818181818182,0.08256880733944955,11,0.33771929824561403,10,0.30701754385964913,1,True,8,2,0.8,0.49015684672072346,0.9433190520193067,0.19999999999999996,0.6874,0.4,0.9,1.1638056444573757,-4.439206684760004,18.597791451680003,-44.392066847600034,185.97791451680004
H008_pooling_ablation,3,50,per_corridor,catboost,2026,0.6241989412092503,0.729710083615011,2055,245,52,0.678345498783455,0.6040816326530613,"{""depth"": 6, ""iterations"": 150, ""l2_leaf_reg"": 3.0, ""learning_rate"": 0.05}",RUB_KZT,0.7342934428106289,160,32.57142857142857,109,0.68125,0.5785213167835942,0.757549300527526,0.68125,0.07629930052752598,1.1119989732514144,0.2299645710382106,0.22310339441899202,-0.03075334930284912,0.6505097856334728,0.5545961503867602,0.7837837837837838,0.26605504587155965,37,1.1359649122807018,24,0.736842105263158,13,True,19,5,0.7916666666666666,0.5952915551476453,0.9075531089521192,0.20833333333333337,0.69125,0.5416666666666666,0.8333333333333334,1.1452682338758287,-1.4051691166583318,25.084481824075,-14.051691166583318,250.84481824075
H008_pooling_ablation,3,50,pooled_with_corridor_thresholds,catboost,2022,0.6705314619145246,0.8209706856101542,5318,1223,57,0.6820233170364799,0.6950122649223222,"{""depth"": 4, ""iterations"": 150, ""l2_leaf_reg"": 3.0, ""learning_rate"": 0.05}",RUB_AMD,0.7993285025401534,247,50.57142857142857,141,0.5708502024291497,0.6374949819349658,0.7081210749799773,0.5708502024291497,0.1372708725508276,1.240467415035847,0.23923382960755663,0.2603964665783069,0.08127083001099866,0.6731953972038196,0.5248561488023551,0.7857142857142857,0.07801418439716312,14,0.2768361581920904,11,0.21751412429378533,3,True,8,3,0.7272727272727273,0.4343497069897538,0.9025411942607853,0.2727272727272727,0.5652727272727273,0.36363636363636365,0.8181818181818182,1.286587327114828,32.260653163763635,113.62027202811818,322.60653163763635,1136.2027202811819
H008_pooling_ablation,3,50,pooled_with_corridor_thresholds,catboost,2022,0.6705314619145246,0.8209706856101542,5318,1223,57,0.6820233170364799,0.6950122649223222,"{""depth"": 4, ""iterations"": 150, ""l2_leaf_reg"": 3.0, ""learning_rate"": 0.05}",RUB_KGS,0.8515972870861761,247,50.57142857142857,137,0.5546558704453441,0.63178500331785,0.6663302117067207,0.5546558704453441,0.11167434126137654,1.2013398707413139,0.24013420479071718,0.2667126532964388,0.0996519969233739,0.6773175191382859,0.5064034505640346,0.75,0.021897810218978103,4,0.07909604519774012,4,0.07909604519774012,0,True,3,1,0.75,0.30063605244263664,0.9544139373553638,0.25,0.561,0.0,1.0,1.336898395721925,161.062679773625,73.286623922575,1610.62679773625,732.8662392257501
H008_pooling_ablation,3,50,pooled_with_corridor_thresholds,catboost,2022,0.6705314619145246,0.8209706856101542,5318,1223,57,0.6820233170364799,0.6950122649223222,"{""depth"": 4, ""iterations"": 150, ""l2_leaf_reg"": 3.0, ""learning_rate"": 0.05}",RUB_KZT,0.8398288218062778,247,50.57142857142857,126,0.5101214574898786,0.6462678735406008,0.6705211360777479,0.5101214574898786,0.1603996785878693,1.3144342905651087,0.23798796074211526,0.2840821667713015,0.16225659833936035,0.6704348643299695,0.5198412698412699,1.0,0.03968253968253968,5,0.09887005649717515,5,0.09887005649717515,0,True,5,0,1.0,0.565508505247919,1.0000000000000002,0.0,0.5064000000000001,0.0,1.0,1.9747235387045812,163.41872511443998,0.0,1634.1872511443999,0.0
H008_pooling_ablation,3,50,pooled_with_corridor_thresholds,catboost,2022,0.6705314619145246,0.8209706856101542,5318,1223,57,0.6820233170364799,0.6950122649223222,"{""depth"": 4, ""iterations"": 150, ""l2_leaf_reg"": 3.0, ""learning_rate"": 0.05}",RUB_TJS,0.8588382632738751,246,50.57142857142857,142,0.5772357723577236,0.6306202600216685,0.6991695757253262,0.5772357723577236,0.12193380336760262,1.2112374340030299,0.2413204548299231,0.25790593766912484,0.06430826288489622,0.6795139819601441,0.5176056338028169,1.0,0.035211267605633804,5,0.09887005649717515,5,0.09887005649717515,0,True,5,0,1.0,0.565508505247919,1.0000000000000002,0.0,0.5828,0.2,1.0,1.7158544955387784,139.65824300438,6.0841714267,1396.5824300438003,60.841714267
H008_pooling_ablation,3,50,pooled_with_corridor_thresholds,catboost,2022,0.6705314619145246,0.8209706856101542,5318,1223,57,0.6820233170364799,0.6950122649223222,"{""depth"": 4, ""iterations"": 150, ""l2_leaf_reg"": 3.0, ""learning_rate"": 0.05}",RUB_UZS,0.8270189730636414,247,50.57142857142857,133,0.5384615384615384,0.6177285318559557,0.6605145301284207,0.5384615384615384,0.12205299166688222,1.226669841667067,0.24670173675480347,0.2730288400145707,0.09642608912070316,0.6909746071451733,0.5175438596491228,0.7777777777777778,0.05263157894736842,9,0.17796610169491525,8,0.15819209039548024,1,True,6,2,0.75,0.40926987910258916,0.9285223111419724,0.25,0.54775,0.25,0.875,1.3692377909630307,141.478553706775,51.487392554187494,1414.7855370677498,514.873925541875
H008_pooling_ablation,3,50,pooled_with_corridor_thresholds,catboost,2023,0.6240682764816378,0.6656722373724164,6556,1219,57,0.6851738865161684,0.5529122231337161,"{""depth"": 4, ""iterations"": 150, ""l2_leaf_reg"": 3.0, ""learning_rate"": 0.05}",RUB_AMD,0.6867302147830413,247,50.57142857142857,181,0.7327935222672065,0.5324794910430269,0.7639369138924895,0.7327935222672065,0.031143391625283012,1.042499545477596,0.24637889920568287,0.22816445776837996,-0.07983031895262682,0.6883550824308383,0.5300100452034153,0.7761194029850746,0.287292817679558,67,1.3248587570621468,34,0.672316384180791,33,True,24,10,0.7058823529411765,0.5383077411853625,0.8316554739006805,0.2941176470588235,0.7284705882352941,0.5882352941176471,0.8529411764705882,0.9689922480620156,6.2729634981058835,47.97758666794118,62.729634981058844,479.7758666794118
H008_pooling_ablation,3,50,pooled_with_corridor_thresholds,catboost,2023,0.6240682764816378,0.6656722373724164,6556,1219,57,0.6851738865161684,0.5529122231337161,"{""depth"": 4, ""iterations"": 150, ""l2_leaf_reg"": 3.0, ""learning_rate"": 0.05}",RUB_KGS,0.7982307857538619,247,50.57142857142857,185,0.7489878542510121,0.5809067131647777,0.8019461442319965,0.7489878542510121,0.0529582899809844,1.0707064736502874,0.231021103916722,0.22645070155352273,-0.020182769723586125,0.6553347415928596,0.5244551002615518,0.8571428571428571,0.0972972972972973,21,0.4152542372881356,13,0.2570621468926554,8,True,11,2,0.8461538461538461,0.5776482949136899,0.9567427368172621,0.15384615384615385,0.7487692307692307,0.5384615384615384,0.9230769230769231,1.1300595849599342,43.297048248738456,19.024227173338463,432.97048248738463,190.24227173338463
H008_pooling_ablation,3,50,pooled_with_corridor_thresholds,catboost,2023,0.6240682764816378,0.6656722373724164,6556,1219,57,0.6851738865161684,0.5529122231337161,"{""depth"": 4, ""iterations"": 150, ""l2_leaf_reg"": 3.0, ""learning_rate"": 0.05}",RUB_KZT,0.588787771359322,247,50.57142857142857,155,0.6275303643724697,0.6090462833099579,0.7329927565462951,0.6275303643724697,0.10546239217382547,1.168059424947967,0.2415231448313121,0.23930387316495177,-0.009273864384261588,0.6780485327308835,0.5951963534361852,0.7352941176470589,0.4838709677419355,102,2.016949152542373,40,0.7909604519774012,62,True,23,17,0.575,0.4219480043605999,0.7149083147518411,0.42500000000000004,0.6149000000000001,0.486875,0.725,0.935111400227679,6.760650745882499,77.00797784479751,67.60650745882499,770.0797784479752
H008_pooling_ablation,3,50,pooled_with_corridor_thresholds,catboost,2023,0.6240682764816378,0.6656722373724164,6556,1219,57,0.6851738865161684,0.5529122231337161,"{""depth"": 4, ""iterations"": 150, ""l2_leaf_reg"": 3.0, ""learning_rate"": 0.05}",RUB_TJS,0.632827515274142,247,50.57142857142857,184,0.7449392712550608,0.5802277432712215,0.7981273891028358,0.7449392712550608,0.053188117847774996,1.0713992668934806,0.22920951528922445,0.22687914060723705,-0.010271436482658602,0.6511253071871586,0.5743184955141477,0.8191489361702128,0.41847826086956524,94,1.8587570621468927,40,0.7909604519774012,54,True,32,8,0.8,0.6524239261814334,0.8950013502683313,0.19999999999999996,0.735,0.625,0.85,1.08843537414966,9.948682480325001,46.1672573506375,99.48682480325,461.67257350637504
H008_pooling_ablation,3,50,pooled_with_corridor_thresholds,catboost,2023,0.6240682764816378,0.6656722373724164,6556,1219,57,0.6851738865161684,0.5529122231337161,"{""depth"": 4, ""iterations"": 150, ""l2_leaf_reg"": 3.0, ""learning_rate"": 0.05}",RUB_UZS,0.6202920147340898,247,50.57142857142857,182,0.7368421052631579,0.5869822485207099,0.8023711415229453,0.7368421052631579,0.06552903625978745,1.088932263495426,0.22861311268944728,0.22773601871466564,-0.003851362554469606,0.6488310432323968,0.5835164835164836,0.8210526315789474,0.42857142857142855,95,1.8785310734463279,40,0.7909604519774012,55,True,31,9,0.775,0.6249660359590695,0.8768404674532148,0.22499999999999998,0.7325999999999999,0.625,0.85,1.057876057876058,11.361033904435,50.3276774954525,113.61033904435001,503.276774954525
H008_pooling_ablation,3,50,pooled_with_corridor_thresholds,catboost,2024,0.6402212074017369,0.8235536451465424,7790,1225,57,0.6650834403080873,0.7191836734693877,"{""depth"": 4, ""iterations"": 150, ""l2_leaf_reg"": 3.0, ""learning_rate"": 0.05}",RUB_AMD,0.792359767481658,248,50.57142857142857,186,0.75,0.6061394380853278,0.8180239975861681,0.75,0.06802399758616806,1.090698663448224,0.1892009031954679,0.18844964598084135,-0.003986514332337432,0.5627912036938147,0.5806451612903226,0.8636363636363636,0.3064516129032258,66,1.305084745762712,38,0.7514124293785311,28,True,35,3,0.9210526315789473,0.792003210797347,0.9727858986057349,0.07894736842105265,0.7443157894736842,0.631578947368421,0.8559210526315784,1.2374487342667233,13.059400443539472,10.90130800498421,130.59400443539474,109.0130800498421
H008_pooling_ablation,3,50,pooled_with_corridor_thresholds,catboost,2024,0.6402212074017369,0.8235536451465424,7790,1225,57,0.6650834403080873,0.7191836734693877,"{""depth"": 4, ""iterations"": 150, ""l2_leaf_reg"": 3.0, ""learning_rate"": 0.05}",RUB_KGS,0.7843871205230983,248,50.57142857142857,182,0.7338709677419355,0.6642524142524142,0.83330923065624,0.7338709677419355,0.09943826291430446,1.1354982923227885,0.18356662617727437,0.195520087060499,0.061136740797000155,0.5492518317989338,0.6021478521478522,0.8732394366197183,0.34065934065934067,71,1.4039548022598871,39,0.7711864406779662,32,True,37,2,0.9487179487179487,0.8311406095436208,0.9858223423536006,0.05128205128205132,0.7397435897435897,0.6153846153846154,0.8461538461538461,1.2824956672443675,14.996797588664103,9.86674868568718,149.96797588664103,98.66748685687179
H008_pooling_ablation,3,50,pooled_with_corridor_thresholds,catboost,2024,0.6402212074017369,0.8235536451465424,7790,1225,57,0.6650834403080873,0.7191836734693877,"{""depth"": 4, ""iterations"": 150, ""l2_leaf_reg"": 3.0, ""learning_rate"": 0.05}",RUB_KZT,0.744871621217465,248,50.57142857142857,167,0.6733870967741935,0.6481111850373328,0.7612638506712381,0.6733870967741935,0.08787675389704463,1.130499610577647,0.20934973656597985,0.22203424110921527,0.057128596381654906,0.6076643430597427,0.6169882457307607,0.8235294117647058,0.41916167664670656,85,1.6807909604519775,45,0.8898305084745763,40,True,38,7,0.8444444444444444,0.712158094887512,0.9225467468867132,0.15555555555555556,0.6644,0.5333333333333333,0.7777777777777778,1.2709880259549133,20.716503879673333,15.28167681202889,207.1650387967333,152.81676812028888
H008_pooling_ablation,3,50,pooled_with_corridor_thresholds,catboost,2024,0.6402212074017369,0.8235536451465424,7790,1225,57,0.6650834403080873,0.7191836734693877,"{""depth"": 4, ""iterations"": 150, ""l2_leaf_reg"": 3.0, ""learning_rate"": 0.05}",RUB_TJS,0.7910658747699544,248,50.57142857142857,185,0.7459677419354839,0.6512226512226511,0.8314483756228365,0.7459677419354839,0.08548063368735259,1.1145902548889917,0.18343803937728717,0.19021725625075575,0.03563933686716525,0.5490818257404793,0.6013728013728014,0.8840579710144928,0.32972972972972975,69,1.364406779661017,38,0.7514124293785311,31,True,36,2,0.9473684210526315,0.8271423311893115,0.9854460975514632,0.052631578947368474,0.7475263157894736,0.631578947368421,0.868421052631579,1.2673378863620364,12.535889006934209,10.406729058105265,125.35889006934208,104.06729058105265
H008_pooling_ablation,3,50,pooled_with_corridor_thresholds,catboost,2024,0.6402212074017369,0.8235536451465424,7790,1225,57,0.6650834403080873,0.7191836734693877,"{""depth"": 4, ""iterations"": 150, ""l2_leaf_reg"": 3.0, ""learning_rate"": 0.05}",RUB_UZS,0.7354790984406777,248,50.57142857142857,175,0.7056451612903226,0.6799999999999999,0.814044845714436,0.7056451612903226,0.10839968442411341,1.1536178384981721,0.18926904459936789,0.20789335894989994,0.08958590329487293,0.5622759838684227,0.641252446183953,0.8556701030927835,0.4742857142857143,97,1.9180790960451979,47,0.9293785310734464,50,True,39,8,0.8297872340425532,0.6985994892711488,0.9111374190873607,0.17021276595744683,0.6971914893617022,0.5957446808510638,0.7872340425531915,1.190185546875,16.25848927978723,21.610460047261704,162.5848927978723,216.10460047261705
H008_pooling_ablation,3,50,pooled_with_corridor_thresholds,catboost,2025,0.6676665038267383,0.8282184517269204,9030,1235,57,0.6718715393133998,0.7206477732793523,"{""depth"": 6, ""iterations"": 150, ""l2_leaf_reg"": 3.0, ""learning_rate"": 0.05}",RUB_AMD,0.7941494524046974,247,50.714285714285715,151,0.611336032388664,0.6958471302428256,0.7984702535043737,0.611336032388664,0.18713422111570976,1.306106970964108,0.21494733240856176,0.24955334458850334,0.13867180276427293,0.6146815056404685,0.6106512141280354,0.8518518518518519,0.304635761589404,54,1.064788732394366,34,0.6704225352112676,20,True,26,8,0.7647058823529411,0.6000353719173557,0.8756316189075565,0.23529411764705888,0.6181176470588235,0.47058823529411764,0.7647058823529411,1.2371526456033497,16.287748707702942,32.872987288617644,162.87748707702943,328.72987288617645
H008_pooling_ablation,3,50,pooled_with_corridor_thresholds,catboost,2025,0.6676665038267383,0.8282184517269204,9030,1235,57,0.6718715393133998,0.7206477732793523,"{""depth"": 6, ""iterations"": 150, ""l2_leaf_reg"": 3.0, ""learning_rate"": 0.05}",RUB_KGS,0.7885510114519886,247,50.714285714285715,158,0.6396761133603239,0.6926468496657658,0.8069733312284776,0.6396761133603239,0.16729721786815366,1.261534258312873,0.20865626075939378,0.23704699306659674,0.11976837140991181,0.6019276439198259,0.6094083345185607,0.8703703703703703,0.2974683544303797,54,1.064788732394366,34,0.6704225352112676,20,True,28,6,0.8235294117647058,0.6648593225994784,0.9165114439643032,0.17647058823529416,0.6428823529411765,0.5,0.7647058823529411,1.280995516515692,22.68418623560294,24.350580004847057,226.8418623560294,243.5058000484706
H008_pooling_ablation,3,50,pooled_with_corridor_thresholds,catboost,2025,0.6676665038267383,0.8282184517269204,9030,1235,57,0.6718715393133998,0.7206477732793523,"{""depth"": 6, ""iterations"": 150, ""l2_leaf_reg"": 3.0, ""learning_rate"": 0.05}",RUB_KZT,0.8345342600176437,247,50.714285714285715,150,0.6072874493927125,0.641512027491409,0.7409983901238102,0.6072874493927125,0.13371094073109768,1.2201773490705408,0.22783334339242217,0.25133996623449,0.09352520888037807,0.6471840726929895,0.5475601374570447,0.8148148148148148,0.14666666666666667,27,0.532394366197183,19,0.37464788732394366,8,True,17,2,0.8947368421052632,0.6860544950515831,0.9706420586049034,0.10526315789473684,0.6076842105263158,0.42105263157894735,0.7894736842105263,1.4723713840291008,34.369244207705265,21.170765255163158,343.69244207705265,211.70765255163158
H008_pooling_ablation,3,50,pooled_with_corridor_thresholds,catboost,2025,0.6676665038267383,0.8282184517269204,9030,1235,57,0.6718715393133998,0.7206477732793523,"{""depth"": 6, ""iterations"": 150, ""l2_leaf_reg"": 3.0, ""learning_rate"": 0.05}",RUB_TJS,0.7838817875090288,247,50.714285714285715,165,0.6680161943319838,0.7000739098300074,0.8101432235117176,0.6680161943319838,0.14212702917973385,1.2127598558023895,0.20180209939904045,0.22454064154469008,0.10126693318957136,0.5893682197025032,0.5936437546193644,0.8545454545454545,0.28484848484848485,55,1.084507042253521,35,0.6901408450704225,20,True,29,6,0.8285714285714286,0.6731739236041119,0.9189747005514327,0.17142857142857137,0.6758857142857141,0.5428571428571428,0.8,1.225904633074062,21.159748017888568,23.105571220740003,211.59748017888566,231.05571220740006
H008_pooling_ablation,3,50,pooled_with_corridor_thresholds,catboost,2025,0.6676665038267383,0.8282184517269204,9030,1235,57,0.6718715393133998,0.7206477732793523,"{""depth"": 6, ""iterations"": 150, ""l2_leaf_reg"": 3.0, ""learning_rate"": 0.05}",RUB_UZS,0.8563914487487525,247,50.714285714285715,140,0.5668016194331984,0.6263017356475301,0.7053316946890101,0.5668016194331984,0.13853007525581174,1.2444066327727537,0.2425548269761496,0.2692061826943566,0.09899979061203668,0.6791473936321962,0.5477970627503338,0.8888888888888888,0.11428571428571428,18,0.3549295774647887,14,0.27605633802816903,4,True,13,1,0.9285714285714286,0.6853073044604219,0.9872781138877085,0.0714285714285714,0.57,0.2857142857142857,0.7857142857142857,1.629072681704261,27.716052050749997,12.181742157507143,277.1605205075,121.81742157507144
H008_pooling_ablation,3,50,pooled_with_corridor_thresholds,catboost,2026,0.6738667657841829,0.7729676486489917,10275,1225,57,0.6776642335766423,0.6155102040816327,"{""depth"": 4, ""iterations"": 150, ""l2_leaf_reg"": 3.0, ""learning_rate"": 0.05}",RUB_AMD,0.8656067587994659,160,32.57142857142857,109,0.68125,0.6188163338729988,0.7752897202327855,0.68125,0.0940397202327855,1.1380399563050063,0.21363724027930459,0.22147015826738858,0.0353678258477923,0.6154232746513354,0.5091743119266054,1.0,0.01834862385321101,2,0.06140350877192983,2,0.06140350877192983,0,True,2,0,1.0,0.3423719528896193,1.0,0.0,0.665,0.0,1.0,1.5037593984962405,6.380797820850001,0.0,63.80797820850001,0.0
H008_pooling_ablation,3,50,pooled_with_corridor_thresholds,catboost,2026,0.6738667657841829,0.7729676486489917,10275,1225,57,0.6776642335766423,0.6155102040816327,"{""depth"": 4, ""iterations"": 150, ""l2_leaf_reg"": 3.0, ""learning_rate"": 0.05}",RUB_KGS,0.8381553622618161,160,32.57142857142857,105,0.65625,0.6405194805194806,0.7930501001944148,0.65625,0.1368001001944148,1.2084572955343464,0.21595051121805203,0.22724566847147024,0.04970460968252188,0.6181425469581943,0.5385281385281385,0.9090909090909091,0.09523809523809523,11,0.33771929824561403,9,0.27631578947368424,2,True,8,1,0.8888888888888888,0.5649937852319398,0.9801096286728695,0.11111111111111116,0.6653333333333332,0.3333333333333333,1.0,1.3360053440213762,5.924142250166666,16.52777413193333,59.241422501666655,165.27774131933333
H008_pooling_ablation,3,50,pooled_with_corridor_thresholds,catboost,2026,0.6738667657841829,0.7729676486489917,10275,1225,57,0.6776642335766423,0.6155102040816327,"{""depth"": 4, ""iterations"": 150, ""l2_leaf_reg"": 3.0, ""learning_rate"": 0.05}",RUB_KZT,0.7177621334821713,160,32.57142857142857,109,0.68125,0.5697067817952869,0.7408545215778075,0.68125,0.05960452157780749,1.087492875710543,0.22613580903778846,0.22147015826738858,-0.021066724324849462,0.6435280635407754,0.5487497751394136,0.7619047619047619,0.29357798165137616,42,1.2894736842105263,25,0.7675438596491229,17,True,19,6,0.76,0.5656994004476144,0.8850384226967326,0.24,0.68168,0.52,0.84,1.1148926182372962,-5.595716651572002,35.883201536200005,-55.95716651572002,358.83201536200005
H008_pooling_ablation,3,50,pooled_with_corridor_thresholds,catboost,2026,0.6738667657841829,0.7729676486489917,10275,1225,57,0.6776642335766423,0.6155102040816327,"{""depth"": 4, ""iterations"": 150, ""l2_leaf_reg"": 3.0, ""learning_rate"": 0.05}",RUB_TJS,0.8173994890297,159,32.57142857142857,105,0.660377358490566,0.6192239858906525,0.7816551461755634,0.660377358490566,0.12127778768499742,1.1836492213515675,0.21952064349888137,0.2262921644283436,0.029923797611677627,0.6262440463546892,0.5624338624338624,0.8947368421052632,0.1619047619047619,19,0.5833333333333334,15,0.46052631578947373,4,True,13,2,0.8666666666666667,0.6211750079348376,0.9626395301086408,0.1333333333333333,0.6658666666666667,0.4666666666666667,0.8666666666666667,1.3015618742490989,5.617845251573336,16.412684739386666,56.17845251573336,164.12684739386665
H008_pooling_ablation,3,50,pooled_with_corridor_thresholds,catboost,2026,0.6738667657841829,0.7729676486489917,10275,1225,57,0.6776642335766423,0.6155102040816327,"{""depth"": 4, ""iterations"": 150, ""l2_leaf_reg"": 3.0, ""learning_rate"": 0.05}",RUB_UZS,0.8353015200538443,158,32.57142857142857,101,0.6392405063291139,0.6237623762376239,0.760247133049331,0.6392405063291139,0.12100662672021711,1.1892974952652902,0.22381969942301067,0.23117520864196892,0.03181789804437918,0.6366351412775827,0.5407330206704881,0.9090909090909091,0.09900990099009901,11,0.33771929824561403,9,0.27631578947368424,2,True,8,1,0.8888888888888888,0.5649937852319398,0.9801096286728695,0.11111111111111116,0.6506666666666667,0.3333333333333333,0.8888888888888888,1.3661202185792347,-10.959278385755557,25.38924685298889,-109.59278385755557,253.8924685298889
H008_pooling_ablation,3,50,pooled_without_corridor_feature,catboost,2022,0.6684529254060875,0.8250565450327265,5318,1223,52,0.6820233170364799,0.6950122649223222,"{""depth"": 4, ""iterations"": 150, ""l2_leaf_reg"": 3.0, ""learning_rate"": 0.05}",RUB_AMD,0.85389414688271,247,50.57142857142857,141,0.5708502024291497,0.6217717114947143,0.6782487881855959,0.5708502024291497,0.10739858575644612,1.1881379480981715,0.24842825617796663,0.2603964665783069,0.045961493093997774,0.6992295208110919,0.5047504348989696,0.6666666666666666,0.028368794326241134,6,0.11864406779661017,4,0.07909604519774012,2,True,2,2,0.5,0.15003570882017145,0.8499642911798285,0.5,0.578,0.25,1.0,0.8650519031141869,205.81390753042498,70.01513029445,2058.1390753042497,700.1513029445
H008_pooling_ablation,3,50,pooled_without_corridor_feature,catboost,2022,0.6684529254060875,0.8250565450327265,5318,1223,52,0.6820233170364799,0.6950122649223222,"{""depth"": 4, ""iterations"": 150, ""l2_leaf_reg"": 3.0, ""learning_rate"": 0.05}",RUB_KGS,0.8487993934157861,247,50.57142857142857,137,0.5546558704453441,0.6244193762441939,0.6533551862190004,0.5546558704453441,0.0986993157736562,1.1779469415773218,0.24677799767587244,0.2667126532964388,0.07474206931761085,0.6962450795463949,0.4973125414731254,0.5,0.021897810218978103,6,0.11864406779661017,4,0.07909604519774012,2,True,1,3,0.25,0.045586062644636216,0.6993639475573634,0.75,0.561,0.0,1.0,0.445632798573975,227.7967475089,195.60083744065003,2277.9674750890003,1956.0083744065003
H008_pooling_ablation,3,50,pooled_without_corridor_feature,catboost,2022,0.6684529254060875,0.8250565450327265,5318,1223,52,0.6820233170364799,0.6950122649223222,"{""depth"": 4, ""iterations"": 150, ""l2_leaf_reg"": 3.0, ""learning_rate"": 0.05}",RUB_KZT,0.8315553473658699,247,50.57142857142857,126,0.5101214574898786,0.6422668240850059,0.6323199872043552,0.5101214574898786,0.12219852971447664,1.2395479114244106,0.24329002560775012,0.2840821667713015,0.14359275567054797,0.6894746773678845,0.5153810835629017,0.7,0.05555555555555555,10,0.1977401129943503,8,0.15819209039548024,2,True,5,3,0.625,0.3057378545838018,0.863158240538479,0.375,0.50325,0.125,0.8156249999999972,1.2419274714356683,186.5162516151125,57.5914216482125,1865.162516151125,575.9142164821251
H008_pooling_ablation,3,50,pooled_without_corridor_feature,catboost,2022,0.6684529254060875,0.8250565450327265,5318,1223,52,0.6820233170364799,0.6950122649223222,"{""depth"": 4, ""iterations"": 150, ""l2_leaf_reg"": 3.0, ""learning_rate"": 0.05}",RUB_TJS,0.8628757347751681,246,50.57142857142857,142,0.5772357723577236,0.6258802816901409,0.6687610739409549,0.5772357723577236,0.09152530158323124,1.158557916827288,0.2471471107476918,0.25790593766912484,0.04171608850369257,0.7002713849225265,0.4996614301191766,0.5714285714285714,0.028169014084507043,7,0.1384180790960452,5,0.09887005649717515,2,True,2,3,0.4,0.11761823115925325,0.769280067791163,0.6,0.5828,0.2,1.0,0.6863417982155113,242.48681163726002,87.19778592356,2424.8681163726,871.9778592356
H008_pooling_ablation,3,50,pooled_without_corridor_feature,catboost,2022,0.6684529254060875,0.8250565450327265,5318,1223,52,0.6820233170364799,0.6950122649223222,"{""depth"": 4, ""iterations"": 150, ""l2_leaf_reg"": 3.0, ""learning_rate"": 0.05}",RUB_UZS,0.8290745242214728,247,50.57142857142857,133,0.5384615384615384,0.6152882205513786,0.6344568144183338,0.5384615384615384,0.09599527595679536,1.17827694106262,0.2516956650242505,0.2730288400145707,0.07813524384157255,0.7082705095186125,0.5012531328320802,0.5555555555555556,0.03759398496240601,9,0.17796610169491525,6,0.11864406779661017,3,True,2,4,0.3333333333333333,0.09676933255921684,0.7000116786584712,0.6666666666666667,0.5356666666666667,0.16666666666666666,0.8333333333333334,0.6222775357809582,162.9324621336,134.12699841501666,1629.324621336,1341.2699841501667
H008_pooling_ablation,3,50,pooled_without_corridor_feature,catboost,2023,0.6166675741159175,0.6462941752989575,6556,1219,52,0.6851738865161684,0.5529122231337161,"{""depth"": 4, ""iterations"": 150, ""l2_leaf_reg"": 3.0, ""learning_rate"": 0.05}",RUB_AMD,0.6257986121614667,247,50.57142857142857,181,0.7327935222672065,0.5724091746191193,0.7857880979599796,0.7327935222672065,0.052994575692773105,1.0723185646194195,0.23526655550911968,0.22816445776837996,-0.031127099330910513,0.6657824722653438,0.5357023271387912,0.7676767676767676,0.4198895027624309,99,1.957627118644068,42,0.8305084745762712,57,True,27,15,0.6428571428571429,0.49166089287079373,0.7701100749837315,0.3571428571428571,0.7254761904761905,0.6190476190476191,0.8333333333333334,0.8861174926156876,4.265416391507144,51.63176914104048,42.654163915071436,516.3176914104048
H008_pooling_ablation,3,50,pooled_without_corridor_feature,catboost,2023,0.6166675741159175,0.6462941752989575,6556,1219,52,0.6851738865161684,0.5529122231337161,"{""depth"": 4, ""iterations"": 150, ""l2_leaf_reg"": 3.0, ""learning_rate"": 0.05}",RUB_KGS,0.6774399538417747,247,50.57142857142857,185,0.7489878542510121,0.6006102877070619,0.8150577660413516,0.7489878542510121,0.0660699117903395,1.0882122606065614,0.2229886706260234,0.22645070155352273,0.01528823228962739,0.6384226662811546,0.584306887532694,0.8481012658227848,0.3621621621621622,79,1.5621468926553672,38,0.7514124293785311,41,True,31,7,0.8157894736842105,0.6658083165848865,0.9077835154674251,0.1842105263157895,0.7380526315789474,0.631578947368421,0.8421052631578947,1.1053269628467517,17.3471575303921,31.350293260747367,173.47157530392099,313.50293260747367
H008_pooling_ablation,3,50,pooled_without_corridor_feature,catboost,2023,0.6166675741159175,0.6462941752989575,6556,1219,52,0.6851738865161684,0.5529122231337161,"{""depth"": 4, ""iterations"": 150, ""l2_leaf_reg"": 3.0, ""learning_rate"": 0.05}",RUB_KZT,0.6147379371068726,247,50.57142857142857,155,0.6275303643724697,0.6107293127629734,0.7252749874247193,0.6275303643724697,0.09774462305224962,1.1557607864122945,0.24112122555187132,0.23930387316495177,-0.007594329180233839,0.6785789839680768,0.5997896213183731,0.7555555555555555,0.43870967741935485,90,1.7796610169491527,40,0.7909604519774012,50,True,26,14,0.65,0.4950559699353738,0.7786566682895085,0.35,0.6149000000000001,0.486875,0.725,1.0570824524312894,8.78534836626,69.798954384985,87.85348366259998,697.98954384985
H008_pooling_ablation,3,50,pooled_without_corridor_feature,catboost,2023,0.6166675741159175,0.6462941752989575,6556,1219,52,0.6851738865161684,0.5529122231337161,"{""depth"": 4, ""iterations"": 150, ""l2_leaf_reg"": 3.0, ""learning_rate"": 0.05}",RUB_TJS,0.5624478977002207,247,50.57142857142857,184,0.7449392712550608,0.6079192546583851,0.813706117126027,0.7449392712550608,0.06876684587096626,1.0923120159246122,0.22029628961743905,0.22687914060723705,0.029014791629495496,0.632096209880228,0.5530969634230504,0.7793103448275862,0.6141304347826086,145,2.867231638418079,47,0.9293785310734464,98,True,35,12,0.7446808510638298,0.604915508600796,0.8474699395361626,0.25531914893617025,0.737404255319149,0.6382978723404256,0.8297872340425532,1.009867851578279,4.130125201002126,54.909973127610634,41.30125201002125,549.0997312761064
H008_pooling_ablation,3,50,pooled_without_corridor_feature,catboost,2023,0.6166675741159175,0.6462941752989575,6556,1219,52,0.6851738865161684,0.5529122231337161,"{""depth"": 4, ""iterations"": 150, ""l2_leaf_reg"": 3.0, ""learning_rate"": 0.05}",RUB_UZS,0.5853099920972962,247,50.57142857142857,182,0.7368421052631579,0.6113271344040574,0.8111035172178138,0.7368421052631579,0.07426141195465596,1.1007833447956046,0.2204952928980998,0.22773601871466564,0.031794381307938324,0.6321499447343706,0.548901098901099,0.7734375,0.5439560439560439,128,2.531073446327684,45,0.8898305084745763,83,True,32,13,0.7111111111111111,0.5663118252773978,0.8227008196809985,0.28888888888888886,0.7283999999999998,0.6444444444444445,0.8222222222222222,0.9762645676978464,-0.33920380617111207,65.15239294506667,-3.392038061711121,651.5239294506666
H008_pooling_ablation,3,50,pooled_without_corridor_feature,catboost,2024,0.6424979542274899,0.8190774187961796,7790,1225,52,0.6650834403080873,0.7191836734693877,"{""depth"": 4, ""iterations"": 150, ""l2_leaf_reg"": 3.0, ""learning_rate"": 0.05}",RUB_AMD,0.7807730799678987,248,50.57142857142857,186,0.75,0.6132500867152272,0.8120205264601985,0.75,0.06202052646019851,1.0826940352802648,0.18746777546687712,0.18844964598084135,0.00521025395857766,0.5598510634208518,0.5887096774193549,0.8769230769230769,0.3064516129032258,65,1.2853107344632768,39,0.7711864406779662,26,True,36,3,0.9230769230769231,0.7967862687194474,0.9734930859265043,0.07692307692307687,0.7507179487179487,0.6410256410256411,0.8461538461538461,1.229592185258556,10.558950084964103,10.203182013323078,105.58950084964103,102.03182013323078
H008_pooling_ablation,3,50,pooled_without_corridor_feature,catboost,2024,0.6424979542274899,0.8190774187961796,7790,1225,52,0.6650834403080873,0.7191836734693877,"{""depth"": 4, ""iterations"": 150, ""l2_leaf_reg"": 3.0, ""learning_rate"": 0.05}",RUB_KGS,0.7507811073482572,248,50.57142857142857,182,0.7338709677419355,0.6843989343989344,0.834750178482702,0.7338709677419355,0.10087921074076656,1.137461781668737,0.1793752580452479,0.195520087060499,0.08257376138675443,0.540504780326179,0.6461038961038961,0.896551724137931,0.42857142857142855,87,1.7203389830508475,45,0.8898305084745763,42,True,43,2,0.9555555555555556,0.8517222081611939,0.9877261309595557,0.0444444444444444,0.739111111111111,0.6222222222222222,0.8222222222222222,1.2928442573662058,12.740159627053334,12.465845299724444,127.40159627053335,124.65845299724445
H008_pooling_ablation,3,50,pooled_without_corridor_feature,catboost,2024,0.6424979542274899,0.8190774187961796,7790,1225,52,0.6650834403080873,0.7191836734693877,"{""depth"": 4, ""iterations"": 150, ""l2_leaf_reg"": 3.0, ""learning_rate"": 0.05}",RUB_KZT,0.7924944630704878,248,50.57142857142857,167,0.6733870967741935,0.6715457972943003,0.7748751596519102,0.6733870967741935,0.10148806287771672,1.1507128119381662,0.2041762159586066,0.22203424110921527,0.0804291494023418,0.5961170397283577,0.5943298588009167,0.8571428571428571,0.2874251497005988,56,1.1073446327683616,34,0.672316384180791,22,True,30,4,0.8823529411764706,0.7337882520370123,0.9532862902656388,0.11764705882352944,0.6679411764705881,0.5294117647058824,0.8235294117647058,1.3210039630118893,7.469525986561763,13.218728282158825,74.69525986561763,132.18728282158824
H008_pooling_ablation,3,50,pooled_without_corridor_feature,catboost,2024,0.6424979542274899,0.8190774187961796,7790,1225,52,0.6650834403080873,0.7191836734693877,"{""depth"": 4, ""iterations"": 150, ""l2_leaf_reg"": 3.0, ""learning_rate"": 0.05}",RUB_TJS,0.7638110097166649,248,50.57142857142857,185,0.7459677419354839,0.67001287001287,0.8313220241623445,0.7459677419354839,0.08535428222686059,1.1144208756338456,0.1801342915445454,0.19021725625075575,0.053007623519279345,0.5424559518158557,0.6096525096525096,0.881578947368421,0.3621621621621622,76,1.5028248587570623,41,0.8107344632768362,35,True,39,2,0.9512195121951219,0.8386073303764864,0.9865193377174265,0.04878048780487809,0.7459024390243901,0.6341463414634146,0.8536585365853658,1.2752599568373555,17.061721701785366,11.228849282668293,170.61721701785365,112.28849282668294
H008_pooling_ablation,3,50,pooled_without_corridor_feature,catboost,2024,0.6424979542274899,0.8190774187961796,7790,1225,52,0.6650834403080873,0.7191836734693877,"{""depth"": 4, ""iterations"": 150, ""l2_leaf_reg"": 3.0, ""learning_rate"": 0.05}",RUB_UZS,0.7630872153916675,248,50.57142857142857,175,0.7056451612903226,0.7037964774951075,0.8266885634804193,0.7056451612903226,0.12104340219009668,1.1715357928179655,0.18412533492255548,0.20789335894989994,0.11432796192913641,0.551088658189115,0.6394911937377691,0.8947368421052632,0.38857142857142857,76,1.5028248587570623,43,0.8502824858757062,33,True,39,4,0.9069767441860465,0.7839701160146731,0.9632289548966535,0.09302325581395354,0.6976744186046511,0.5813953488372093,0.813953488372093,1.3,20.09981896592791,13.004056648762791,200.9981896592791,130.04056648762793
H008_pooling_ablation,3,50,pooled_without_corridor_feature,catboost,2025,0.6872300928187591,0.8403406936689859,9030,1235,52,0.6718715393133998,0.7206477732793523,"{""depth"": 6, ""iterations"": 150, ""l2_leaf_reg"": 3.0, ""learning_rate"": 0.05}",RUB_AMD,0.8639129976870454,247,50.714285714285715,151,0.611336032388664,0.7034354304635762,0.7896061184728667,0.611336032388664,0.1782700860842027,1.2916073593562787,0.21080905433958375,0.24955334458850334,0.15525454212127,0.6072412656522173,0.5425634657836644,0.8888888888888888,0.10596026490066225,18,0.3549295774647887,15,0.29577464788732394,3,True,13,2,0.8666666666666667,0.6211750079348376,0.9626395301086408,0.1333333333333333,0.6078666666666667,0.4,0.8,1.4257512612415004,-7.268353826706667,18.6160857243,-72.68353826706667,186.16085724299998
H008_pooling_ablation,3,50,pooled_without_corridor_feature,catboost,2025,0.6872300928187591,0.8403406936689859,9030,1235,52,0.6718715393133998,0.7206477732793523,"{""depth"": 6, ""iterations"": 150, ""l2_leaf_reg"": 3.0, ""learning_rate"": 0.05}",RUB_KGS,0.7692723401453179,247,50.714285714285715,158,0.6396761133603239,0.6935713269805148,0.7966124723693134,0.6396761133603239,0.1569363590089895,1.2453372194634202,0.20679888823712425,0.23704699306659674,0.1276038326331964,0.5991195734245055,0.6105105959322998,0.8169014084507042,0.3670886075949367,71,1.4,43,0.847887323943662,28,True,34,9,0.7906976744186046,0.6479406820576337,0.8857729400218853,0.2093023255813954,0.6497674418604652,0.5348837209302325,0.7674418604651163,1.2168933428775945,16.07033550588837,32.896350418895345,160.7033550588837,328.96350418895344
H008_pooling_ablation,3,50,pooled_without_corridor_feature,catboost,2025,0.6872300928187591,0.8403406936689859,9030,1235,52,0.6718715393133998,0.7206477732793523,"{""depth"": 6, ""iterations"": 150, ""l2_leaf_reg"": 3.0, ""learning_rate"": 0.05}",RUB_KZT,0.774107711243345,247,50.714285714285715,150,0.6072874493927125,0.6452233676975946,0.7337986420477427,0.6072874493927125,0.1265111926550302,1.208321763905283,0.22575203943658212,0.25133996623449,0.10180604056433817,0.6432647095781325,0.5775257731958763,0.75,0.32,64,1.2619718309859154,40,0.7887323943661971,24,True,28,12,0.7,0.545696893456796,0.819253290843047,0.30000000000000004,0.6151500000000001,0.475,0.75,1.137933837275461,4.181715593354999,47.346875090165,41.81715593355,473.46875090164997
H008_pooling_ablation,3,50,pooled_without_corridor_feature,catboost,2025,0.6872300928187591,0.8403406936689859,9030,1235,52,0.6718715393133998,0.7206477732793523,"{""depth"": 6, ""iterations"": 150, ""l2_leaf_reg"": 3.0, ""learning_rate"": 0.05}",RUB_TJS,0.7892603726650016,247,50.714285714285715,165,0.6680161943319838,0.653510716925351,0.778218726177334,0.6680161943319838,0.11020253184535023,1.1649698507018273,0.2080780190947665,0.22454064154469008,0.07331689415631715,0.6041047823212434,0.5723946784922395,0.8235294117647058,0.2545454545454545,51,1.0056338028169014,36,0.7098591549295774,15,True,29,7,0.8055555555555556,0.6497163793648479,0.9024702798054665,0.19444444444444442,0.6740555555555555,0.5555555555555556,0.8055555555555556,1.1950877771367345,14.772347126411107,34.34850127437778,147.72347126411105,343.4850127437778
H008_pooling_ablation,3,50,pooled_without_corridor_feature,catboost,2025,0.6872300928187591,0.8403406936689859,9030,1235,52,0.6718715393133998,0.7206477732793523,"{""depth"": 6, ""iterations"": 150, ""l2_leaf_reg"": 3.0, ""learning_rate"": 0.05}",RUB_UZS,0.8729231378432221,247,50.714285714285715,140,0.5668016194331984,0.6435246995994659,0.711332609590301,0.5668016194331984,0.14453099015710258,1.2549939612057452,0.23500407317814068,0.2692061826943566,0.12704800897922652,0.6629950075263246,0.5120827770360481,0.75,0.04285714285714286,8,0.15774647887323942,6,0.11830985915492957,2,True,5,1,0.8333333333333334,0.4364905634363539,0.9699474141282696,0.16666666666666663,0.5676666666666668,0.16666666666666666,0.8333333333333334,1.4679976512037578,-0.8454854767666665,26.051315301966667,-8.454854767666665,260.5131530196667
H008_pooling_ablation,3,50,pooled_without_corridor_feature,catboost,2026,0.6700555283357832,0.768718190101807,10275,1225,52,0.6776642335766423,0.6155102040816327,"{""depth"": 6, ""iterations"": 150, ""l2_leaf_reg"": 3.0, ""learning_rate"": 0.05}",RUB_AMD,0.8553539472219469,160,32.57142857142857,109,0.68125,0.6526353660730347,0.7918041178575836,0.68125,0.11055411785758362,1.1622812739193888,0.21204308627641888,0.22147015826738858,0.042565879144711105,0.6120024675177007,0.5308508724590754,0.8461538461538461,0.10091743119266056,13,0.3991228070175439,10,0.30701754385964913,3,True,8,2,0.8,0.49015684672072346,0.9433190520193067,0.19999999999999996,0.6874,0.4,0.9,1.1638056444573757,-3.2666435935899996,17.66457336141,-32.66643593589999,176.6457336141
H008_pooling_ablation,3,50,pooled_without_corridor_feature,catboost,2026,0.6700555283357832,0.768718190101807,10275,1225,52,0.6776642335766423,0.6155102040816327,"{""depth"": 6, ""iterations"": 150, ""l2_leaf_reg"": 3.0, ""learning_rate"": 0.05}",RUB_KGS,0.8442687872178776,160,32.57142857142857,105,0.65625,0.6819047619047619,0.8202798850163429,0.65625,0.16402988501634286,1.2499503009772843,0.21111752672190298,0.22724566847147024,0.0709722735665348,0.6058175705978682,0.5623376623376624,0.9375,0.14285714285714285,16,0.4912280701754386,13,0.3991228070175439,3,True,12,1,0.9230769230769231,0.6668546607175265,0.9862899336203037,0.07692307692307687,0.6578461538461539,0.38461538461538464,0.9230769230769231,1.4031805425631432,-7.576234019915386,14.788369707923078,-75.76234019915385,147.88369707923079
H008_pooling_ablation,3,50,pooled_without_corridor_feature,catboost,2026,0.6700555283357832,0.768718190101807,10275,1225,52,0.6776642335766423,0.6155102040816327,"{""depth"": 6, ""iterations"": 150, ""l2_leaf_reg"": 3.0, ""learning_rate"": 0.05}",RUB_KZT,0.8327414306406205,160,32.57142857142857,109,0.68125,0.5837380823889188,0.7534195088948179,0.68125,0.07216950889481788,1.1059368937905583,0.22931284678931077,0.22147015826738858,-0.03541194255369362,0.6487584127834198,0.5262637164957726,0.8333333333333334,0.09174311926605505,12,0.368421052631579,11,0.33771929824561403,1,True,9,2,0.8181818181818182,0.5230138624217553,0.9486333993289994,0.18181818181818177,0.6812727272727273,0.45454545454545453,0.9090909090909091,1.200960768614892,-11.972076109181819,32.53105332241818,-119.72076109181819,325.3105332241818
H008_pooling_ablation,3,50,pooled_without_corridor_feature,catboost,2026,0.6700555283357832,0.768718190101807,10275,1225,52,0.6776642335766423,0.6155102040816327,"{""depth"": 6, ""iterations"": 150, ""l2_leaf_reg"": 3.0, ""learning_rate"": 0.05}",RUB_TJS,0.6984823095202229,159,32.57142857142857,105,0.660377358490566,0.6562610229276897,0.8098680849153432,0.660377358490566,0.14949072642477723,1.226371671443234,0.2169732478302902,0.2262921644283436,0.041180907087944085,0.6189022987699224,0.632010582010582,0.803030303030303,0.5047619047619047,66,2.0263157894736845,30,0.9210526315789475,36,True,24,6,0.8,0.6269395261897257,0.9049502189759876,0.19999999999999996,0.6738,0.5333333333333333,0.8,1.187295933511428,8.896364609853332,24.468337200856663,88.96364609853332,244.68337200856666
H008_pooling_ablation,3,50,pooled_without_corridor_feature,catboost,2026,0.6700555283357832,0.768718190101807,10275,1225,52,0.6776642335766423,0.6155102040816327,"{""depth"": 6, ""iterations"": 150, ""l2_leaf_reg"": 3.0, ""learning_rate"": 0.05}",RUB_UZS,0.8513769982133599,158,32.57142857142857,101,0.6392405063291139,0.6520757338891784,0.7810028348525773,0.6392405063291139,0.14176232852346338,1.2217668109574973,0.21960623533898815,0.23117520864196892,0.05004417805413608,0.6275932914980573,0.5308320305714782,0.8888888888888888,0.07920792079207921,9,0.27631578947368424,8,0.2456140350877193,1,True,7,1,0.875,0.5291051942301385,0.9775830911367039,0.125,0.64225,0.25,0.875,1.3623978201634879,-19.6246886759875,28.5629027096125,-196.246886759875,285.629027096125
H008_pooling_ablation,3,50,pooled,catboost,2022,0.6705314619145246,0.8209706856101542,5318,1223,57,0.6820233170364799,0.6950122649223222,"{""depth"": 4, ""iterations"": 150, ""l2_leaf_reg"": 3.0, ""learning_rate"": 0.05}",RUB_AMD,0.8517164183450038,247,50.57142857142857,141,0.5708502024291497,0.6374949819349658,0.7081210749799773,0.5708502024291497,0.1372708725508276,1.240467415035847,0.23923382960755663,0.2603964665783069,0.08127083001099866,0.6731953972038196,0.5106382978723404,1.0,0.02127659574468085,3,0.059322033898305086,3,0.059322033898305086,0,True,3,0,1.0,0.4384939195509822,1.0,0.0,0.5666666666666667,0.0,1.0,1.7647058823529411,188.29302840856667,1.1019003542999999,1882.9302840856667,11.019003542999998
H008_pooling_ablation,3,50,pooled,catboost,2022,0.6705314619145246,0.8209706856101542,5318,1223,57,0.6820233170364799,0.6950122649223222,"{""depth"": 4, ""iterations"": 150, ""l2_leaf_reg"": 3.0, ""learning_rate"": 0.05}",RUB_KGS,0.8517164183450038,247,50.57142857142857,137,0.5546558704453441,0.63178500331785,0.6663302117067207,0.5546558704453441,0.11167434126137654,1.2013398707413139,0.24013420479071718,0.2667126532964388,0.0996519969233739,0.6773175191382859,0.5064034505640346,0.75,0.021897810218978103,4,0.07909604519774012,4,0.07909604519774012,0,True,3,1,0.75,0.30063605244263664,0.9544139373553638,0.25,0.561,0.0,1.0,1.336898395721925,161.062679773625,73.286623922575,1610.62679773625,732.8662392257501
H008_pooling_ablation,3,50,pooled,catboost,2022,0.6705314619145246,0.8209706856101542,5318,1223,57,0.6820233170364799,0.6950122649223222,"{""depth"": 4, ""iterations"": 150, ""l2_leaf_reg"": 3.0, ""learning_rate"": 0.05}",RUB_KZT,0.8517164183450038,247,50.57142857142857,126,0.5101214574898786,0.6462678735406008,0.6705211360777479,0.5101214574898786,0.1603996785878693,1.3144342905651087,0.23798796074211526,0.2840821667713015,0.16225659833936035,0.6704348643299695,0.5119047619047619,1.0,0.023809523809523808,3,0.059322033898305086,3,0.059322033898305086,0,True,3,0,1.0,0.4384939195509822,1.0,0.0,0.502,0.0,1.0,1.9920318725099602,167.47873729776668,0.0,1674.787372977667,0.0
H008_pooling_ablation,3,50,pooled,catboost,2022,0.6705314619145246,0.8209706856101542,5318,1223,57,0.6820233170364799,0.6950122649223222,"{""depth"": 4, ""iterations"": 150, ""l2_leaf_reg"": 3.0, ""learning_rate"": 0.05}",RUB_TJS,0.8517164183450038,246,50.57142857142857,142,0.5772357723577236,0.6306202600216685,0.6991695757253262,0.5772357723577236,0.12193380336760262,1.2112374340030299,0.2413204548299231,0.25790593766912484,0.06430826288489622,0.6795139819601441,0.5176056338028169,1.0,0.035211267605633804,5,0.09887005649717515,5,0.09887005649717515,0,True,5,0,1.0,0.565508505247919,1.0000000000000002,0.0,0.5828,0.2,1.0,1.7158544955387784,139.65824300438,6.0841714267,1396.5824300438003,60.841714267
H008_pooling_ablation,3,50,pooled,catboost,2022,0.6705314619145246,0.8209706856101542,5318,1223,57,0.6820233170364799,0.6950122649223222,"{""depth"": 4, ""iterations"": 150, ""l2_leaf_reg"": 3.0, ""learning_rate"": 0.05}",RUB_UZS,0.8517164183450038,247,50.57142857142857,133,0.5384615384615384,0.6177285318559557,0.6605145301284207,0.5384615384615384,0.12205299166688222,1.226669841667067,0.24670173675480347,0.2730288400145707,0.09642608912070316,0.6909746071451733,0.5150375939849624,1.0,0.03007518796992481,4,0.07909604519774012,4,0.07909604519774012,0,True,4,0,1.0,0.5100999795960008,1.0,0.0,0.5415,0.0,1.0,1.8467220683287167,180.94023366472499,8.854596999775,1809.4023366472497,88.54596999775
H008_pooling_ablation,3,50,pooled,catboost,2023,0.6240682764816378,0.6656722373724164,6556,1219,57,0.6851738865161684,0.5529122231337161,"{""depth"": 4, ""iterations"": 150, ""l2_leaf_reg"": 3.0, ""learning_rate"": 0.05}",RUB_AMD,0.622908223663675,247,50.57142857142857,181,0.7327935222672065,0.5324794910430269,0.7639369138924895,0.7327935222672065,0.031143391625283012,1.042499545477596,0.24637889920568287,0.22816445776837996,-0.07983031895262682,0.6883550824308383,0.5259919638372677,0.7613636363636364,0.3701657458563536,88,1.7401129943502827,38,0.7514124293785311,50,True,25,13,0.6578947368421053,0.4989181162907454,0.7878777997354104,0.3421052631578947,0.7325263157894738,0.6052631578947368,0.8421052631578947,0.8981175456243712,8.605874376518422,55.14590384277895,86.05874376518422,551.4590384277896
H008_pooling_ablation,3,50,pooled,catboost,2023,0.6240682764816378,0.6656722373724164,6556,1219,57,0.6851738865161684,0.5529122231337161,"{""depth"": 4, ""iterations"": 150, ""l2_leaf_reg"": 3.0, ""learning_rate"": 0.05}",RUB_KGS,0.622908223663675,247,50.57142857142857,185,0.7489878542510121,0.5809067131647777,0.8019461442319965,0.7489878542510121,0.0529582899809844,1.0707064736502874,0.231021103916722,0.22645070155352273,-0.020182769723586125,0.6553347415928596,0.5871839581517001,0.8333333333333334,0.43243243243243246,96,1.8983050847457628,40,0.7909604519774012,56,True,31,9,0.775,0.6249660359590695,0.8768404674532148,0.22499999999999998,0.7391,0.625,0.85,1.048572588283047,11.105782336914999,46.95159819607,111.05782336914999,469.5159819607
H008_pooling_ablation,3,50,pooled,catboost,2023,0.6240682764816378,0.6656722373724164,6556,1219,57,0.6851738865161684,0.5529122231337161,"{""depth"": 4, ""iterations"": 150, ""l2_leaf_reg"": 3.0, ""learning_rate"": 0.05}",RUB_KZT,0.622908223663675,247,50.57142857142857,155,0.6275303643724697,0.6090462833099579,0.7329927565462951,0.6275303643724697,0.10546239217382547,1.168059424947967,0.2415231448313121,0.23930387316495177,-0.009273864384261588,0.6780485327308835,0.59554698457223,0.7558139534883721,0.41935483870967744,86,1.7005649717514124,38,0.7514124293785311,48,True,24,14,0.631578947368421,0.4728367282426011,0.766159868445862,0.368421052631579,0.6094736842105263,0.47368421052631576,0.7506578947368415,1.0362694300518134,8.661013775594736,69.05082448318949,86.61013775594735,690.5082448318949
H008_pooling_ablation,3,50,pooled,catboost,2023,0.6240682764816378,0.6656722373724164,6556,1219,57,0.6851738865161684,0.5529122231337161,"{""depth"": 4, ""iterations"": 150, ""l2_leaf_reg"": 3.0, ""learning_rate"": 0.05}",RUB_TJS,0.622908223663675,247,50.57142857142857,184,0.7449392712550608,0.5802277432712215,0.7981273891028358,0.7449392712550608,0.053188117847774996,1.0713992668934806,0.22920951528922445,0.22687914060723705,-0.010271436482658602,0.6511253071871586,0.5747498274672187,0.8137254901960784,0.45108695652173914,102,2.016949152542373,42,0.8305084745762712,60,True,33,9,0.7857142857142857,0.6405986210195627,0.8829433146894876,0.2142857142857143,0.7366190476190476,0.6190476190476191,0.8333333333333334,1.066649427888034,10.746413723078568,48.61534418551429,107.46413723078568,486.15344185514294
H008_pooling_ablation,3,50,pooled,catboost,2023,0.6240682764816378,0.6656722373724164,6556,1219,57,0.6851738865161684,0.5529122231337161,"{""depth"": 4, ""iterations"": 150, ""l2_leaf_reg"": 3.0, ""learning_rate"": 0.05}",RUB_UZS,0.622908223663675,247,50.57142857142857,182,0.7368421052631579,0.5869822485207099,0.8023711415229453,0.7368421052631579,0.06552903625978745,1.088932263495426,0.22861311268944728,0.22773601871466564,-0.003851362554469606,0.6488310432323968,0.5835164835164836,0.8210526315789474,0.42857142857142855,95,1.8785310734463279,40,0.7909604519774012,55,True,31,9,0.775,0.6249660359590695,0.8768404674532148,0.22499999999999998,0.7325999999999999,0.625,0.85,1.057876057876058,11.361033904435,50.3276774954525,113.61033904435001,503.276774954525
H008_pooling_ablation,3,50,pooled,catboost,2024,0.6402212074017369,0.8235536451465424,7790,1225,57,0.6650834403080873,0.7191836734693877,"{""depth"": 4, ""iterations"": 150, ""l2_leaf_reg"": 3.0, ""learning_rate"": 0.05}",RUB_AMD,0.7704300049096076,248,50.57142857142857,186,0.75,0.6061394380853278,0.8180239975861681,0.75,0.06802399758616806,1.090698663448224,0.1892009031954679,0.18844964598084135,-0.003986514332337432,0.5627912036938147,0.5887096774193549,0.8571428571428571,0.3548387096774194,77,1.5225988700564972,43,0.8502824858757062,34,True,40,3,0.9302325581395349,0.8139073144696507,0.9759888462080376,0.06976744186046513,0.7483720930232557,0.6511627906976745,0.8372093023255814,1.2430080795525174,16.088534923718605,10.548573987172093,160.88534923718603,105.48573987172092
H008_pooling_ablation,3,50,pooled,catboost,2024,0.6402212074017369,0.8235536451465424,7790,1225,57,0.6650834403080873,0.7191836734693877,"{""depth"": 4, ""iterations"": 150, ""l2_leaf_reg"": 3.0, ""learning_rate"": 0.05}",RUB_KGS,0.7704300049096076,248,50.57142857142857,182,0.7338709677419355,0.6642524142524142,0.83330923065624,0.7338709677419355,0.09943826291430446,1.1354982923227885,0.18356662617727437,0.195520087060499,0.061136740797000155,0.5492518317989338,0.6323676323676324,0.8902439024390244,0.4010989010989011,82,1.6214689265536724,43,0.8502824858757062,39,True,41,2,0.9534883720930233,0.8454422407613695,0.9871510096826803,0.046511627906976716,0.7433488372093022,0.627906976744186,0.8604651162790697,1.2826930296583658,17.59445707009535,11.511653927365115,175.94457070095348,115.11653927365116
H008_pooling_ablation,3,50,pooled,catboost,2024,0.6402212074017369,0.8235536451465424,7790,1225,57,0.6650834403080873,0.7191836734693877,"{""depth"": 4, ""iterations"": 150, ""l2_leaf_reg"": 3.0, ""learning_rate"": 0.05}",RUB_KZT,0.7704300049096076,248,50.57142857142857,167,0.6733870967741935,0.6481111850373328,0.7612638506712381,0.6733870967741935,0.08787675389704463,1.130499610577647,0.20934973656597985,0.22203424110921527,0.057128596381654906,0.6076643430597427,0.5965846085606565,0.8260869565217391,0.3413173652694611,69,1.364406779661017,41,0.8107344632768362,28,True,35,6,0.8536585365853658,0.7155624473141075,0.931158454705446,0.14634146341463417,0.666780487804878,0.5365853658536586,0.7804878048780488,1.2802692223278953,8.249571940878049,14.827015328470733,82.49571940878049,148.2701532847073
H008_pooling_ablation,3,50,pooled,catboost,2024,0.6402212074017369,0.8235536451465424,7790,1225,57,0.6650834403080873,0.7191836734693877,"{""depth"": 4, ""iterations"": 150, ""l2_leaf_reg"": 3.0, ""learning_rate"": 0.05}",RUB_TJS,0.7704300049096076,248,50.57142857142857,185,0.7459677419354839,0.6512226512226511,0.8314483756228365,0.7459677419354839,0.08548063368735259,1.1145902548889917,0.18343803937728717,0.19021725625075575,0.03563933686716525,0.5490818257404793,0.6150579150579151,0.8846153846153846,0.372972972972973,78,1.5423728813559323,40,0.7909604519774012,38,True,38,2,0.95,0.834958291820748,0.9861796228538989,0.050000000000000044,0.7474500000000001,0.65,0.85,1.2709880259549131,16.8752067761825,11.00216860436,168.75206776182503,110.0216860436
H008_pooling_ablation,3,50,pooled,catboost,2024,0.6402212074017369,0.8235536451465424,7790,1225,57,0.6650834403080873,0.7191836734693877,"{""depth"": 4, ""iterations"": 150, ""l2_leaf_reg"": 3.0, ""learning_rate"": 0.05}",RUB_UZS,0.7704300049096076,248,50.57142857142857,175,0.7056451612903226,0.6799999999999999,0.814044845714436,0.7056451612903226,0.10839968442411341,1.1536178384981721,0.18926904459936789,0.20789335894989994,0.08958590329487293,0.5622759838684227,0.6149510763209394,0.8518518518518519,0.3942857142857143,81,1.6016949152542375,44,0.8700564971751413,37,True,38,6,0.8636363636363636,0.7329026247825904,0.9359713259213995,0.13636363636363635,0.6938181818181818,0.5909090909090909,0.8073863636363632,1.2447589098532497,19.273104840911365,16.162346111095452,192.73104840911367,161.6234611109545
H008_pooling_ablation,3,50,pooled,catboost,2025,0.6676665038267383,0.8282184517269204,9030,1235,57,0.6718715393133998,0.7206477732793523,"{""depth"": 6, ""iterations"": 150, ""l2_leaf_reg"": 3.0, ""learning_rate"": 0.05}",RUB_AMD,0.7845742141919054,247,50.714285714285715,151,0.611336032388664,0.6958471302428256,0.7984702535043737,0.611336032388664,0.18713422111570976,1.306106970964108,0.21494733240856176,0.24955334458850334,0.13867180276427293,0.6146815056404685,0.6120653973509934,0.8421052631578947,0.31788079470198677,57,1.123943661971831,34,0.6704225352112676,23,True,26,8,0.7647058823529411,0.6000353719173557,0.8756316189075565,0.23529411764705888,0.6181176470588235,0.47058823529411764,0.7647058823529411,1.2371526456033497,16.078803923791178,32.47347005376764,160.78803923791176,324.7347005376764
H008_pooling_ablation,3,50,pooled,catboost,2025,0.6676665038267383,0.8282184517269204,9030,1235,57,0.6718715393133998,0.7206477732793523,"{""depth"": 6, ""iterations"": 150, ""l2_leaf_reg"": 3.0, ""learning_rate"": 0.05}",RUB_KGS,0.7845742141919054,247,50.714285714285715,158,0.6396761133603239,0.6926468496657658,0.8069733312284776,0.6396761133603239,0.16729721786815366,1.261534258312873,0.20865626075939378,0.23704699306659674,0.11976837140991181,0.6019276439198259,0.6052126297823922,0.8360655737704918,0.3227848101265823,61,1.2028169014084507,35,0.6901408450704225,26,True,27,8,0.7714285714285715,0.60982362219898,0.8793426325382091,0.22857142857142854,0.6497142857142856,0.5142857142857142,0.8,1.1873350923482853,19.82305394295429,31.67749867940286,198.2305394295429,316.77498679402856
H008_pooling_ablation,3,50,pooled,catboost,2025,0.6676665038267383,0.8282184517269204,9030,1235,57,0.6718715393133998,0.7206477732793523,"{""depth"": 6, ""iterations"": 150, ""l2_leaf_reg"": 3.0, ""learning_rate"": 0.05}",RUB_KZT,0.7845742141919054,247,50.714285714285715,150,0.6072874493927125,0.641512027491409,0.7409983901238102,0.6072874493927125,0.13371094073109768,1.2201773490705408,0.22783334339242217,0.25133996623449,0.09352520888037807,0.6471840726929895,0.5987628865979382,0.84,0.28,50,0.9859154929577465,32,0.6309859154929577,18,True,27,5,0.84375,0.6824550744643347,0.9313568089337277,0.15625,0.61175,0.46875,0.7664062499999993,1.3792398855741723,12.9582122770125,28.800883515696874,129.582122770125,288.00883515696876
H008_pooling_ablation,3,50,pooled,catboost,2025,0.6676665038267383,0.8282184517269204,9030,1235,57,0.6718715393133998,0.7206477732793523,"{""depth"": 6, ""iterations"": 150, ""l2_leaf_reg"": 3.0, ""learning_rate"": 0.05}",RUB_TJS,0.7845742141919054,247,50.714285714285715,165,0.6680161943319838,0.7000739098300074,0.8101432235117176,0.6680161943319838,0.14212702917973385,1.2127598558023895,0.20180209939904045,0.22454064154469008,0.10126693318957136,0.5893682197025032,0.5936437546193644,0.8545454545454545,0.28484848484848485,55,1.084507042253521,35,0.6901408450704225,20,True,29,6,0.8285714285714286,0.6731739236041119,0.9189747005514327,0.17142857142857137,0.6758857142857141,0.5428571428571428,0.8,1.225904633074062,21.159748017888568,23.105571220740003,211.59748017888566,231.05571220740006
H008_pooling_ablation,3,50,pooled,catboost,2025,0.6676665038267383,0.8282184517269204,9030,1235,57,0.6718715393133998,0.7206477732793523,"{""depth"": 6, ""iterations"": 150, ""l2_leaf_reg"": 3.0, ""learning_rate"": 0.05}",RUB_UZS,0.7845742141919054,247,50.714285714285715,140,0.5668016194331984,0.6263017356475301,0.7053316946890101,0.5668016194331984,0.13853007525581174,1.2444066327727537,0.2425548269761496,0.2692061826943566,0.09899979061203668,0.6791473936321962,0.5763351134846462,0.7321428571428571,0.29285714285714287,56,1.1042253521126761,39,0.7690140845070422,17,True,27,12,0.6923076923076923,0.5357845138443541,0.8143424655401693,0.3076923076923077,0.5703589743589743,0.4358974358974359,0.7057692307692301,1.2138104657435713,14.668283900000002,43.015797808546154,146.682839,430.15797808546154
H008_pooling_ablation,3,50,pooled,catboost,2026,0.6738667657841829,0.7729676486489917,10275,1225,57,0.6776642335766423,0.6155102040816327,"{""depth"": 4, ""iterations"": 150, ""l2_leaf_reg"": 3.0, ""learning_rate"": 0.05}",RUB_AMD,0.8354857793090443,160,32.57142857142857,109,0.68125,0.6188163338729988,0.7752897202327855,0.68125,0.0940397202327855,1.1380399563050063,0.21363724027930459,0.22147015826738858,0.0353678258477923,0.6154232746513354,0.5216765605324699,0.8181818181818182,0.08256880733944955,11,0.33771929824561403,9,0.27631578947368424,2,True,7,2,0.7777777777777778,0.4525833436728054,0.9367762376877727,0.2222222222222222,0.6922222222222222,0.3333333333333333,0.8888888888888888,1.1235955056179776,12.00849697091111,19.6273037349,120.08496970911109,196.273037349
H008_pooling_ablation,3,50,pooled,catboost,2026,0.6738667657841829,0.7729676486489917,10275,1225,57,0.6776642335766423,0.6155102040816327,"{""depth"": 4, ""iterations"": 150, ""l2_leaf_reg"": 3.0, ""learning_rate"": 0.05}",RUB_KGS,0.8354857793090443,160,32.57142857142857,105,0.65625,0.6405194805194806,0.7930501001944148,0.65625,0.1368001001944148,1.2084572955343464,0.21595051121805203,0.22724566847147024,0.04970460968252188,0.6181425469581943,0.5385281385281385,0.9090909090909091,0.09523809523809523,11,0.33771929824561403,9,0.27631578947368424,2,True,8,1,0.8888888888888888,0.5649937852319398,0.9801096286728695,0.11111111111111116,0.6653333333333332,0.3333333333333333,1.0,1.3360053440213762,5.924142250166666,16.52777413193333,59.241422501666655,165.27774131933333
H008_pooling_ablation,3,50,pooled,catboost,2026,0.6738667657841829,0.7729676486489917,10275,1225,57,0.6776642335766423,0.6155102040816327,"{""depth"": 4, ""iterations"": 150, ""l2_leaf_reg"": 3.0, ""learning_rate"": 0.05}",RUB_KZT,0.8354857793090443,160,32.57142857142857,109,0.68125,0.5697067817952869,0.7408545215778075,0.68125,0.05960452157780749,1.087492875710543,0.22613580903778846,0.22147015826738858,-0.021066724324849462,0.6435280635407754,0.5039575463212808,0.75,0.027522935779816515,4,0.12280701754385966,4,0.12280701754385966,0,True,3,1,0.75,0.30063605244263664,0.9544139373553638,0.25,0.679,0.25,1.0,1.1045655375552281,31.660107538699997,53.570831242675,316.601075387,535.70831242675
H008_pooling_ablation,3,50,pooled,catboost,2026,0.6738667657841829,0.7729676486489917,10275,1225,57,0.6776642335766423,0.6155102040816327,"{""depth"": 4, ""iterations"": 150, ""l2_leaf_reg"": 3.0, ""learning_rate"": 0.05}",RUB_TJS,0.8354857793090443,159,32.57142857142857,105,0.660377358490566,0.6192239858906525,0.7816551461755634,0.660377358490566,0.12127778768499742,1.1836492213515675,0.21952064349888137,0.2262921644283436,0.029923797611677627,0.6262440463546892,0.5478835978835979,0.9230769230769231,0.11428571428571428,13,0.3991228070175439,11,0.33771929824561403,2,True,10,1,0.9090909090909091,0.6226353745137962,0.9837682477371741,0.09090909090909094,0.666,0.36363636363636365,0.9090909090909091,1.3650013650013648,12.783667981672728,12.310064705,127.8366798167273,123.10064705
H008_pooling_ablation,3,50,pooled,catboost,2026,0.6738667657841829,0.7729676486489917,10275,1225,57,0.6776642335766423,0.6155102040816327,"{""depth"": 4, ""iterations"": 150, ""l2_leaf_reg"": 3.0, ""learning_rate"": 0.05}",RUB_UZS,0.8354857793090443,158,32.57142857142857,101,0.6392405063291139,0.6237623762376239,0.760247133049331,0.6392405063291139,0.12100662672021711,1.1892974952652902,0.22381969942301067,0.23117520864196892,0.03181789804437918,0.6366351412775827,0.5357825256209832,0.9,0.0891089108910891,10,0.30701754385964913,8,0.2456140350877193,2,True,7,1,0.875,0.5291051942301385,0.9775830911367039,0.125,0.64225,0.25,0.875,1.3623978201634879,-3.7103817550375,28.5629027096125,-37.103817550375,285.629027096125
