hypothesis_id,horizon_days,epsilon_bps,strategy,model,test_year,validation_auc,validation_pr_auc,train_rows,validation_rows,feature_count,train_target_rate,validation_target_rate,hyperparameters,corridor
H008_pooling_ablation,3,50,per_corridor,logistic,2022,0.655883039116572,0.801338321603996,1064,244,52,0.6757518796992481,0.6844262295081968,"{""C"": 0.01, ""class_weight"": ""none""}",RUB_TJS
H008_pooling_ablation,3,50,per_corridor,logistic,2022,0.641859344894027,0.8035595544284266,1064,245,52,0.6578947368421053,0.7061224489795919,"{""C"": 0.01, ""class_weight"": ""none""}",RUB_UZS
H008_pooling_ablation,3,50,per_corridor,logistic,2022,0.6771212121212121,0.8143869074891891,1064,245,52,0.6842105263157895,0.673469387755102,"{""C"": 0.01, ""class_weight"": ""none""}",RUB_KGS
H008_pooling_ablation,3,50,per_corridor,logistic,2022,0.6726973684210527,0.827677553870042,1063,244,52,0.6735653809971778,0.6885245901639344,"{""C"": 0.01, ""class_weight"": ""none""}",RUB_AMD
H008_pooling_ablation,3,50,per_corridor,logistic,2022,0.7006480558325024,0.8483966257772582,1063,245,52,0.7187206020696143,0.7224489795918367,"{""C"": 0.01, ""class_weight"": ""none""}",RUB_KZT
H008_pooling_ablation,3,50,per_corridor,logistic,2023,0.6554721179251842,0.7295425128231232,1311,243,52,0.6781083142639207,0.5802469135802469,"{""C"": 0.01, ""class_weight"": ""none""}",RUB_TJS
H008_pooling_ablation,3,50,per_corridor,logistic,2023,0.67870670995671,0.7362513020166701,1312,244,52,0.6676829268292683,0.5409836065573771,"{""C"": 0.1, ""class_weight"": ""none""}",RUB_UZS
H008_pooling_ablation,3,50,per_corridor,logistic,2023,0.6994825708061002,0.7639624143583598,1312,244,52,0.6829268292682927,0.5573770491803278,"{""C"": 0.01, ""class_weight"": ""balanced""}",RUB_KGS
H008_pooling_ablation,3,50,per_corridor,logistic,2023,0.6261675824175825,0.6847717087860428,1310,244,52,0.6770992366412214,0.5737704918032787,"{""C"": 0.01, ""class_weight"": ""none""}",RUB_AMD
H008_pooling_ablation,3,50,per_corridor,logistic,2023,0.6658151260504201,0.6852615721688109,1311,244,52,0.7200610221205187,0.5122950819672131,"{""C"": 0.01, ""class_weight"": ""balanced""}",RUB_KZT
H008_pooling_ablation,3,50,per_corridor,logistic,2024,0.5844350431870262,0.8129722486676627,1557,245,52,0.6634553628773282,0.746938775510204,"{""C"": 0.1, ""class_weight"": ""none""}",RUB_TJS
H008_pooling_ablation,3,50,per_corridor,logistic,2024,0.6022962707182321,0.8174640758323402,1559,245,52,0.6484926234765875,0.7387755102040816,"{""C"": 0.01, ""class_weight"": ""balanced""}",RUB_UZS
H008_pooling_ablation,3,50,per_corridor,logistic,2024,0.5717213114754099,0.809061308293566,1559,245,52,0.6638871071199487,0.7510204081632653,"{""C"": 0.01, ""class_weight"": ""balanced""}",RUB_KGS
H008_pooling_ablation,3,50,per_corridor,logistic,2024,0.5676068376068376,0.7977142499714394,1557,245,52,0.6615285806037251,0.7346938775510204,"{""C"": 0.1, ""class_weight"": ""none""}",RUB_AMD
H008_pooling_ablation,3,50,per_corridor,logistic,2024,0.6339158851946575,0.7418071452048671,1558,245,52,0.6880616174582799,0.6244897959183674,"{""C"": 0.01, ""class_weight"": ""balanced""}",RUB_KZT
H008_pooling_ablation,3,50,per_corridor,logistic,2025,0.6714113181504486,0.8373389003649864,1805,247,52,0.6742382271468144,0.7449392712550608,"{""C"": 0.01, ""class_weight"": ""none""}",RUB_TJS
H008_pooling_ablation,3,50,per_corridor,logistic,2025,0.6750118091639111,0.8144542556585759,1807,247,52,0.6602102933038185,0.7044534412955465,"{""C"": 0.01, ""class_weight"": ""balanced""}",RUB_UZS
H008_pooling_ablation,3,50,per_corridor,logistic,2025,0.6607232546459065,0.8265808270726173,1807,247,52,0.6751521859435529,0.7327935222672065,"{""C"": 0.01, ""class_weight"": ""balanced""}",RUB_KGS
H008_pooling_ablation,3,50,per_corridor,logistic,2025,0.6000871839581517,0.8009568496275673,1805,247,52,0.6709141274238227,0.7489878542510121,"{""C"": 0.01, ""class_weight"": ""none""}",RUB_AMD
H008_pooling_ablation,3,50,per_corridor,logistic,2025,0.6732857355347315,0.7824463139184528,1806,247,52,0.6788482834994463,0.6720647773279352,"{""C"": 0.01, ""class_weight"": ""none""}",RUB_KZT
H008_pooling_ablation,3,50,per_corridor,logistic,2026,0.7232530300763131,0.8331296935949454,2054,245,52,0.682570593962999,0.6653061224489796,"{""C"": 0.1, ""class_weight"": ""balanced""}",RUB_TJS
H008_pooling_ablation,3,50,per_corridor,logistic,2026,0.6143166734389816,0.6744618966509119,2056,245,52,0.6653696498054474,0.563265306122449,"{""C"": 0.01, ""class_weight"": ""balanced""}",RUB_UZS
H008_pooling_ablation,3,50,per_corridor,logistic,2026,0.6901469317199654,0.7860868633855821,2056,245,52,0.6819066147859922,0.636734693877551,"{""C"": 0.01, ""class_weight"": ""balanced""}",RUB_KGS
H008_pooling_ablation,3,50,per_corridor,logistic,2026,0.7484619686800895,0.8216438071078312,2054,245,52,0.6801363193768257,0.6081632653061224,"{""C"": 10.0, ""class_weight"": ""balanced""}",RUB_AMD
H008_pooling_ablation,3,50,per_corridor,logistic,2026,0.6116606297018667,0.708151651488944,2055,245,52,0.678345498783455,0.6040816326530613,"{""C"": 0.01, ""class_weight"": ""balanced""}",RUB_KZT
H008_pooling_ablation,3,50,per_corridor,random_forest,2022,0.6383077999844466,0.789107137534256,1064,244,52,0.6757518796992481,0.6844262295081968,"{""max_depth"": 4, ""max_features"": ""sqrt"", ""min_samples_leaf"": 10}",RUB_TJS
H008_pooling_ablation,3,50,per_corridor,random_forest,2022,0.6069364161849712,0.8094374987028463,1064,245,52,0.6578947368421053,0.7061224489795919,"{""max_depth"": 4, ""max_features"": ""sqrt"", ""min_samples_leaf"": 10}",RUB_UZS
H008_pooling_ablation,3,50,per_corridor,random_forest,2022,0.6357575757575757,0.7689399761007049,1064,245,52,0.6842105263157895,0.673469387755102,"{""max_depth"": 4, ""max_features"": ""sqrt"", ""min_samples_leaf"": 10}",RUB_KGS
H008_pooling_ablation,3,50,per_corridor,random_forest,2022,0.6300125313283208,0.7909045870413469,1063,244,52,0.6735653809971778,0.6885245901639344,"{""max_depth"": 4, ""max_features"": ""sqrt"", ""min_samples_leaf"": 10}",RUB_AMD
H008_pooling_ablation,3,50,per_corridor,random_forest,2022,0.6385011631771352,0.7994907252908843,1063,245,52,0.7187206020696143,0.7224489795918367,"{""max_depth"": 8, ""max_features"": ""sqrt"", ""min_samples_leaf"": 10}",RUB_KZT
H008_pooling_ablation,3,50,per_corridor,random_forest,2023,0.5812126268947295,0.6719852279292422,1311,243,52,0.6781083142639207,0.5802469135802469,"{""max_depth"": 4, ""max_features"": ""sqrt"", ""min_samples_leaf"": 10}",RUB_TJS
H008_pooling_ablation,3,50,per_corridor,random_forest,2023,0.6281114718614719,0.7042313644470151,1312,244,52,0.6676829268292683,0.5409836065573771,"{""max_depth"": 4, ""max_features"": ""sqrt"", ""min_samples_leaf"": 10}",RUB_UZS
H008_pooling_ablation,3,50,per_corridor,random_forest,2023,0.6105664488017429,0.6759028935063531,1312,244,52,0.6829268292682927,0.5573770491803278,"{""max_depth"": 4, ""max_features"": ""sqrt"", ""min_samples_leaf"": 10}",RUB_KGS
H008_pooling_ablation,3,50,per_corridor,random_forest,2023,0.5392170329670329,0.6227584948357994,1310,244,52,0.6770992366412214,0.5737704918032787,"{""max_depth"": 4, ""max_features"": ""sqrt"", ""min_samples_leaf"": 10}",RUB_AMD
H008_pooling_ablation,3,50,per_corridor,random_forest,2023,0.5532100840336134,0.5757512484284987,1311,244,52,0.7200610221205187,0.5122950819672131,"{""max_depth"": 4, ""max_features"": ""sqrt"", ""min_samples_leaf"": 10}",RUB_KZT
H008_pooling_ablation,3,50,per_corridor,random_forest,2024,0.626388154415653,0.8416011528454509,1557,245,52,0.6634553628773282,0.746938775510204,"{""max_depth"": 4, ""max_features"": ""sqrt"", ""min_samples_leaf"": 10}",RUB_TJS
H008_pooling_ablation,3,50,per_corridor,random_forest,2024,0.6901761049723756,0.8621127735590011,1559,245,52,0.6484926234765875,0.7387755102040816,"{""max_depth"": 4, ""max_features"": ""sqrt"", ""min_samples_leaf"": 10}",RUB_UZS
H008_pooling_ablation,3,50,per_corridor,random_forest,2024,0.6105666429080542,0.8369344471145171,1559,245,52,0.6638871071199487,0.7510204081632653,"{""max_depth"": 4, ""max_features"": ""sqrt"", ""min_samples_leaf"": 10}",RUB_KGS
H008_pooling_ablation,3,50,per_corridor,random_forest,2024,0.6094871794871795,0.8205841439302602,1557,245,52,0.6615285806037251,0.7346938775510204,"{""max_depth"": 4, ""max_features"": ""sqrt"", ""min_samples_leaf"": 10}",RUB_AMD
H008_pooling_ablation,3,50,per_corridor,random_forest,2024,0.5666382495026997,0.7039549052775222,1558,245,52,0.6880616174582799,0.6244897959183674,"{""max_depth"": 4, ""max_features"": ""sqrt"", ""min_samples_leaf"": 10}",RUB_KZT
H008_pooling_ablation,3,50,per_corridor,random_forest,2025,0.7091097308488613,0.866754684821909,1805,247,52,0.6742382271468144,0.7449392712550608,"{""max_depth"": 8, ""max_features"": ""sqrt"", ""min_samples_leaf"": 10}",RUB_TJS
H008_pooling_ablation,3,50,per_corridor,random_forest,2025,0.7164226106125019,0.8583392025886052,1807,247,52,0.6602102933038185,0.7044534412955465,"{""max_depth"": 8, ""max_features"": ""sqrt"", ""min_samples_leaf"": 10}",RUB_UZS
H008_pooling_ablation,3,50,per_corridor,random_forest,2025,0.671856688431274,0.8504737921953067,1807,247,52,0.6751521859435529,0.7327935222672065,"{""max_depth"": 8, ""max_features"": ""sqrt"", ""min_samples_leaf"": 10}",RUB_KGS
H008_pooling_ablation,3,50,per_corridor,random_forest,2025,0.6418482999128161,0.8338007013123585,1805,247,52,0.6709141274238227,0.7489878542510121,"{""max_depth"": 4, ""max_features"": ""sqrt"", ""min_samples_leaf"": 10}",RUB_AMD
H008_pooling_ablation,3,50,per_corridor,random_forest,2025,0.6041201844414695,0.7537724220864898,1806,247,52,0.6788482834994463,0.6720647773279352,"{""max_depth"": 8, ""max_features"": ""sqrt"", ""min_samples_leaf"": 10}",RUB_KZT
H008_pooling_ablation,3,50,per_corridor,random_forest,2026,0.6935508005386801,0.8166881760864712,2054,245,52,0.682570593962999,0.6653061224489796,"{""max_depth"": 4, ""max_features"": ""sqrt"", ""min_samples_leaf"": 10}",RUB_TJS
H008_pooling_ablation,3,50,per_corridor,random_forest,2026,0.666463497223351,0.7394637779392708,2056,245,52,0.6653696498054474,0.563265306122449,"{""max_depth"": 4, ""max_features"": ""sqrt"", ""min_samples_leaf"": 10}",RUB_UZS
H008_pooling_ablation,3,50,per_corridor,random_forest,2026,0.7032555459521751,0.8147277689656198,2056,245,52,0.6819066147859922,0.636734693877551,"{""max_depth"": 4, ""max_features"": ""sqrt"", ""min_samples_leaf"": 10}",RUB_KGS
H008_pooling_ablation,3,50,per_corridor,random_forest,2026,0.7278383668903804,0.8231774413560409,2054,245,52,0.6801363193768257,0.6081632653061224,"{""max_depth"": 4, ""max_features"": ""sqrt"", ""min_samples_leaf"": 10}",RUB_AMD
H008_pooling_ablation,3,50,per_corridor,random_forest,2026,0.6107550849818891,0.7318695771789407,2055,245,52,0.678345498783455,0.6040816326530613,"{""max_depth"": 8, ""max_features"": ""sqrt"", ""min_samples_leaf"": 10}",RUB_KZT
H008_pooling_ablation,3,50,pooled_with_corridor_thresholds,logistic,2022,0.6586752878094937,0.8140852410476984,5318,1223,57,0.6820233170364799,0.6950122649223222,"{""C"": 0.01, ""class_weight"": ""none""}",ALL
H008_pooling_ablation,3,50,pooled_with_corridor_thresholds,logistic,2023,0.6482890044374269,0.6907547475615411,6556,1219,57,0.6851738865161684,0.5529122231337161,"{""C"": 10.0, ""class_weight"": ""none""}",ALL
H008_pooling_ablation,3,50,pooled_with_corridor_thresholds,logistic,2024,0.5881562970197715,0.7893362373687389,7790,1225,57,0.6650834403080873,0.7191836734693877,"{""C"": 0.01, ""class_weight"": ""balanced""}",ALL
H008_pooling_ablation,3,50,pooled_with_corridor_thresholds,logistic,2025,0.6588242957173099,0.803417657633241,9030,1235,57,0.6718715393133998,0.7206477732793523,"{""C"": 10.0, ""class_weight"": ""none""}",ALL
H008_pooling_ablation,3,50,pooled_with_corridor_thresholds,logistic,2026,0.6869801258116655,0.7699324806816676,10275,1225,57,0.6776642335766423,0.6155102040816327,"{""C"": 0.1, ""class_weight"": ""balanced""}",ALL
H008_pooling_ablation,3,50,pooled_with_corridor_thresholds,random_forest,2022,0.6424727960889449,0.7962450997256659,5318,1223,57,0.6820233170364799,0.6950122649223222,"{""max_depth"": 4, ""max_features"": ""sqrt"", ""min_samples_leaf"": 10}",ALL
H008_pooling_ablation,3,50,pooled_with_corridor_thresholds,random_forest,2023,0.6036397789453625,0.6698217047755123,6556,1219,57,0.6851738865161684,0.5529122231337161,"{""max_depth"": 4, ""max_features"": ""sqrt"", ""min_samples_leaf"": 10}",ALL
H008_pooling_ablation,3,50,pooled_with_corridor_thresholds,random_forest,2024,0.6267488055328247,0.8196951222131136,7790,1225,57,0.6650834403080873,0.7191836734693877,"{""max_depth"": 4, ""max_features"": ""sqrt"", ""min_samples_leaf"": 10}",ALL
H008_pooling_ablation,3,50,pooled_with_corridor_thresholds,random_forest,2025,0.684149161374369,0.8422872753258294,9030,1235,57,0.6718715393133998,0.7206477732793523,"{""max_depth"": 8, ""max_features"": ""sqrt"", ""min_samples_leaf"": 10}",ALL
H008_pooling_ablation,3,50,pooled_with_corridor_thresholds,random_forest,2026,0.6936508472858132,0.7844573536088466,10275,1225,57,0.6776642335766423,0.6155102040816327,"{""max_depth"": 4, ""max_features"": ""sqrt"", ""min_samples_leaf"": 10}",ALL
H008_pooling_ablation,3,50,pooled_without_corridor_feature,logistic,2022,0.6580760132471218,0.8128640401622902,5318,1223,52,0.6820233170364799,0.6950122649223222,"{""C"": 0.01, ""class_weight"": ""none""}",ALL
H008_pooling_ablation,3,50,pooled_without_corridor_feature,logistic,2023,0.6439141915988349,0.6923539770886555,6556,1219,52,0.6851738865161684,0.5529122231337161,"{""C"": 0.01, ""class_weight"": ""none""}",ALL
H008_pooling_ablation,3,50,pooled_without_corridor_feature,logistic,2024,0.5940362431697594,0.7934166139313633,7790,1225,52,0.6650834403080873,0.7191836734693877,"{""C"": 0.01, ""class_weight"": ""balanced""}",ALL
H008_pooling_ablation,3,50,pooled_without_corridor_feature,logistic,2025,0.6605503989578244,0.8046823700153395,9030,1235,52,0.6718715393133998,0.7206477732793523,"{""C"": 10.0, ""class_weight"": ""none""}",ALL
H008_pooling_ablation,3,50,pooled_without_corridor_feature,logistic,2026,0.6834800385206711,0.7700422968977538,10275,1225,52,0.6776642335766423,0.6155102040816327,"{""C"": 0.01, ""class_weight"": ""balanced""}",ALL
H008_pooling_ablation,3,50,pooled_without_corridor_feature,random_forest,2022,0.6437186563633497,0.8006321890958296,5318,1223,52,0.6820233170364799,0.6950122649223222,"{""max_depth"": 4, ""max_features"": ""sqrt"", ""min_samples_leaf"": 10}",ALL
H008_pooling_ablation,3,50,pooled_without_corridor_feature,random_forest,2023,0.6135259848092995,0.680975998728534,6556,1219,52,0.6851738865161684,0.5529122231337161,"{""max_depth"": 4, ""max_features"": ""sqrt"", ""min_samples_leaf"": 10}",ALL
H008_pooling_ablation,3,50,pooled_without_corridor_feature,random_forest,2024,0.6222910012406621,0.8210694181333081,7790,1225,52,0.6650834403080873,0.7191836734693877,"{""max_depth"": 4, ""max_features"": ""sqrt"", ""min_samples_leaf"": 10}",ALL
H008_pooling_ablation,3,50,pooled_without_corridor_feature,random_forest,2025,0.6911838462791078,0.8423779043751235,9030,1235,52,0.6718715393133998,0.7206477732793523,"{""max_depth"": 8, ""max_features"": ""sqrt"", ""min_samples_leaf"": 10}",ALL
H008_pooling_ablation,3,50,pooled_without_corridor_feature,random_forest,2026,0.6940126825367325,0.7851568311206849,10275,1225,52,0.6776642335766423,0.6155102040816327,"{""max_depth"": 4, ""max_features"": ""sqrt"", ""min_samples_leaf"": 10}",ALL
H008_pooling_ablation,3,50,pooled,logistic,2022,0.6586752878094937,0.8140852410476984,5318,1223,57,0.6820233170364799,0.6950122649223222,"{""C"": 0.01, ""class_weight"": ""none""}",ALL
H008_pooling_ablation,3,50,pooled,logistic,2023,0.6482890044374269,0.6907547475615411,6556,1219,57,0.6851738865161684,0.5529122231337161,"{""C"": 10.0, ""class_weight"": ""none""}",ALL
H008_pooling_ablation,3,50,pooled,logistic,2024,0.5881562970197715,0.7893362373687389,7790,1225,57,0.6650834403080873,0.7191836734693877,"{""C"": 0.01, ""class_weight"": ""balanced""}",ALL
H008_pooling_ablation,3,50,pooled,logistic,2025,0.6588242957173099,0.803417657633241,9030,1235,57,0.6718715393133998,0.7206477732793523,"{""C"": 10.0, ""class_weight"": ""none""}",ALL
H008_pooling_ablation,3,50,pooled,logistic,2026,0.6869801258116655,0.7699324806816676,10275,1225,57,0.6776642335766423,0.6155102040816327,"{""C"": 0.1, ""class_weight"": ""balanced""}",ALL
H008_pooling_ablation,3,50,pooled,random_forest,2022,0.6424727960889449,0.7962450997256659,5318,1223,57,0.6820233170364799,0.6950122649223222,"{""max_depth"": 4, ""max_features"": ""sqrt"", ""min_samples_leaf"": 10}",ALL
H008_pooling_ablation,3,50,pooled,random_forest,2023,0.6036397789453625,0.6698217047755123,6556,1219,57,0.6851738865161684,0.5529122231337161,"{""max_depth"": 4, ""max_features"": ""sqrt"", ""min_samples_leaf"": 10}",ALL
H008_pooling_ablation,3,50,pooled,random_forest,2024,0.6267488055328247,0.8196951222131136,7790,1225,57,0.6650834403080873,0.7191836734693877,"{""max_depth"": 4, ""max_features"": ""sqrt"", ""min_samples_leaf"": 10}",ALL
H008_pooling_ablation,3,50,pooled,random_forest,2025,0.684149161374369,0.8422872753258294,9030,1235,57,0.6718715393133998,0.7206477732793523,"{""max_depth"": 8, ""max_features"": ""sqrt"", ""min_samples_leaf"": 10}",ALL
H008_pooling_ablation,3,50,pooled,random_forest,2026,0.6936508472858132,0.7844573536088466,10275,1225,57,0.6776642335766423,0.6155102040816327,"{""max_depth"": 4, ""max_features"": ""sqrt"", ""min_samples_leaf"": 10}",ALL
