hypothesis_id,horizon_days,epsilon_bps,strategy,model,corridor,test_year,train_rows,validation_rows,test_rows,feature_count,hyperparameters,validation_auc,validation_pr_auc,train_target_rate,validation_target_rate,target_positives,target_rate,roc_auc,pr_auc,pr_auc_baseline,pr_auc_gain,pr_auc_ratio,brier,brier_baseline,brier_skill_score,log_loss
H008_pooling_ablation,3,50,per_corridor,logistic,RUB_TJS,2022,1064,244,246,52,"{""C"": 0.01, ""class_weight"": ""none""}",0.655883039116572,0.801338321603996,0.6757518796992481,0.6844262295081968,142,0.5772357723577236,0.6549295774647889,0.7291134474885583,0.5772357723577236,0.15187767513083472,1.2631120287477842,0.25421245029105444,0.25552442957243326,0.005134457333782705,0.745258559385182
H008_pooling_ablation,3,50,per_corridor,logistic,RUB_UZS,2022,1064,245,247,52,"{""C"": 0.01, ""class_weight"": ""none""}",0.641859344894027,0.8035595544284266,0.6578947368421053,0.7061224489795919,133,0.5384615384615384,0.672272787231236,0.7194010516082235,0.5384615384615384,0.1809395131466851,1.3360305244152724,0.23843321494029368,0.2766308909749143,0.13808174459476574,0.699949255223303
H008_pooling_ablation,3,50,per_corridor,logistic,RUB_KGS,2022,1064,245,247,52,"{""C"": 0.01, ""class_weight"": ""none""}",0.6771212121212121,0.8143869074891891,0.6842105263157895,0.673469387755102,137,0.5546558704453441,0.7090245520902456,0.7682027161930581,0.5546558704453441,0.213546845747714,1.3850078167860245,0.2353531537990472,0.26112938772137795,0.09871058231804108,0.7105606807705737
H008_pooling_ablation,3,50,per_corridor,logistic,RUB_AMD,2022,1063,244,247,52,"{""C"": 0.01, ""class_weight"": ""none""}",0.6726973684210527,0.827677553870042,0.6735653809971778,0.6885245901639344,141,0.5708502024291497,0.6354877559213168,0.6894398928937039,0.5708502024291497,0.11858969046455414,1.207742223721595,0.2802117765406679,0.25882751034450485,-0.08261975772088581,0.8349785543250458
H008_pooling_ablation,3,50,per_corridor,logistic,RUB_KZT,2022,1063,245,247,52,"{""C"": 0.01, ""class_weight"": ""none""}",0.7006480558325024,0.8483966257772582,0.7187206020696143,0.7224489795918367,126,0.5101214574898786,0.6520398793126065,0.6697133254015902,0.5101214574898786,0.15959186791171165,1.312850725192006,0.2486625291426087,0.2949805327402381,0.15702054358420114,0.7164535554164947
H008_pooling_ablation,3,50,per_corridor,logistic,RUB_TJS,2023,1311,243,247,52,"{""C"": 0.01, ""class_weight"": ""none""}",0.6554721179251842,0.7295425128231232,0.6781083142639207,0.5802469135802469,184,0.7449392712550608,0.5678053830227744,0.7906870094890871,0.7449392712550608,0.045747738234026336,1.0614113659989375,0.20995478616997942,0.21712832607352858,0.033038249929306374,0.6084912296078172
H008_pooling_ablation,3,50,per_corridor,logistic,RUB_UZS,2023,1312,244,247,52,"{""C"": 0.1, ""class_weight"": ""none""}",0.67870670995671,0.7362513020166701,0.6676829268292683,0.5409836065573771,182,0.7368421052631579,0.6005917159763313,0.8165139062821084,0.7368421052631579,0.07967180101895055,1.1081260156685757,0.21407147039045182,0.23226636868979755,0.07833634461150019,0.6134673377689884
H008_pooling_ablation,3,50,per_corridor,logistic,RUB_KGS,2023,1312,244,247,52,"{""C"": 0.01, ""class_weight"": ""balanced""}",0.6994825708061002,0.7639624143583598,0.6829268292682927,0.5573770491803278,185,0.7489878542510121,0.5635571054925893,0.8000405512964752,0.7489878542510121,0.051052697045463113,1.0681622495688075,0.3102072558210723,0.22471974905531258,-0.3804183082489905,0.8290485208013113
H008_pooling_ablation,3,50,per_corridor,logistic,RUB_AMD,2023,1310,244,247,52,"{""C"": 0.01, ""class_weight"": ""none""}",0.6261675824175825,0.6847717087860428,0.6770992366412214,0.5737704918032787,181,0.7327935222672065,0.5398459735476311,0.7666037986594418,0.7327935222672065,0.03381027639223533,1.0461388854634373,0.2516669674894064,0.22109550020835889,-0.13827267968926193,0.6957154210845301
H008_pooling_ablation,3,50,per_corridor,logistic,RUB_KZT,2023,1311,244,247,52,"{""C"": 0.01, ""class_weight"": ""balanced""}",0.6658151260504201,0.6852615721688109,0.7200610221205187,0.5122950819672131,155,0.6275303643724697,0.5758765778401123,0.7161724726163466,0.6275303643724697,0.08864210824387697,1.1412554886208879,0.2915492286274435,0.24701517647404436,-0.1802887287699857,0.7961695333046293
H008_pooling_ablation,3,50,per_corridor,logistic,RUB_TJS,2024,1557,245,248,52,"{""C"": 0.1, ""class_weight"": ""none""}",0.5844350431870262,0.8129722486676627,0.6634553628773282,0.746938775510204,185,0.7459677419354839,0.6647790647790649,0.8300590506762254,0.7459677419354839,0.08409130874074155,1.1127278084740753,0.1872192884612977,0.18950081283336245,0.012039654806499489,0.5603475121593001
H008_pooling_ablation,3,50,per_corridor,logistic,RUB_UZS,2024,1559,245,248,52,"{""C"": 0.01, ""class_weight"": ""balanced""}",0.6022962707182321,0.8174640758323402,0.6484926234765875,0.7387755102040816,175,0.7056451612903226,0.6670058708414873,0.8105936849162889,0.7056451612903226,0.1049485236259663,1.1487270506242264,0.22862962306139278,0.20880768765702462,-0.09492914569757849,0.648782560245376
H008_pooling_ablation,3,50,per_corridor,logistic,RUB_KGS,2024,1559,245,248,52,"{""C"": 0.01, ""class_weight"": ""balanced""}",0.5717213114754099,0.809061308293566,0.6638871071199487,0.7510204081632653,182,0.7338709677419355,0.6587579087579086,0.8266493523014857,0.7338709677419355,0.09277838455955023,1.1264232932459806,0.24546189830071996,0.1955984737542153,-0.2549274725382671,0.6843223786587294
H008_pooling_ablation,3,50,per_corridor,logistic,RUB_AMD,2024,1557,245,248,52,"{""C"": 0.1, ""class_weight"": ""none""}",0.5676068376068376,0.7977142499714394,0.6615285806037251,0.7346938775510204,186,0.75,0.577003121748179,0.7860727397512782,0.75,0.03607273975127823,1.0480969863350376,0.20544429129067956,0.18773427738442314,-0.09433553719117405,0.601314257031997
H008_pooling_ablation,3,50,per_corridor,logistic,RUB_KZT,2024,1558,245,248,52,"{""C"": 0.01, ""class_weight"": ""balanced""}",0.6339158851946575,0.7418071452048671,0.6880616174582799,0.6244897959183674,167,0.6733870967741935,0.6611961262659866,0.7760699674334828,0.6733870967741935,0.10268287065928927,1.1524871372664895,0.23760450521066556,0.22232786070320162,-0.06871223633036982,0.6686491225208308
H008_pooling_ablation,3,50,per_corridor,logistic,RUB_TJS,2025,1805,247,247,52,"{""C"": 0.01, ""class_weight"": ""none""}",0.6714113181504486,0.8373389003649864,0.6742382271468144,0.7449392712550608,165,0.6680161943319838,0.6966001478196601,0.816978363226754,0.6680161943319838,0.1489621688947702,1.222991852830353,0.20233658030853277,0.22768771820551062,0.11134170124229514,0.5901807823670429
H008_pooling_ablation,3,50,per_corridor,logistic,RUB_UZS,2025,1807,247,247,52,"{""C"": 0.01, ""class_weight"": ""balanced""}",0.6750118091639111,0.8144542556585759,0.6602102933038185,0.7044534412955465,140,0.5668016194331984,0.6124165554072096,0.6775784603033523,0.5668016194331984,0.11077684087015394,1.1954419978209145,0.23858911423011647,0.26448556770312576,0.09791253903909414,0.6693971625519572
H008_pooling_ablation,3,50,per_corridor,logistic,RUB_KGS,2025,1807,247,247,52,"{""C"": 0.01, ""class_weight"": ""balanced""}",0.6607232546459065,0.8265808270726173,0.6751521859435529,0.7327935222672065,158,0.6396761133603239,0.6875977812544446,0.7805114548099157,0.6396761133603239,0.14083534144959176,1.220166641380058,0.22333703652791906,0.23916143519808555,0.06616618041725641,0.638009656582864
H008_pooling_ablation,3,50,per_corridor,logistic,RUB_AMD,2025,1805,247,247,52,"{""C"": 0.01, ""class_weight"": ""none""}",0.6000871839581517,0.8009568496275673,0.6709141274238227,0.7489878542510121,151,0.611336032388664,0.7405491169977925,0.8180357186676588,0.611336032388664,0.20669968627899482,1.3381114073570313,0.21682897000767254,0.25655231195397404,0.1548352522873695,0.6187618286443493
H008_pooling_ablation,3,50,per_corridor,logistic,RUB_KZT,2025,1806,247,247,52,"{""C"": 0.01, ""class_weight"": ""none""}",0.6732857355347315,0.7824463139184528,0.6788482834994463,0.6720647773279352,150,0.6072874493927125,0.610171821305842,0.7089325683014708,0.6072874493927125,0.10164511890875827,1.167375629136422,0.2380013325839061,0.24268550541723352,0.019301411616133524,0.6708437139238714
H008_pooling_ablation,3,50,per_corridor,logistic,RUB_TJS,2026,2054,245,159,52,"{""C"": 0.1, ""class_weight"": ""balanced""}",0.7232530300763131,0.8331296935949454,0.682570593962999,0.6653061224489796,105,0.660377358490566,0.6038800705467372,0.7490827162837352,0.660377358490566,0.08870535779316924,1.1343252560867991,0.2512564033312206,0.22430339559774623,-0.12016317301682977,0.7006235248254007
H008_pooling_ablation,3,50,per_corridor,logistic,RUB_UZS,2026,2056,245,158,52,"{""C"": 0.01, ""class_weight"": ""balanced""}",0.6143166734389816,0.6744618966509119,0.6653696498054474,0.563265306122449,101,0.6392405063291139,0.5716519020323085,0.7087019042604031,0.6392405063291139,0.06946139793128925,1.108662384882611,0.2543779711121144,0.23638431244365485,-0.07612035876005341,0.7053055147883307
H008_pooling_ablation,3,50,per_corridor,logistic,RUB_KGS,2026,2056,245,160,52,"{""C"": 0.01, ""class_weight"": ""balanced""}",0.6901469317199654,0.7860868633855821,0.6819066147859922,0.636734693877551,105,0.65625,0.5864935064935065,0.7326156511785067,0.65625,0.07636565117850669,1.1163667065577245,0.25385892954045486,0.22596678467305287,-0.12343471146769924,0.7045395783747342
H008_pooling_ablation,3,50,per_corridor,logistic,RUB_AMD,2026,2054,245,160,52,"{""C"": 10.0, ""class_weight"": ""balanced""}",0.7484619686800895,0.8216438071078312,0.6801363193768257,0.6081632653061224,109,0.68125,0.6218744378485339,0.747168887380058,0.68125,0.06591888738005802,1.096761669548709,0.22963922208777882,0.22249010828821328,-0.03213227704624333,0.6534886352723296
H008_pooling_ablation,3,50,per_corridor,logistic,RUB_KZT,2026,2055,245,160,52,"{""C"": 0.01, ""class_weight"": ""balanced""}",0.6116606297018667,0.708151651488944,0.678345498783455,0.6040816326530613,109,0.68125,0.5252743299154525,0.7371506057936592,0.68125,0.055900605793659186,1.0820559351099583,0.27865464667938455,0.22310339441899202,-0.24899330825987498,0.7597962782046201
H008_pooling_ablation,3,50,per_corridor,random_forest,RUB_TJS,2022,1064,244,246,52,"{""max_depth"": 4, ""max_features"": ""sqrt"", ""min_samples_leaf"": 10}",0.6383077999844466,0.789107137534256,0.6757518796992481,0.6844262295081968,142,0.5772357723577236,0.5891793066088841,0.6796524178661562,0.5772357723577236,0.10241664550843255,1.1774260196836226,0.26458692281788293,0.25552442957243326,-0.035466249785250925,0.7263061873192891
H008_pooling_ablation,3,50,per_corridor,random_forest,RUB_UZS,2022,1064,245,247,52,"{""max_depth"": 4, ""max_features"": ""sqrt"", ""min_samples_leaf"": 10}",0.6069364161849712,0.8094374987028463,0.6578947368421053,0.7061224489795919,133,0.5384615384615384,0.63467880226883,0.7117349865041712,0.5384615384615384,0.17327344804263278,1.3217935463648895,0.24606883353012504,0.2766308909749143,0.11047955395393894,0.6868809077108008
H008_pooling_ablation,3,50,per_corridor,random_forest,RUB_KGS,2022,1064,245,247,52,"{""max_depth"": 4, ""max_features"": ""sqrt"", ""min_samples_leaf"": 10}",0.6357575757575757,0.7689399761007049,0.6842105263157895,0.673469387755102,137,0.5546558704453441,0.6494359654943596,0.7118353427117736,0.5546558704453441,0.15717947226642948,1.2833819682467742,0.24944651336160203,0.26112938772137795,0.04473979149463414,0.6942899488864349
H008_pooling_ablation,3,50,per_corridor,random_forest,RUB_AMD,2022,1063,244,247,52,"{""max_depth"": 4, ""max_features"": ""sqrt"", ""min_samples_leaf"": 10}",0.6300125313283208,0.7909045870413469,0.6735653809971778,0.6885245901639344,141,0.5708502024291497,0.5459654757125653,0.617271205402329,0.5708502024291497,0.046421002973179304,1.081319061945924,0.27678140334938905,0.25882751034450485,-0.06936624696882943,0.7527110529188317
H008_pooling_ablation,3,50,per_corridor,random_forest,RUB_KZT,2022,1063,245,247,52,"{""max_depth"": 8, ""max_features"": ""sqrt"", ""min_samples_leaf"": 10}",0.6385011631771352,0.7994907252908843,0.7187206020696143,0.7224489795918367,126,0.5101214574898786,0.5499147317329135,0.5639947952350239,0.5101214574898786,0.053873337745145355,1.1056088446273882,0.2552488083021307,0.2949805327402381,0.13469270012165668,0.7053008790924485
H008_pooling_ablation,3,50,per_corridor,random_forest,RUB_TJS,2023,1311,243,247,52,"{""max_depth"": 4, ""max_features"": ""sqrt"", ""min_samples_leaf"": 10}",0.5812126268947295,0.6719852279292422,0.6781083142639207,0.5802469135802469,184,0.7449392712550608,0.5758281573498966,0.8071847066473001,0.7449392712550608,0.06224543539223937,1.0835577312058866,0.28048679333612503,0.21712832607352858,-0.29180194223549005,0.7600396484357907
H008_pooling_ablation,3,50,per_corridor,random_forest,RUB_UZS,2023,1312,244,247,52,"{""max_depth"": 4, ""max_features"": ""sqrt"", ""min_samples_leaf"": 10}",0.6281114718614719,0.7042313644470151,0.6676829268292683,0.5409836065573771,182,0.7368421052631579,0.6563820794590025,0.8450768785871305,0.7368421052631579,0.10823477332397269,1.1468900495111058,0.25605011636379366,0.23226636868979755,-0.10239858576236838,0.7060805629538586
H008_pooling_ablation,3,50,per_corridor,random_forest,RUB_KGS,2023,1312,244,247,52,"{""max_depth"": 4, ""max_features"": ""sqrt"", ""min_samples_leaf"": 10}",0.6105664488017429,0.6759028935063531,0.6829268292682927,0.5573770491803278,185,0.7489878542510121,0.5714036617262425,0.8108226233314342,0.7489878542510121,0.06183476908042207,1.0825577727722393,0.27855045258674876,0.22471974905531258,-0.23954594003300644,0.7557786942763092
H008_pooling_ablation,3,50,per_corridor,random_forest,RUB_AMD,2023,1310,244,247,52,"{""max_depth"": 4, ""max_features"": ""sqrt"", ""min_samples_leaf"": 10}",0.5392170329670329,0.6227584948357994,0.6770992366412214,0.5737704918032787,181,0.7327935222672065,0.5130587644399799,0.7621302602867444,0.7327935222672065,0.029336738019537845,1.0400341121040102,0.30669407478371385,0.22109550020835889,-0.3871565658038605,0.8154287565473607
H008_pooling_ablation,3,50,per_corridor,random_forest,RUB_KZT,2023,1311,244,247,52,"{""max_depth"": 4, ""max_features"": ""sqrt"", ""min_samples_leaf"": 10}",0.5532100840336134,0.5757512484284987,0.7200610221205187,0.5122950819672131,155,0.6275303643724697,0.5347124824684433,0.68335710757543,0.6275303643724697,0.05582674320296033,1.0889626165879431,0.28309384929862524,0.24701517647404436,-0.14605852700865096,0.7671944108466145
H008_pooling_ablation,3,50,per_corridor,random_forest,RUB_TJS,2024,1557,245,248,52,"{""max_depth"": 4, ""max_features"": ""sqrt"", ""min_samples_leaf"": 10}",0.626388154415653,0.8416011528454509,0.6634553628773282,0.746938775510204,185,0.7459677419354839,0.6693264693264693,0.8418292144172753,0.7459677419354839,0.09586147248179144,1.1285061901377529,0.2246274368608211,0.18950081283336245,-0.18536397550097705,0.641237738125209
H008_pooling_ablation,3,50,per_corridor,random_forest,RUB_UZS,2024,1559,245,248,52,"{""max_depth"": 4, ""max_features"": ""sqrt"", ""min_samples_leaf"": 10}",0.6901761049723756,0.8621127735590011,0.6484926234765875,0.7387755102040816,175,0.7056451612903226,0.689784735812133,0.8467124382564252,0.7056451612903226,0.14106727696610255,1.1999124839291053,0.21694398143113705,0.20880768765702462,-0.03896548956318435,0.6249130459958722
H008_pooling_ablation,3,50,per_corridor,random_forest,RUB_KGS,2024,1559,245,248,52,"{""max_depth"": 4, ""max_features"": ""sqrt"", ""min_samples_leaf"": 10}",0.6105666429080542,0.8369344471145171,0.6638871071199487,0.7510204081632653,182,0.7338709677419355,0.6569264069264069,0.8352292937978213,0.7338709677419355,0.1013583260558858,1.13811464209813,0.22937715366600106,0.1955984737542153,-0.17269398509842815,0.6511640045310898
H008_pooling_ablation,3,50,per_corridor,random_forest,RUB_AMD,2024,1557,245,248,52,"{""max_depth"": 4, ""max_features"": ""sqrt"", ""min_samples_leaf"": 10}",0.6094871794871795,0.8205841439302602,0.6615285806037251,0.7346938775510204,186,0.75,0.61420395421436,0.7978790479397286,0.75,0.047879047939728636,1.0638387305863048,0.22963701084058916,0.18773427738442314,-0.2232023583544196,0.6516950406304846
H008_pooling_ablation,3,50,per_corridor,random_forest,RUB_KZT,2024,1558,245,248,52,"{""max_depth"": 4, ""max_features"": ""sqrt"", ""min_samples_leaf"": 10}",0.5666382495026997,0.7039549052775222,0.6880616174582799,0.6244897959183674,167,0.6733870967741935,0.6022769276262291,0.7237031286402531,0.6733870967741935,0.050316031866059596,1.0747208137891184,0.2467425291699269,0.22232786070320162,-0.10981380556401721,0.6868520422255336
H008_pooling_ablation,3,50,per_corridor,random_forest,RUB_TJS,2025,1805,247,247,52,"{""max_depth"": 8, ""max_features"": ""sqrt"", ""min_samples_leaf"": 10}",0.7091097308488613,0.866754684821909,0.6742382271468144,0.7449392712550608,165,0.6680161943319838,0.6798226164079822,0.8044439020009447,0.6680161943319838,0.13642770766896095,1.204228144207475,0.22412300445227348,0.22768771820551062,0.015656153003473117,0.6392393456699171
H008_pooling_ablation,3,50,per_corridor,random_forest,RUB_UZS,2025,1807,247,247,52,"{""max_depth"": 8, ""max_features"": ""sqrt"", ""min_samples_leaf"": 10}",0.7164226106125019,0.8583392025886052,0.6602102933038185,0.7044534412955465,140,0.5668016194331984,0.6469292389853137,0.7330969668330758,0.5668016194331984,0.1662953473998774,1.2933925057697837,0.2324966023914043,0.26448556770312576,0.1209478671729558,0.6572240370946727
H008_pooling_ablation,3,50,per_corridor,random_forest,RUB_KGS,2025,1807,247,247,52,"{""max_depth"": 8, ""max_features"": ""sqrt"", ""min_samples_leaf"": 10}",0.671856688431274,0.8504737921953067,0.6751521859435529,0.7327935222672065,158,0.6396761133603239,0.685962167543735,0.8027854822066692,0.6396761133603239,0.1631093688463453,1.254987431044603,0.2179757511389769,0.23916143519808555,0.08858319503544376,0.6261480224110268
H008_pooling_ablation,3,50,per_corridor,random_forest,RUB_AMD,2025,1805,247,247,52,"{""max_depth"": 4, ""max_features"": ""sqrt"", ""min_samples_leaf"": 10}",0.6418482999128161,0.8338007013123585,0.6709141274238227,0.7489878542510121,151,0.611336032388664,0.7194398454746137,0.8135791011767014,0.611336032388664,0.20224306878803744,1.3308214436466572,0.2216307898495857,0.25655231195397404,0.13611852428230442,0.6349774071184568
H008_pooling_ablation,3,50,per_corridor,random_forest,RUB_KZT,2025,1806,247,247,52,"{""max_depth"": 8, ""max_features"": ""sqrt"", ""min_samples_leaf"": 10}",0.6041201844414695,0.7537724220864898,0.6788482834994463,0.6720647773279352,150,0.6072874493927125,0.5892096219931271,0.7222416931300646,0.6072874493927125,0.11495424373735208,1.1892913213541731,0.2391883397375303,0.24268550541723352,0.0144102783299348,0.6700709167793589
H008_pooling_ablation,3,50,per_corridor,random_forest,RUB_TJS,2026,2054,245,159,52,"{""max_depth"": 4, ""max_features"": ""sqrt"", ""min_samples_leaf"": 10}",0.6935508005386801,0.8166881760864712,0.682570593962999,0.6653061224489796,105,0.660377358490566,0.5938271604938271,0.7675861347028007,0.660377358490566,0.10720877621223468,1.162344718264241,0.24317380866440366,0.22430339559774623,-0.08412896744772702,0.6791857316382209
H008_pooling_ablation,3,50,per_corridor,random_forest,RUB_UZS,2026,2056,245,158,52,"{""max_depth"": 4, ""max_features"": ""sqrt"", ""min_samples_leaf"": 10}",0.666463497223351,0.7394637779392708,0.6653696498054474,0.563265306122449,101,0.6392405063291139,0.6232412714955706,0.753306048659377,0.6392405063291139,0.11406554233026311,1.1784391652295205,0.23849654675178802,0.23638431244365485,-0.008935594271454184,0.6693113951667476
H008_pooling_ablation,3,50,per_corridor,random_forest,RUB_KGS,2026,2056,245,160,52,"{""max_depth"": 4, ""max_features"": ""sqrt"", ""min_samples_leaf"": 10}",0.7032555459521751,0.8147277689656198,0.6819066147859922,0.636734693877551,105,0.65625,0.5982683982683983,0.7537552654999619,0.65625,0.09750526549996186,1.148579452190418,0.24078996442589035,0.22596678467305287,-0.06559893204784428,0.6743529876797872
H008_pooling_ablation,3,50,per_corridor,random_forest,RUB_AMD,2026,2054,245,160,52,"{""max_depth"": 4, ""max_features"": ""sqrt"", ""min_samples_leaf"": 10}",0.7278383668903804,0.8231774413560409,0.6801363193768257,0.6081632653061224,109,0.68125,0.640223061701745,0.7855698302147881,0.68125,0.10431983021478808,1.1531300260033586,0.23522880992235687,0.22249010828821328,-0.05725513701329099,0.6630953653831675
H008_pooling_ablation,3,50,per_corridor,random_forest,RUB_KZT,2026,2055,245,160,52,"{""max_depth"": 8, ""max_features"": ""sqrt"", ""min_samples_leaf"": 10}",0.6107550849818891,0.7318695771789407,0.678345498783455,0.6040816326530613,109,0.68125,0.5339089764346105,0.7331538765214057,0.68125,0.05190387652140571,1.0761891765451828,0.2609419237695175,0.22310339441899202,-0.1696008680148724,0.7157248576278407
H008_pooling_ablation,3,50,pooled_with_corridor_thresholds,logistic,RUB_AMD,2022,5318,1223,247,57,"{""C"": 0.01, ""class_weight"": ""none""}",0.6586752878094937,0.8140852410476984,0.6820233170364799,0.6950122649223222,141,0.5708502024291497,0.6373611668673892,0.7031652797992354,0.5708502024291497,0.13231507737008563,1.2317859865986607,0.27381937259924544,0.2603964665783069,-0.051547957609870076,0.8322868648261925
H008_pooling_ablation,3,50,pooled_with_corridor_thresholds,logistic,RUB_KGS,2022,5318,1223,247,57,"{""C"": 0.01, ""class_weight"": ""none""}",0.6586752878094937,0.8140852410476984,0.6820233170364799,0.6950122649223222,137,0.5546558704453441,0.6546781685467817,0.6850206935492116,0.5546558704453441,0.13036482310386743,1.2350373088077027,0.2571792977382037,0.2667126532964388,0.035743919309441985,0.7805609077209076
H008_pooling_ablation,3,50,pooled_with_corridor_thresholds,logistic,RUB_KZT,2022,5318,1223,247,57,"{""C"": 0.01, ""class_weight"": ""none""}",0.6586752878094937,0.8140852410476984,0.6820233170364799,0.6950122649223222,126,0.5101214574898786,0.6925751016660107,0.7151912115147857,0.5101214574898786,0.20506975402490712,1.4020018193980321,0.23386654647455032,0.2840821667713015,0.17676442300996997,0.6915055381801766
H008_pooling_ablation,3,50,pooled_with_corridor_thresholds,logistic,RUB_TJS,2022,5318,1223,246,57,"{""C"": 0.01, ""class_weight"": ""none""}",0.6586752878094937,0.8140852410476984,0.6820233170364799,0.6950122649223222,142,0.5772357723577236,0.6396939328277356,0.7016439923594691,0.5772357723577236,0.12440822000174545,1.2155240994396435,0.27193207082557924,0.25790593766912484,-0.0543846849096159,0.8302781745222417
H008_pooling_ablation,3,50,pooled_with_corridor_thresholds,logistic,RUB_UZS,2022,5318,1223,247,57,"{""C"": 0.01, ""class_weight"": ""none""}",0.6586752878094937,0.8140852410476984,0.6820233170364799,0.6950122649223222,133,0.5384615384615384,0.6454953172404695,0.6798143217434969,0.5384615384615384,0.14135278328195844,1.2625123118093513,0.26375117787120833,0.2730288400145707,0.033980520676377024,0.8232433487655861
H008_pooling_ablation,3,50,pooled_with_corridor_thresholds,logistic,RUB_AMD,2023,6556,1219,247,57,"{""C"": 10.0, ""class_weight"": ""none""}",0.6482890044374269,0.6907547475615411,0.6851738865161684,0.5529122231337161,181,0.7327935222672065,0.5465427758245438,0.7736600294146339,0.7327935222672065,0.040866507147427344,1.0557681064387545,0.2649738491565815,0.22816445776837996,-0.1613283319769656,0.7292943332897871
H008_pooling_ablation,3,50,pooled_with_corridor_thresholds,logistic,RUB_KGS,2023,6556,1219,247,57,"{""C"": 10.0, ""class_weight"": ""none""}",0.6482890044374269,0.6907547475615411,0.6851738865161684,0.5529122231337161,185,0.7489878542510121,0.546817785527463,0.7978245010383018,0.7489878542510121,0.04883664678728972,1.065203523007895,0.24805507262639387,0.22645070155352273,-0.09540430179574799,0.6901970996690566
H008_pooling_ablation,3,50,pooled_with_corridor_thresholds,logistic,RUB_KZT,2023,6556,1219,247,57,"{""C"": 10.0, ""class_weight"": ""none""}",0.6482890044374269,0.6907547475615411,0.6851738865161684,0.5529122231337161,155,0.6275303643724697,0.5826788218793829,0.7150614530444317,0.6275303643724697,0.08753108867196202,1.1394850251740298,0.2553967068474838,0.23930387316495177,-0.06724852995354258,0.7095749129623742
H008_pooling_ablation,3,50,pooled_with_corridor_thresholds,logistic,RUB_TJS,2023,6556,1219,247,57,"{""C"": 10.0, ""class_weight"": ""none""}",0.6482890044374269,0.6907547475615411,0.6851738865161684,0.5529122231337161,184,0.7449392712550608,0.5607315389924086,0.7962668920774185,0.7449392712550608,0.051327620822357756,1.0689017518647954,0.24215743242942225,0.22687914060723705,-0.06734110408428551,0.6771948598739315
H008_pooling_ablation,3,50,pooled_with_corridor_thresholds,logistic,RUB_UZS,2023,6556,1219,247,57,"{""C"": 10.0, ""class_weight"": ""none""}",0.6482890044374269,0.6907547475615411,0.6851738865161684,0.5529122231337161,182,0.7368421052631579,0.5719357565511412,0.7992967602654469,0.7368421052631579,0.06245465500228908,1.084759888931678,0.24017554666153665,0.22773601871466564,-0.05462257580983132,0.6727037067416028
H008_pooling_ablation,3,50,pooled_with_corridor_thresholds,logistic,RUB_AMD,2024,7790,1225,248,57,"{""C"": 0.01, ""class_weight"": ""balanced""}",0.5881562970197715,0.7893362373687389,0.6650834403080873,0.7191836734693877,186,0.75,0.6073534512660423,0.8002595516162114,0.75,0.05025955161621143,1.067012735488282,0.25697566416105383,0.18844964598084135,-0.3636303895587001,0.7091033479061148
H008_pooling_ablation,3,50,pooled_with_corridor_thresholds,logistic,RUB_KGS,2024,7790,1225,248,57,"{""C"": 0.01, ""class_weight"": ""balanced""}",0.5881562970197715,0.7893362373687389,0.6650834403080873,0.7191836734693877,182,0.7338709677419355,0.6477688977688978,0.8166978832934346,0.7338709677419355,0.08282691555149913,1.1128630497624823,0.24363549730697137,0.195520087060499,-0.24608934544707006,0.6804528116409962
H008_pooling_ablation,3,50,pooled_with_corridor_thresholds,logistic,RUB_KZT,2024,7790,1225,248,57,"{""C"": 0.01, ""class_weight"": ""balanced""}",0.5881562970197715,0.7893362373687389,0.6650834403080873,0.7191836734693877,167,0.6733870967741935,0.6685887484290677,0.7669069634792595,0.6733870967741935,0.09351986670506596,1.1388798020530322,0.22751015042967235,0.22203424110921527,-0.024662454282281532,0.6477269927740957
H008_pooling_ablation,3,50,pooled_with_corridor_thresholds,logistic,RUB_TJS,2024,7790,1225,248,57,"{""C"": 0.01, ""class_weight"": ""balanced""}",0.5881562970197715,0.7893362373687389,0.6650834403080873,0.7191836734693877,185,0.7459677419354839,0.6561990561990562,0.8259634097512285,0.7459677419354839,0.07999566781574463,1.1072374357746197,0.24401225039826266,0.19021725625075575,-0.2828081700252849,0.6813472328871103
H008_pooling_ablation,3,50,pooled_with_corridor_thresholds,logistic,RUB_UZS,2024,7790,1225,248,57,"{""C"": 0.01, ""class_weight"": ""balanced""}",0.5881562970197715,0.7893362373687389,0.6650834403080873,0.7191836734693877,175,0.7056451612903226,0.6716242661448141,0.8115191834409323,0.7056451612903226,0.1058740221506097,1.1500386142477212,0.2405521273129595,0.20789335894989994,-0.1570938510398976,0.6738942085704944
H008_pooling_ablation,3,50,pooled_with_corridor_thresholds,logistic,RUB_AMD,2025,9030,1235,247,57,"{""C"": 10.0, ""class_weight"": ""none""}",0.6588242957173099,0.803417657633241,0.6718715393133998,0.7206477732793523,151,0.611336032388664,0.7348923841059603,0.811230929214229,0.611336032388664,0.19989489682556505,1.3269803941451297,0.21057665447133928,0.24955334458850334,0.15618580540939653,0.6062159316312302
H008_pooling_ablation,3,50,pooled_with_corridor_thresholds,logistic,RUB_KGS,2025,9030,1235,247,57,"{""C"": 10.0, ""class_weight"": ""none""}",0.6588242957173099,0.803417657633241,0.6718715393133998,0.7206477732793523,158,0.6396761133603239,0.7184611008391409,0.7932863226926197,0.6396761133603239,0.15361020933229574,1.2401374791460573,0.2066210576100026,0.23704699306659674,0.12835402408182495,0.6004233310776482
H008_pooling_ablation,3,50,pooled_with_corridor_thresholds,logistic,RUB_KZT,2025,9030,1235,247,57,"{""C"": 10.0, ""class_weight"": ""none""}",0.6588242957173099,0.803417657633241,0.6718715393133998,0.7206477732793523,150,0.6072874493927125,0.6219931271477664,0.718439006105108,0.6072874493927125,0.11115155671239552,1.1830295633864112,0.23735899640102884,0.25133996623449,0.0556257329183274,0.6720414658754544
H008_pooling_ablation,3,50,pooled_with_corridor_thresholds,logistic,RUB_TJS,2025,9030,1235,247,57,"{""C"": 10.0, ""class_weight"": ""none""}",0.6588242957173099,0.803417657633241,0.6718715393133998,0.7206477732793523,165,0.6680161943319838,0.7226903178122689,0.838981168123641,0.6680161943319838,0.1709649737916572,1.2559293850093294,0.19756397427759784,0.22454064154469008,0.12014157918811819,0.5762477220982312
H008_pooling_ablation,3,50,pooled_with_corridor_thresholds,logistic,RUB_UZS,2025,9030,1235,247,57,"{""C"": 10.0, ""class_weight"": ""none""}",0.6588242957173099,0.803417657633241,0.6718715393133998,0.7206477732793523,140,0.5668016194331984,0.6328437917222964,0.7043968424383609,0.5668016194331984,0.13759522300516247,1.2427572863019651,0.25105709393209547,0.2692061826943566,0.06741705773847961,0.7015649219411717
H008_pooling_ablation,3,50,pooled_with_corridor_thresholds,logistic,RUB_AMD,2026,10275,1225,160,57,"{""C"": 0.1, ""class_weight"": ""balanced""}",0.6869801258116655,0.7699324806816676,0.6776642335766423,0.6155102040816327,109,0.68125,0.5988487137974456,0.7500418590269552,0.68125,0.06879185902695517,1.1009788756358976,0.252859151192468,0.22147015826738858,-0.14173012369089655,0.7029393730253444
H008_pooling_ablation,3,50,pooled_with_corridor_thresholds,logistic,RUB_KGS,2026,10275,1225,160,57,"{""C"": 0.1, ""class_weight"": ""balanced""}",0.6869801258116655,0.7699324806816676,0.6776642335766423,0.6155102040816327,105,0.65625,0.6176623376623376,0.743664510595379,0.65625,0.08741451059537897,1.133203063764387,0.24794979316361018,0.22724566847147024,-0.09110899596636002,0.6925221093917131
H008_pooling_ablation,3,50,pooled_with_corridor_thresholds,logistic,RUB_KZT,2026,10275,1225,160,57,"{""C"": 0.1, ""class_weight"": ""balanced""}",0.6869801258116655,0.7699324806816676,0.6776642335766423,0.6155102040816327,109,0.68125,0.5378665227558914,0.7209915067906152,0.68125,0.039741506790615166,1.0583361567568663,0.26051146708835515,0.22147015826738858,-0.17628248034134986,0.7197594046704282
H008_pooling_ablation,3,50,pooled_with_corridor_thresholds,logistic,RUB_TJS,2026,10275,1225,159,57,"{""C"": 0.1, ""class_weight"": ""balanced""}",0.6869801258116655,0.7699324806816676,0.6776642335766423,0.6155102040816327,105,0.660377358490566,0.6215167548500883,0.7556043719780912,0.660377358490566,0.09522701348752516,1.1442009061382523,0.2466805211549323,0.2262921644283436,-0.09009749311512172,0.6905913714091473
H008_pooling_ablation,3,50,pooled_with_corridor_thresholds,logistic,RUB_UZS,2026,10275,1225,158,57,"{""C"": 0.1, ""class_weight"": ""balanced""}",0.6869801258116655,0.7699324806816676,0.6776642335766423,0.6155102040816327,101,0.6392405063291139,0.5725204099357305,0.6934247643001854,0.6392405063291139,0.054184257971071514,1.0847634926676168,0.25764370665822556,0.23117520864196892,-0.11449540014149862,0.7137186239615912
H008_pooling_ablation,3,50,pooled_with_corridor_thresholds,random_forest,RUB_AMD,2022,5318,1223,247,57,"{""max_depth"": 4, ""max_features"": ""sqrt"", ""min_samples_leaf"": 10}",0.6424727960889449,0.7962450997256659,0.6820233170364799,0.6950122649223222,141,0.5708502024291497,0.6191623176769704,0.7090351264088113,0.5708502024291497,0.13818492397966153,1.242068625694868,0.26199537797594413,0.2603964665783069,-0.006140296059495176,0.722248583936168
H008_pooling_ablation,3,50,pooled_with_corridor_thresholds,random_forest,RUB_KGS,2022,5318,1223,247,57,"{""max_depth"": 4, ""max_features"": ""sqrt"", ""min_samples_leaf"": 10}",0.6424727960889449,0.7962450997256659,0.6820233170364799,0.6950122649223222,137,0.5546558704453441,0.6416058394160583,0.7064079342817216,0.5546558704453441,0.1517520638363774,1.2735967866247095,0.25213770641860395,0.2667126532964388,0.05464662698861711,0.7004466969898189
H008_pooling_ablation,3,50,pooled_with_corridor_thresholds,random_forest,RUB_KZT,2022,5318,1223,247,57,"{""max_depth"": 4, ""max_features"": ""sqrt"", ""min_samples_leaf"": 10}",0.6424727960889449,0.7962450997256659,0.6820233170364799,0.6950122649223222,126,0.5101214574898786,0.6269185360094451,0.6657872876948823,0.5101214574898786,0.15566583020500369,1.3051544449256818,0.24868730040506612,0.2840821667713015,0.12459376372868125,0.6932454352983224
H008_pooling_ablation,3,50,pooled_with_corridor_thresholds,random_forest,RUB_TJS,2022,5318,1223,246,57,"{""max_depth"": 4, ""max_features"": ""sqrt"", ""min_samples_leaf"": 10}",0.6424727960889449,0.7962450997256659,0.6820233170364799,0.6950122649223222,142,0.5772357723577236,0.6230362946912242,0.7076911365380922,0.5772357723577236,0.13045536418036863,1.2260001379462724,0.26123358793016,0.25790593766912484,-0.012902573283536833,0.7212201321902992
H008_pooling_ablation,3,50,pooled_with_corridor_thresholds,random_forest,RUB_UZS,2022,5318,1223,247,57,"{""max_depth"": 4, ""max_features"": ""sqrt"", ""min_samples_leaf"": 10}",0.6424727960889449,0.7962450997256659,0.6820233170364799,0.6950122649223222,133,0.5384615384615384,0.6295343622213428,0.7013402246792895,0.5384615384615384,0.16287868621775103,1.302488988690109,0.2532140757914232,0.2730288400145707,0.0725738871471967,0.7047290577403272
H008_pooling_ablation,3,50,pooled_with_corridor_thresholds,random_forest,RUB_AMD,2023,6556,1219,247,57,"{""max_depth"": 4, ""max_features"": ""sqrt"", ""min_samples_leaf"": 10}",0.6036397789453625,0.6698217047755123,0.6851738865161684,0.5529122231337161,181,0.7327935222672065,0.5685585133098945,0.7897419989577286,0.7327935222672065,0.056948476690522054,1.077714219572149,0.28793094345562137,0.22816445776837996,-0.26194476682215373,0.7762643246463675
H008_pooling_ablation,3,50,pooled_with_corridor_thresholds,random_forest,RUB_KGS,2023,6556,1219,247,57,"{""max_depth"": 4, ""max_features"": ""sqrt"", ""min_samples_leaf"": 10}",0.6036397789453625,0.6698217047755123,0.6851738865161684,0.5529122231337161,185,0.7489878542510121,0.5905841325196164,0.8171073311185073,0.7489878542510121,0.0681194768674952,1.0909487069528179,0.28324704800440287,0.22645070155352273,-0.25081108630372717,0.7663353435184258
H008_pooling_ablation,3,50,pooled_with_corridor_thresholds,random_forest,RUB_KZT,2023,6556,1219,247,57,"{""max_depth"": 4, ""max_features"": ""sqrt"", ""min_samples_leaf"": 10}",0.6036397789453625,0.6698217047755123,0.6851738865161684,0.5529122231337161,155,0.6275303643724697,0.576507713884993,0.7122923203143083,0.6275303643724697,0.08476195594183866,1.135072278178285,0.2779281425252975,0.23930387316495177,-0.16140260853079513,0.757067499072181
H008_pooling_ablation,3,50,pooled_with_corridor_thresholds,random_forest,RUB_TJS,2023,6556,1219,247,57,"{""max_depth"": 4, ""max_features"": ""sqrt"", ""min_samples_leaf"": 10}",0.6036397789453625,0.6698217047755123,0.6851738865161684,0.5529122231337161,184,0.7449392712550608,0.5917874396135266,0.8159415210182203,0.7449392712550608,0.0710022497631595,1.0953128026711978,0.2809514677814939,0.22687914060723705,-0.23833097670210424,0.761370315141511
H008_pooling_ablation,3,50,pooled_with_corridor_thresholds,random_forest,RUB_UZS,2023,6556,1219,247,57,"{""max_depth"": 4, ""max_features"": ""sqrt"", ""min_samples_leaf"": 10}",0.6036397789453625,0.6698217047755123,0.6851738865161684,0.5529122231337161,182,0.7368421052631579,0.6289940828402366,0.8244180507161426,0.7368421052631579,0.08757594545298475,1.1188530688290508,0.27355794137302164,0.22773601871466564,-0.20120630419805074,0.7445755871085865
H008_pooling_ablation,3,50,pooled_with_corridor_thresholds,random_forest,RUB_AMD,2024,7790,1225,248,57,"{""max_depth"": 4, ""max_features"": ""sqrt"", ""min_samples_leaf"": 10}",0.6267488055328247,0.8196951222131136,0.6650834403080873,0.7191836734693877,186,0.75,0.6096947624002775,0.8055807616717072,0.75,0.055580761671707224,1.074107682228943,0.23360185598455968,0.18844964598084135,-0.23959827448181414,0.6596329047294063
H008_pooling_ablation,3,50,pooled_with_corridor_thresholds,random_forest,RUB_KGS,2024,7790,1225,248,57,"{""max_depth"": 4, ""max_features"": ""sqrt"", ""min_samples_leaf"": 10}",0.6267488055328247,0.8196951222131136,0.6650834403080873,0.7191836734693877,182,0.7338709677419355,0.6569264069264069,0.8244485637200798,0.7338709677419355,0.0905775959781443,1.1234244164976912,0.2279048746970776,0.195520087060499,-0.1656340692327838,0.6480783777747862
H008_pooling_ablation,3,50,pooled_with_corridor_thresholds,random_forest,RUB_KZT,2024,7790,1225,248,57,"{""max_depth"": 4, ""max_features"": ""sqrt"", ""min_samples_leaf"": 10}",0.6267488055328247,0.8196951222131136,0.6650834403080873,0.7191836734693877,167,0.6733870967741935,0.6703629777482074,0.7725191078368875,0.6733870967741935,0.09913201106269398,1.147214004452384,0.23059776366677645,0.22203424110921527,-0.0385684771627135,0.653879749136304
H008_pooling_ablation,3,50,pooled_with_corridor_thresholds,random_forest,RUB_TJS,2024,7790,1225,248,57,"{""max_depth"": 4, ""max_features"": ""sqrt"", ""min_samples_leaf"": 10}",0.6267488055328247,0.8196951222131136,0.6650834403080873,0.7191836734693877,185,0.7459677419354839,0.6547404547404547,0.8293899704139959,0.7459677419354839,0.083422228478512,1.111830879257681,0.22815751168781048,0.19021725625075575,-0.19945748448310918,0.6484737492038658
H008_pooling_ablation,3,50,pooled_with_corridor_thresholds,random_forest,RUB_UZS,2024,7790,1225,248,57,"{""max_depth"": 4, ""max_features"": ""sqrt"", ""min_samples_leaf"": 10}",0.6267488055328247,0.8196951222131136,0.6650834403080873,0.7191836734693877,175,0.7056451612903226,0.674990215264188,0.8225699023969273,0.7056451612903226,0.11692474110660467,1.1656990616825027,0.22419524548844855,0.20789335894989994,-0.07841465749984433,0.640294838443114
H008_pooling_ablation,3,50,pooled_with_corridor_thresholds,random_forest,RUB_AMD,2025,9030,1235,247,57,"{""max_depth"": 8, ""max_features"": ""sqrt"", ""min_samples_leaf"": 10}",0.684149161374369,0.8422872753258294,0.6718715393133998,0.7206477732793523,151,0.611336032388664,0.7093681015452539,0.808647126431923,0.611336032388664,0.19731109404325908,1.3227539087992384,0.2170991967222838,0.24955334458850334,0.1300489397156116,0.6242859606134968
H008_pooling_ablation,3,50,pooled_with_corridor_thresholds,random_forest,RUB_KGS,2025,9030,1235,247,57,"{""max_depth"": 8, ""max_features"": ""sqrt"", ""min_samples_leaf"": 10}",0.684149161374369,0.8422872753258294,0.6718715393133998,0.7206477732793523,158,0.6396761133603239,0.6874555539752525,0.8054767135418772,0.6396761133603239,0.1658006001815533,1.25919460914458,0.22061567475737365,0.23704699306659674,0.06931671267648953,0.6315335227040002
H008_pooling_ablation,3,50,pooled_with_corridor_thresholds,random_forest,RUB_KZT,2025,9030,1235,247,57,"{""max_depth"": 8, ""max_features"": ""sqrt"", ""min_samples_leaf"": 10}",0.684149161374369,0.8422872753258294,0.6718715393133998,0.7206477732793523,150,0.6072874493927125,0.6461168384879725,0.7483420482766012,0.6072874493927125,0.14105459888388872,1.2322699061621367,0.23075520925939727,0.25133996623449,0.08190005466893391,0.653102496717619
H008_pooling_ablation,3,50,pooled_with_corridor_thresholds,random_forest,RUB_TJS,2025,9030,1235,247,57,"{""max_depth"": 8, ""max_features"": ""sqrt"", ""min_samples_leaf"": 10}",0.684149161374369,0.8422872753258294,0.6718715393133998,0.7206477732793523,165,0.6680161943319838,0.6703621581670364,0.8077387217993055,0.6680161943319838,0.13972252746732172,1.2091603896025969,0.22726949220418194,0.22454064154469008,-0.012153036709609433,0.6458124943042384
H008_pooling_ablation,3,50,pooled_with_corridor_thresholds,random_forest,RUB_UZS,2025,9030,1235,247,57,"{""max_depth"": 8, ""max_features"": ""sqrt"", ""min_samples_leaf"": 10}",0.684149161374369,0.8422872753258294,0.6718715393133998,0.7206477732793523,140,0.5668016194331984,0.6347129506008011,0.716120840703274,0.5668016194331984,0.14931922127007557,1.2634417689550619,0.23475330479835163,0.2692061826943566,0.12797951945673203,0.6613845149654393
H008_pooling_ablation,3,50,pooled_with_corridor_thresholds,random_forest,RUB_AMD,2026,10275,1225,160,57,"{""max_depth"": 4, ""max_features"": ""sqrt"", ""min_samples_leaf"": 10}",0.6936508472858132,0.7844573536088466,0.6776642335766423,0.6155102040816327,109,0.68125,0.6103615758229898,0.7789160544613477,0.68125,0.09766605446134768,1.1433630157230792,0.24210754700670015,0.22147015826738858,-0.09318360947932014,0.6768933171382517
H008_pooling_ablation,3,50,pooled_with_corridor_thresholds,random_forest,RUB_KGS,2026,10275,1225,160,57,"{""max_depth"": 4, ""max_features"": ""sqrt"", ""min_samples_leaf"": 10}",0.6936508472858132,0.7844573536088466,0.6776642335766423,0.6155102040816327,105,0.65625,0.635151515151515,0.7885131949311472,0.65625,0.13226319493114724,1.2015439160855577,0.23853629760826028,0.22724566847147024,-0.04968468359698375,0.6696451360327327
H008_pooling_ablation,3,50,pooled_with_corridor_thresholds,random_forest,RUB_KZT,2026,10275,1225,160,57,"{""max_depth"": 4, ""max_features"": ""sqrt"", ""min_samples_leaf"": 10}",0.6936508472858132,0.7844573536088466,0.6776642335766423,0.6155102040816327,109,0.68125,0.5562151466091023,0.740667170668222,0.68125,0.05941717066822194,1.0872178652010598,0.26287677236756124,0.22147015826738858,-0.1869624983524012,0.719516971669775
H008_pooling_ablation,3,50,pooled_with_corridor_thresholds,random_forest,RUB_TJS,2026,10275,1225,159,57,"{""max_depth"": 4, ""max_features"": ""sqrt"", ""min_samples_leaf"": 10}",0.6936508472858132,0.7844573536088466,0.6776642335766423,0.6155102040816327,105,0.660377358490566,0.5906525573192241,0.7705680017482173,0.660377358490566,0.11019064325765127,1.1668601169330148,0.24365696252613359,0.2262921644283436,-0.07673618811175675,0.6801145200252059
H008_pooling_ablation,3,50,pooled_with_corridor_thresholds,random_forest,RUB_UZS,2026,10275,1225,158,57,"{""max_depth"": 4, ""max_features"": ""sqrt"", ""min_samples_leaf"": 10}",0.6936508472858132,0.7844573536088466,0.6776642335766423,0.6155102040816327,101,0.6392405063291139,0.6230675699148863,0.7564555838320035,0.6392405063291139,0.11721507750288962,1.1833661608461046,0.24147757551144208,0.23117520864196892,-0.044565189018295204,0.6756651027824324
H008_pooling_ablation,3,50,pooled_without_corridor_feature,logistic,RUB_AMD,2022,5318,1223,247,52,"{""C"": 0.01, ""class_weight"": ""none""}",0.6580760132471218,0.8128640401622902,0.6820233170364799,0.6950122649223222,141,0.5708502024291497,0.6385655024755788,0.7054371942490043,0.5708502024291497,0.13458699181985456,1.2357658651028658,0.27242510758836663,0.2603964665783069,-0.04619356463672464,0.8292869801197663
H008_pooling_ablation,3,50,pooled_without_corridor_feature,logistic,RUB_KGS,2022,5318,1223,247,52,"{""C"": 0.01, ""class_weight"": ""none""}",0.6580760132471218,0.8128640401622902,0.6820233170364799,0.6950122649223222,137,0.5546558704453441,0.6554744525547446,0.6861605541814283,0.5546558704453441,0.13150468373608415,1.2370923860059326,0.2571173636118734,0.2667126532964388,0.03597613223809326,0.7825982949280756
H008_pooling_ablation,3,50,pooled_without_corridor_feature,logistic,RUB_KZT,2022,5318,1223,247,52,"{""C"": 0.01, ""class_weight"": ""none""}",0.6580760132471218,0.8128640401622902,0.6820233170364799,0.6950122649223222,126,0.5101214574898786,0.6894267348812804,0.7124562129151607,0.5101214574898786,0.20233475542528212,1.3966403538892436,0.2381746349154341,0.2840821667713015,0.16159948502795296,0.706782252375406
H008_pooling_ablation,3,50,pooled_without_corridor_feature,logistic,RUB_TJS,2022,5318,1223,246,52,"{""C"": 0.01, ""class_weight"": ""none""}",0.6580760132471218,0.8128640401622902,0.6820233170364799,0.6950122649223222,142,0.5772357723577236,0.6398970747562297,0.703079489081376,0.5772357723577236,0.12584371672365235,1.2180109458733697,0.27237573341338617,0.25790593766912484,-0.056104934516184146,0.8337568560510854
H008_pooling_ablation,3,50,pooled_without_corridor_feature,logistic,RUB_UZS,2022,5318,1223,247,52,"{""C"": 0.01, ""class_weight"": ""none""}",0.6580760132471218,0.8128640401622902,0.6820233170364799,0.6950122649223222,133,0.5384615384615384,0.6463527239150507,0.6812230948864,0.5384615384615384,0.14276155642486155,1.2651286047890287,0.2627896688659929,0.2730288400145707,0.037502159654750455,0.8226263235671616
H008_pooling_ablation,3,50,pooled_without_corridor_feature,logistic,RUB_AMD,2023,6556,1219,247,52,"{""C"": 0.01, ""class_weight"": ""none""}",0.6439141915988349,0.6923539770886555,0.6851738865161684,0.5529122231337161,181,0.7327935222672065,0.5530721580445337,0.7713151931700695,0.7327935222672065,0.03852167090286296,1.0525682470331887,0.24274884860377902,0.22816445776837996,-0.063920520216187,0.6778130857025599
H008_pooling_ablation,3,50,pooled_without_corridor_feature,logistic,RUB_KGS,2023,6556,1219,247,52,"{""C"": 0.01, ""class_weight"": ""none""}",0.6439141915988349,0.6923539770886555,0.6851738865161684,0.5529122231337161,185,0.7489878542510121,0.5573670444638187,0.7960773640325352,0.7489878542510121,0.04708950978152304,1.062870859005601,0.23027911981754381,0.22645070155352273,-0.016906188577721082,0.650111213301542
H008_pooling_ablation,3,50,pooled_without_corridor_feature,logistic,RUB_KZT,2023,6556,1219,247,52,"{""C"": 0.01, ""class_weight"": ""none""}",0.6439141915988349,0.6923539770886555,0.6851738865161684,0.5529122231337161,155,0.6275303643724697,0.5938990182328191,0.7208356899988704,0.6275303643724697,0.0933053256264007,1.1486865511594901,0.24626253522271058,0.23930387316495177,-0.029078769038402452,0.6863554976065591
H008_pooling_ablation,3,50,pooled_without_corridor_feature,logistic,RUB_TJS,2023,6556,1219,247,52,"{""C"": 0.01, ""class_weight"": ""none""}",0.6439141915988349,0.6923539770886555,0.6851738865161684,0.5529122231337161,184,0.7449392712550608,0.5723775017253278,0.7997221687235101,0.7449392712550608,0.05478289746844933,1.073540085188625,0.22659904854576318,0.22687914060723705,0.0012345430290515713,0.6419063408470372
H008_pooling_ablation,3,50,pooled_without_corridor_feature,logistic,RUB_UZS,2023,6556,1219,247,52,"{""C"": 0.01, ""class_weight"": ""none""}",0.6439141915988349,0.6923539770886555,0.6851738865161684,0.5529122231337161,182,0.7368421052631579,0.5827557058326289,0.7979877602959391,0.7368421052631579,0.06114565503278124,1.0829833889730602,0.2263952757823462,0.22773601871466564,0.005887267810715913,0.6412887916472273
H008_pooling_ablation,3,50,pooled_without_corridor_feature,logistic,RUB_AMD,2024,7790,1225,248,52,"{""C"": 0.01, ""class_weight"": ""balanced""}",0.5940362431697594,0.7934166139313633,0.6650834403080873,0.7191836734693877,186,0.75,0.6073534512660423,0.8002507792900453,0.75,0.05025077929004529,1.0670010390533937,0.25249954894727733,0.18844964598084135,-0.33987807529735337,0.6995559282210005
H008_pooling_ablation,3,50,pooled_without_corridor_feature,logistic,RUB_KGS,2024,7790,1225,248,52,"{""C"": 0.01, ""class_weight"": ""balanced""}",0.5940362431697594,0.7934166139313633,0.6650834403080873,0.7191836734693877,182,0.7338709677419355,0.6483516483516483,0.8168774765146274,0.7338709677419355,0.08300650877269189,1.113107770195756,0.24132800162835347,0.195520087060499,-0.2342875111020195,0.6755271448415883
H008_pooling_ablation,3,50,pooled_without_corridor_feature,logistic,RUB_KZT,2024,7790,1225,248,52,"{""C"": 0.01, ""class_weight"": ""balanced""}",0.5940362431697594,0.7934166139313633,0.6650834403080873,0.7191836734693877,167,0.6733870967741935,0.6688105270939603,0.7666066643443156,0.6733870967741935,0.09321956757012206,1.1384338488466483,0.23525583184251692,0.22203424110921527,-0.059547530449585606,0.6640988657953083
H008_pooling_ablation,3,50,pooled_without_corridor_feature,logistic,RUB_TJS,2024,7790,1225,248,52,"{""C"": 0.01, ""class_weight"": ""balanced""}",0.5940362431697594,0.7934166139313633,0.6650834403080873,0.7191836734693877,185,0.7459677419354839,0.6578292578292579,0.8275665551240255,0.7459677419354839,0.08159881318854167,1.1093865171392343,0.24266426348278342,0.19021725625075575,-0.2757216052096183,0.6785015656917718
H008_pooling_ablation,3,50,pooled_without_corridor_feature,logistic,RUB_UZS,2024,7790,1225,248,52,"{""C"": 0.01, ""class_weight"": ""balanced""}",0.5940362431697594,0.7934166139313633,0.6650834403080873,0.7191836734693877,175,0.7056451612903226,0.6717025440313112,0.812431719061361,0.7056451612903226,0.1067865577710384,1.1513318075841001,0.23797843000576552,0.20789335894989994,-0.14471395915593321,0.6684159240823727
H008_pooling_ablation,3,50,pooled_without_corridor_feature,logistic,RUB_AMD,2025,9030,1235,247,52,"{""C"": 10.0, ""class_weight"": ""none""}",0.6605503989578244,0.8046823700153395,0.6718715393133998,0.7206477732793523,151,0.611336032388664,0.7341335540838851,0.8108572159980009,0.611336032388664,0.1995211836093369,1.326369088420571,0.2122912860202739,0.24955334458850334,0.14931500369058193,0.6097563116867062
H008_pooling_ablation,3,50,pooled_without_corridor_feature,logistic,RUB_KGS,2025,9030,1235,247,52,"{""C"": 10.0, ""class_weight"": ""none""}",0.6605503989578244,0.8046823700153395,0.6718715393133998,0.7206477732793523,158,0.6396761133603239,0.7191011235955055,0.7939719109986517,0.6396761133603239,0.1542957976383278,1.241209253270044,0.20648148754240053,0.23704699306659674,0.128942810574311,0.6001658997594608
H008_pooling_ablation,3,50,pooled_without_corridor_feature,logistic,RUB_KZT,2025,9030,1235,247,52,"{""C"": 10.0, ""class_weight"": ""none""}",0.6605503989578244,0.8046823700153395,0.6718715393133998,0.7206477732793523,150,0.6072874493927125,0.6230240549828179,0.7202656847191162,0.6072874493927125,0.11297823532640372,1.1860374941708114,0.23624686427636152,0.25133996623449,0.06005054502174656,0.6692037457335266
H008_pooling_ablation,3,50,pooled_without_corridor_feature,logistic,RUB_TJS,2025,9030,1235,247,52,"{""C"": 10.0, ""class_weight"": ""none""}",0.6605503989578244,0.8046823700153395,0.6718715393133998,0.7206477732793523,165,0.6680161943319838,0.7215077605321508,0.8379471341243515,0.6680161943319838,0.16993093979236773,1.2543814674467566,0.19758605891614137,0.22454064154469008,0.12004322443865456,0.5764752568033829
H008_pooling_ablation,3,50,pooled_without_corridor_feature,logistic,RUB_UZS,2025,9030,1235,247,52,"{""C"": 10.0, ""class_weight"": ""none""}",0.6605503989578244,0.8046823700153395,0.6718715393133998,0.7206477732793523,140,0.5668016194331984,0.6319092122830441,0.704783935460572,0.5668016194331984,0.13798231602737365,1.2434402289911521,0.2505619610350953,0.2692061826943566,0.06925629074585182,0.7001551993009146
H008_pooling_ablation,3,50,pooled_without_corridor_feature,logistic,RUB_AMD,2026,10275,1225,160,52,"{""C"": 0.01, ""class_weight"": ""balanced""}",0.6834800385206711,0.7700422968977538,0.6776642335766423,0.6155102040816327,109,0.68125,0.588235294117647,0.7480325108263437,0.68125,0.06678251082634368,1.0980293736900457,0.25148678407608244,0.22147015826738858,-0.1355335005109526,0.699534314473166
H008_pooling_ablation,3,50,pooled_without_corridor_feature,logistic,RUB_KGS,2026,10275,1225,160,52,"{""C"": 0.01, ""class_weight"": ""balanced""}",0.6834800385206711,0.7700422968977538,0.6776642335766423,0.6155102040816327,105,0.65625,0.6100432900432899,0.7486564178148468,0.65625,0.09240641781484682,1.1408097795273857,0.24881961125082835,0.22724566847147024,-0.09493665126588158,0.6941270534297412
H008_pooling_ablation,3,50,pooled_without_corridor_feature,logistic,RUB_KZT,2026,10275,1225,160,52,"{""C"": 0.01, ""class_weight"": ""balanced""}",0.6834800385206711,0.7700422968977538,0.6776642335766423,0.6155102040816327,109,0.68125,0.5470408346824969,0.7307394494439774,0.68125,0.049489449443977374,1.0726450634040035,0.25915803178227065,0.22147015826738858,-0.17017133960495112,0.7158456495392415
H008_pooling_ablation,3,50,pooled_without_corridor_feature,logistic,RUB_TJS,2026,10275,1225,159,52,"{""C"": 0.01, ""class_weight"": ""balanced""}",0.6834800385206711,0.7700422968977538,0.6776642335766423,0.6155102040816327,105,0.660377358490566,0.6142857142857142,0.7549065099471929,0.660377358490566,0.09452915145662688,1.1431441436343208,0.24779220650023412,0.2262921644283436,-0.09501010397864929,0.69257504727257
H008_pooling_ablation,3,50,pooled_without_corridor_feature,logistic,RUB_UZS,2026,10275,1225,158,52,"{""C"": 0.01, ""class_weight"": ""balanced""}",0.6834800385206711,0.7700422968977538,0.6776642335766423,0.6155102040816327,101,0.6392405063291139,0.5721730067743617,0.7006356768108062,0.6392405063291139,0.061395170481692296,1.0960439300604692,0.2563939390448185,0.23117520864196892,-0.1090892511831012,0.7103048640859128
H008_pooling_ablation,3,50,pooled_without_corridor_feature,random_forest,RUB_AMD,2022,5318,1223,247,52,"{""max_depth"": 4, ""max_features"": ""sqrt"", ""min_samples_leaf"": 10}",0.6437186563633497,0.8006321890958296,0.6820233170364799,0.6950122649223222,141,0.5708502024291497,0.6233774923056337,0.7136388351285619,0.5708502024291497,0.1427886326994121,1.2501332785585446,0.2603760660805025,0.2603964665783069,7.834398858197478e-05,0.7192356650161842
H008_pooling_ablation,3,50,pooled_without_corridor_feature,random_forest,RUB_KGS,2022,5318,1223,247,52,"{""max_depth"": 4, ""max_features"": ""sqrt"", ""min_samples_leaf"": 10}",0.6437186563633497,0.8006321890958296,0.6820233170364799,0.6950122649223222,137,0.5546558704453441,0.6410086264100863,0.7088768657201721,0.5546558704453441,0.1542209952748279,1.2780480717728648,0.2518657967877698,0.2667126532964388,0.05566611229414509,0.7001476584083209
H008_pooling_ablation,3,50,pooled_without_corridor_feature,random_forest,RUB_KZT,2022,5318,1223,247,52,"{""max_depth"": 4, ""max_features"": ""sqrt"", ""min_samples_leaf"": 10}",0.6437186563633497,0.8006321890958296,0.6820233170364799,0.6950122649223222,126,0.5101214574898786,0.620162665617211,0.6529550650679965,0.5101214574898786,0.14283360757811792,1.2799992148555168,0.24862979999038903,0.2840821667713015,0.12479617141702937,0.6930534508056562
H008_pooling_ablation,3,50,pooled_without_corridor_feature,random_forest,RUB_TJS,2022,5318,1223,246,52,"{""max_depth"": 4, ""max_features"": ""sqrt"", ""min_samples_leaf"": 10}",0.6437186563633497,0.8006321890958296,0.6820233170364799,0.6950122649223222,142,0.5772357723577236,0.6291305525460456,0.7136819955775267,0.5772357723577236,0.13644622321980304,1.23637866839487,0.25887260434209997,0.25790593766912484,-0.0037481365559535185,0.716541832981111
H008_pooling_ablation,3,50,pooled_without_corridor_feature,random_forest,RUB_UZS,2022,5318,1223,247,52,"{""max_depth"": 4, ""max_features"": ""sqrt"", ""min_samples_leaf"": 10}",0.6437186563633497,0.8006321890958296,0.6820233170364799,0.6950122649223222,133,0.5384615384615384,0.634283076111331,0.7030496804739403,0.5384615384615384,0.1645881420124019,1.3056636923087463,0.2513682319027483,0.2730288400145707,0.07933450587368862,0.7009752730259357
H008_pooling_ablation,3,50,pooled_without_corridor_feature,random_forest,RUB_AMD,2023,6556,1219,247,52,"{""max_depth"": 4, ""max_features"": ""sqrt"", ""min_samples_leaf"": 10}",0.6135259848092995,0.680975998728534,0.6851738865161684,0.5529122231337161,181,0.7327935222672065,0.5717394943914281,0.7918858223530347,0.7327935222672065,0.05909230008582822,1.080639768625412,0.2895144603242966,0.22816445776837996,-0.2688850102069613,0.7806513871780945
H008_pooling_ablation,3,50,pooled_without_corridor_feature,random_forest,RUB_KGS,2023,6556,1219,247,52,"{""max_depth"": 4, ""max_features"": ""sqrt"", ""min_samples_leaf"": 10}",0.6135259848092995,0.680975998728534,0.6851738865161684,0.5529122231337161,185,0.7489878542510121,0.6009590235396688,0.8206765183666334,0.7489878542510121,0.07168866411562125,1.0957140542516672,0.2839739974616532,0.22645070155352273,-0.25402127488898296,0.7688087142621208
H008_pooling_ablation,3,50,pooled_without_corridor_feature,random_forest,RUB_KZT,2023,6556,1219,247,52,"{""max_depth"": 4, ""max_features"": ""sqrt"", ""min_samples_leaf"": 10}",0.6135259848092995,0.680975998728534,0.6851738865161684,0.5529122231337161,155,0.6275303643724697,0.5725105189340813,0.7073552681037982,0.6275303643724697,0.07982490373132856,1.127204846591214,0.27881185148706106,0.23930387316495177,-0.16509544036872525,0.7597936141949744
H008_pooling_ablation,3,50,pooled_without_corridor_feature,random_forest,RUB_TJS,2023,6556,1219,247,52,"{""max_depth"": 4, ""max_features"": ""sqrt"", ""min_samples_leaf"": 10}",0.6135259848092995,0.680975998728534,0.6851738865161684,0.5529122231337161,184,0.7449392712550608,0.5935127674258109,0.8162011651865868,0.7449392712550608,0.07126189393152604,1.0956613467450376,0.2823185968403189,0.22687914060723705,-0.24435677993445926,0.7652415962273172
H008_pooling_ablation,3,50,pooled_without_corridor_feature,random_forest,RUB_UZS,2023,6556,1219,247,52,"{""max_depth"": 4, ""max_features"": ""sqrt"", ""min_samples_leaf"": 10}",0.6135259848092995,0.680975998728534,0.6851738865161684,0.5529122231337161,182,0.7368421052631579,0.629585798816568,0.8211423540785516,0.7368421052631579,0.08430024881539377,1.1144074805351774,0.2749994525443645,0.22773601871466564,-0.20753605027633326,0.7483614971001209
H008_pooling_ablation,3,50,pooled_without_corridor_feature,random_forest,RUB_AMD,2024,7790,1225,248,52,"{""max_depth"": 4, ""max_features"": ""sqrt"", ""min_samples_leaf"": 10}",0.6222910012406621,0.8210694181333081,0.6650834403080873,0.7191836734693877,186,0.75,0.6060527228581338,0.8005404055402531,0.75,0.050540405540253075,1.067387207387004,0.23478922276348407,0.18844964598084135,-0.2458989855961513,0.6620520337902827
H008_pooling_ablation,3,50,pooled_without_corridor_feature,random_forest,RUB_KGS,2024,7790,1225,248,52,"{""max_depth"": 4, ""max_features"": ""sqrt"", ""min_samples_leaf"": 10}",0.6222910012406621,0.8210694181333081,0.6650834403080873,0.7191836734693877,182,0.7338709677419355,0.6605061605061604,0.8233733009213744,0.7338709677419355,0.0895023331794389,1.1219592232335212,0.2276792061855613,0.195520087060499,-0.16447987318618296,0.647618172450231
H008_pooling_ablation,3,50,pooled_without_corridor_feature,random_forest,RUB_KZT,2024,7790,1225,248,52,"{""max_depth"": 4, ""max_features"": ""sqrt"", ""min_samples_leaf"": 10}",0.6222910012406621,0.8210694181333081,0.6650834403080873,0.7191836734693877,167,0.6733870967741935,0.6736157314999631,0.7732880247829048,0.6733870967741935,0.09990092800871131,1.148355869138685,0.2298218582405257,0.22203424110921527,-0.0350739466687926,0.6522826955992267
H008_pooling_ablation,3,50,pooled_without_corridor_feature,random_forest,RUB_TJS,2024,7790,1225,248,52,"{""max_depth"": 4, ""max_features"": ""sqrt"", ""min_samples_leaf"": 10}",0.6222910012406621,0.8210694181333081,0.6650834403080873,0.7191836734693877,185,0.7459677419354839,0.6523380523380524,0.8256372683436028,0.7459677419354839,0.07966952640811897,1.1068002299957487,0.22894562720342992,0.19021725625075575,-0.20360072327833456,0.650055334005995
H008_pooling_ablation,3,50,pooled_without_corridor_feature,random_forest,RUB_UZS,2024,7790,1225,248,52,"{""max_depth"": 4, ""max_features"": ""sqrt"", ""min_samples_leaf"": 10}",0.6222910012406621,0.8210694181333081,0.6650834403080873,0.7191836734693877,175,0.7056451612903226,0.6713111545988258,0.8123051836581692,0.7056451612903226,0.10666002236784655,1.1511524888412912,0.22513579120787525,0.20789335894989994,-0.08293883145218972,0.6422376839803869
H008_pooling_ablation,3,50,pooled_without_corridor_feature,random_forest,RUB_AMD,2025,9030,1235,247,52,"{""max_depth"": 8, ""max_features"": ""sqrt"", ""min_samples_leaf"": 10}",0.6911838462791078,0.8423779043751235,0.6718715393133998,0.7206477732793523,151,0.611336032388664,0.7139210816777042,0.8097704558536287,0.611336032388664,0.19843442346496476,1.3245914079195118,0.2167483881622794,0.24955334458850334,0.13145468549146122,0.6235873166144577
H008_pooling_ablation,3,50,pooled_without_corridor_feature,random_forest,RUB_KGS,2025,9030,1235,247,52,"{""max_depth"": 8, ""max_features"": ""sqrt"", ""min_samples_leaf"": 10}",0.6911838462791078,0.8423779043751235,0.6718715393133998,0.7206477732793523,158,0.6396761133603239,0.6898734177215191,0.8067028268745252,0.6396761133603239,0.16702671351420129,1.2611113812532133,0.2208152877803795,0.23704699306659674,0.06847463060481451,0.6320955321317958
H008_pooling_ablation,3,50,pooled_without_corridor_feature,random_forest,RUB_KZT,2025,9030,1235,247,52,"{""max_depth"": 8, ""max_features"": ""sqrt"", ""min_samples_leaf"": 10}",0.6911838462791078,0.8423779043751235,0.6718715393133998,0.7206477732793523,150,0.6072874493927125,0.6467353951890034,0.744896773338565,0.6072874493927125,0.13760932394585246,1.2265966867641704,0.23106785506157138,0.25133996623449,0.08065613868192201,0.6537663056537248
H008_pooling_ablation,3,50,pooled_without_corridor_feature,random_forest,RUB_TJS,2025,9030,1235,247,52,"{""max_depth"": 8, ""max_features"": ""sqrt"", ""min_samples_leaf"": 10}",0.6911838462791078,0.8423779043751235,0.6718715393133998,0.7206477732793523,165,0.6680161943319838,0.6649667405764966,0.7984157223674041,0.6680161943319838,0.13039952803542032,1.1952041419681747,0.22928840217899604,0.22454064154469008,-0.02114432648648612,0.6500936969163786
H008_pooling_ablation,3,50,pooled_without_corridor_feature,random_forest,RUB_UZS,2025,9030,1235,247,52,"{""max_depth"": 8, ""max_features"": ""sqrt"", ""min_samples_leaf"": 10}",0.6911838462791078,0.8423779043751235,0.6718715393133998,0.7206477732793523,140,0.5668016194331984,0.6335113484646194,0.7141182270762527,0.5668016194331984,0.14731660764305432,1.2599085863416744,0.23474888842248237,0.2692061826943566,0.12799592463667642,0.6613835378850917
H008_pooling_ablation,3,50,pooled_without_corridor_feature,random_forest,RUB_AMD,2026,10275,1225,160,52,"{""max_depth"": 4, ""max_features"": ""sqrt"", ""min_samples_leaf"": 10}",0.6940126825367325,0.7851568311206849,0.6776642335766423,0.6155102040816327,109,0.68125,0.6080230257240512,0.7729271116562344,0.68125,0.09167711165623438,1.1345719070183258,0.24168820458892118,0.22147015826738858,-0.09129016062345818,0.6760239910078584
H008_pooling_ablation,3,50,pooled_without_corridor_feature,random_forest,RUB_KGS,2026,10275,1225,160,52,"{""max_depth"": 4, ""max_features"": ""sqrt"", ""min_samples_leaf"": 10}",0.6940126825367325,0.7851568311206849,0.6776642335766423,0.6155102040816327,105,0.65625,0.638095238095238,0.7854149342601167,0.65625,0.12916493426011666,1.1968227569677967,0.23732471838136998,0.22724566847147024,-0.04435310022714534,0.6671376315925204
H008_pooling_ablation,3,50,pooled_without_corridor_feature,random_forest,RUB_KZT,2026,10275,1225,160,52,"{""max_depth"": 4, ""max_features"": ""sqrt"", ""min_samples_leaf"": 10}",0.6940126825367325,0.7851568311206849,0.6776642335766423,0.6155102040816327,109,0.68125,0.5598129159920849,0.7404375649828518,0.68125,0.059187564982851826,1.0868808293326266,0.26280626782623184,0.22147015826738858,-0.18664415053578787,0.7194942134823425
H008_pooling_ablation,3,50,pooled_without_corridor_feature,random_forest,RUB_TJS,2026,10275,1225,159,52,"{""max_depth"": 4, ""max_features"": ""sqrt"", ""min_samples_leaf"": 10}",0.6940126825367325,0.7851568311206849,0.6776642335766423,0.6155102040816327,105,0.660377358490566,0.5975308641975309,0.7691138116337619,0.660377358490566,0.10873645314319591,1.1646580576168395,0.24250088857992894,0.2262921644283436,-0.07162742109313247,0.6776865879897754
H008_pooling_ablation,3,50,pooled_without_corridor_feature,random_forest,RUB_UZS,2026,10275,1225,158,52,"{""max_depth"": 4, ""max_features"": ""sqrt"", ""min_samples_leaf"": 10}",0.6940126825367325,0.7851568311206849,0.6776642335766423,0.6155102040816327,101,0.6392405063291139,0.6251519888830989,0.7481458051120782,0.6392405063291139,0.10890529878296429,1.1703667050268154,0.2408842033838643,0.23117520864196892,-0.04199842534556608,0.6744523820825274
H008_pooling_ablation,3,50,pooled,logistic,RUB_AMD,2022,5318,1223,247,57,"{""C"": 0.01, ""class_weight"": ""none""}",0.6586752878094937,0.8140852410476984,0.6820233170364799,0.6950122649223222,141,0.5708502024291497,0.6373611668673892,0.7031652797992354,0.5708502024291497,0.13231507737008563,1.2317859865986607,0.27381937259924544,0.2603964665783069,-0.051547957609870076,0.8322868648261925
H008_pooling_ablation,3,50,pooled,logistic,RUB_KGS,2022,5318,1223,247,57,"{""C"": 0.01, ""class_weight"": ""none""}",0.6586752878094937,0.8140852410476984,0.6820233170364799,0.6950122649223222,137,0.5546558704453441,0.6546781685467817,0.6850206935492116,0.5546558704453441,0.13036482310386743,1.2350373088077027,0.2571792977382037,0.2667126532964388,0.035743919309441985,0.7805609077209076
H008_pooling_ablation,3,50,pooled,logistic,RUB_KZT,2022,5318,1223,247,57,"{""C"": 0.01, ""class_weight"": ""none""}",0.6586752878094937,0.8140852410476984,0.6820233170364799,0.6950122649223222,126,0.5101214574898786,0.6925751016660107,0.7151912115147857,0.5101214574898786,0.20506975402490712,1.4020018193980321,0.23386654647455032,0.2840821667713015,0.17676442300996997,0.6915055381801766
H008_pooling_ablation,3,50,pooled,logistic,RUB_TJS,2022,5318,1223,246,57,"{""C"": 0.01, ""class_weight"": ""none""}",0.6586752878094937,0.8140852410476984,0.6820233170364799,0.6950122649223222,142,0.5772357723577236,0.6396939328277356,0.7016439923594691,0.5772357723577236,0.12440822000174545,1.2155240994396435,0.27193207082557924,0.25790593766912484,-0.0543846849096159,0.8302781745222417
H008_pooling_ablation,3,50,pooled,logistic,RUB_UZS,2022,5318,1223,247,57,"{""C"": 0.01, ""class_weight"": ""none""}",0.6586752878094937,0.8140852410476984,0.6820233170364799,0.6950122649223222,133,0.5384615384615384,0.6454953172404695,0.6798143217434969,0.5384615384615384,0.14135278328195844,1.2625123118093513,0.26375117787120833,0.2730288400145707,0.033980520676377024,0.8232433487655861
H008_pooling_ablation,3,50,pooled,logistic,RUB_AMD,2023,6556,1219,247,57,"{""C"": 10.0, ""class_weight"": ""none""}",0.6482890044374269,0.6907547475615411,0.6851738865161684,0.5529122231337161,181,0.7327935222672065,0.5465427758245438,0.7736600294146339,0.7327935222672065,0.040866507147427344,1.0557681064387545,0.2649738491565815,0.22816445776837996,-0.1613283319769656,0.7292943332897871
H008_pooling_ablation,3,50,pooled,logistic,RUB_KGS,2023,6556,1219,247,57,"{""C"": 10.0, ""class_weight"": ""none""}",0.6482890044374269,0.6907547475615411,0.6851738865161684,0.5529122231337161,185,0.7489878542510121,0.546817785527463,0.7978245010383018,0.7489878542510121,0.04883664678728972,1.065203523007895,0.24805507262639387,0.22645070155352273,-0.09540430179574799,0.6901970996690566
H008_pooling_ablation,3,50,pooled,logistic,RUB_KZT,2023,6556,1219,247,57,"{""C"": 10.0, ""class_weight"": ""none""}",0.6482890044374269,0.6907547475615411,0.6851738865161684,0.5529122231337161,155,0.6275303643724697,0.5826788218793829,0.7150614530444317,0.6275303643724697,0.08753108867196202,1.1394850251740298,0.2553967068474838,0.23930387316495177,-0.06724852995354258,0.7095749129623742
H008_pooling_ablation,3,50,pooled,logistic,RUB_TJS,2023,6556,1219,247,57,"{""C"": 10.0, ""class_weight"": ""none""}",0.6482890044374269,0.6907547475615411,0.6851738865161684,0.5529122231337161,184,0.7449392712550608,0.5607315389924086,0.7962668920774185,0.7449392712550608,0.051327620822357756,1.0689017518647954,0.24215743242942225,0.22687914060723705,-0.06734110408428551,0.6771948598739315
H008_pooling_ablation,3,50,pooled,logistic,RUB_UZS,2023,6556,1219,247,57,"{""C"": 10.0, ""class_weight"": ""none""}",0.6482890044374269,0.6907547475615411,0.6851738865161684,0.5529122231337161,182,0.7368421052631579,0.5719357565511412,0.7992967602654469,0.7368421052631579,0.06245465500228908,1.084759888931678,0.24017554666153665,0.22773601871466564,-0.05462257580983132,0.6727037067416028
H008_pooling_ablation,3,50,pooled,logistic,RUB_AMD,2024,7790,1225,248,57,"{""C"": 0.01, ""class_weight"": ""balanced""}",0.5881562970197715,0.7893362373687389,0.6650834403080873,0.7191836734693877,186,0.75,0.6073534512660423,0.8002595516162114,0.75,0.05025955161621143,1.067012735488282,0.25697566416105383,0.18844964598084135,-0.3636303895587001,0.7091033479061148
H008_pooling_ablation,3,50,pooled,logistic,RUB_KGS,2024,7790,1225,248,57,"{""C"": 0.01, ""class_weight"": ""balanced""}",0.5881562970197715,0.7893362373687389,0.6650834403080873,0.7191836734693877,182,0.7338709677419355,0.6477688977688978,0.8166978832934346,0.7338709677419355,0.08282691555149913,1.1128630497624823,0.24363549730697137,0.195520087060499,-0.24608934544707006,0.6804528116409962
H008_pooling_ablation,3,50,pooled,logistic,RUB_KZT,2024,7790,1225,248,57,"{""C"": 0.01, ""class_weight"": ""balanced""}",0.5881562970197715,0.7893362373687389,0.6650834403080873,0.7191836734693877,167,0.6733870967741935,0.6685887484290677,0.7669069634792595,0.6733870967741935,0.09351986670506596,1.1388798020530322,0.22751015042967235,0.22203424110921527,-0.024662454282281532,0.6477269927740957
H008_pooling_ablation,3,50,pooled,logistic,RUB_TJS,2024,7790,1225,248,57,"{""C"": 0.01, ""class_weight"": ""balanced""}",0.5881562970197715,0.7893362373687389,0.6650834403080873,0.7191836734693877,185,0.7459677419354839,0.6561990561990562,0.8259634097512285,0.7459677419354839,0.07999566781574463,1.1072374357746197,0.24401225039826266,0.19021725625075575,-0.2828081700252849,0.6813472328871103
H008_pooling_ablation,3,50,pooled,logistic,RUB_UZS,2024,7790,1225,248,57,"{""C"": 0.01, ""class_weight"": ""balanced""}",0.5881562970197715,0.7893362373687389,0.6650834403080873,0.7191836734693877,175,0.7056451612903226,0.6716242661448141,0.8115191834409323,0.7056451612903226,0.1058740221506097,1.1500386142477212,0.2405521273129595,0.20789335894989994,-0.1570938510398976,0.6738942085704944
H008_pooling_ablation,3,50,pooled,logistic,RUB_AMD,2025,9030,1235,247,57,"{""C"": 10.0, ""class_weight"": ""none""}",0.6588242957173099,0.803417657633241,0.6718715393133998,0.7206477732793523,151,0.611336032388664,0.7348923841059603,0.811230929214229,0.611336032388664,0.19989489682556505,1.3269803941451297,0.21057665447133928,0.24955334458850334,0.15618580540939653,0.6062159316312302
H008_pooling_ablation,3,50,pooled,logistic,RUB_KGS,2025,9030,1235,247,57,"{""C"": 10.0, ""class_weight"": ""none""}",0.6588242957173099,0.803417657633241,0.6718715393133998,0.7206477732793523,158,0.6396761133603239,0.7184611008391409,0.7932863226926197,0.6396761133603239,0.15361020933229574,1.2401374791460573,0.2066210576100026,0.23704699306659674,0.12835402408182495,0.6004233310776482
H008_pooling_ablation,3,50,pooled,logistic,RUB_KZT,2025,9030,1235,247,57,"{""C"": 10.0, ""class_weight"": ""none""}",0.6588242957173099,0.803417657633241,0.6718715393133998,0.7206477732793523,150,0.6072874493927125,0.6219931271477664,0.718439006105108,0.6072874493927125,0.11115155671239552,1.1830295633864112,0.23735899640102884,0.25133996623449,0.0556257329183274,0.6720414658754544
H008_pooling_ablation,3,50,pooled,logistic,RUB_TJS,2025,9030,1235,247,57,"{""C"": 10.0, ""class_weight"": ""none""}",0.6588242957173099,0.803417657633241,0.6718715393133998,0.7206477732793523,165,0.6680161943319838,0.7226903178122689,0.838981168123641,0.6680161943319838,0.1709649737916572,1.2559293850093294,0.19756397427759784,0.22454064154469008,0.12014157918811819,0.5762477220982312
H008_pooling_ablation,3,50,pooled,logistic,RUB_UZS,2025,9030,1235,247,57,"{""C"": 10.0, ""class_weight"": ""none""}",0.6588242957173099,0.803417657633241,0.6718715393133998,0.7206477732793523,140,0.5668016194331984,0.6328437917222964,0.7043968424383609,0.5668016194331984,0.13759522300516247,1.2427572863019651,0.25105709393209547,0.2692061826943566,0.06741705773847961,0.7015649219411717
H008_pooling_ablation,3,50,pooled,logistic,RUB_AMD,2026,10275,1225,160,57,"{""C"": 0.1, ""class_weight"": ""balanced""}",0.6869801258116655,0.7699324806816676,0.6776642335766423,0.6155102040816327,109,0.68125,0.5988487137974456,0.7500418590269552,0.68125,0.06879185902695517,1.1009788756358976,0.252859151192468,0.22147015826738858,-0.14173012369089655,0.7029393730253444
H008_pooling_ablation,3,50,pooled,logistic,RUB_KGS,2026,10275,1225,160,57,"{""C"": 0.1, ""class_weight"": ""balanced""}",0.6869801258116655,0.7699324806816676,0.6776642335766423,0.6155102040816327,105,0.65625,0.6176623376623376,0.743664510595379,0.65625,0.08741451059537897,1.133203063764387,0.24794979316361018,0.22724566847147024,-0.09110899596636002,0.6925221093917131
H008_pooling_ablation,3,50,pooled,logistic,RUB_KZT,2026,10275,1225,160,57,"{""C"": 0.1, ""class_weight"": ""balanced""}",0.6869801258116655,0.7699324806816676,0.6776642335766423,0.6155102040816327,109,0.68125,0.5378665227558914,0.7209915067906152,0.68125,0.039741506790615166,1.0583361567568663,0.26051146708835515,0.22147015826738858,-0.17628248034134986,0.7197594046704282
H008_pooling_ablation,3,50,pooled,logistic,RUB_TJS,2026,10275,1225,159,57,"{""C"": 0.1, ""class_weight"": ""balanced""}",0.6869801258116655,0.7699324806816676,0.6776642335766423,0.6155102040816327,105,0.660377358490566,0.6215167548500883,0.7556043719780912,0.660377358490566,0.09522701348752516,1.1442009061382523,0.2466805211549323,0.2262921644283436,-0.09009749311512172,0.6905913714091473
H008_pooling_ablation,3,50,pooled,logistic,RUB_UZS,2026,10275,1225,158,57,"{""C"": 0.1, ""class_weight"": ""balanced""}",0.6869801258116655,0.7699324806816676,0.6776642335766423,0.6155102040816327,101,0.6392405063291139,0.5725204099357305,0.6934247643001854,0.6392405063291139,0.054184257971071514,1.0847634926676168,0.25764370665822556,0.23117520864196892,-0.11449540014149862,0.7137186239615912
H008_pooling_ablation,3,50,pooled,random_forest,RUB_AMD,2022,5318,1223,247,57,"{""max_depth"": 4, ""max_features"": ""sqrt"", ""min_samples_leaf"": 10}",0.6424727960889449,0.7962450997256659,0.6820233170364799,0.6950122649223222,141,0.5708502024291497,0.6191623176769704,0.7090351264088113,0.5708502024291497,0.13818492397966153,1.242068625694868,0.26199537797594413,0.2603964665783069,-0.006140296059495176,0.722248583936168
H008_pooling_ablation,3,50,pooled,random_forest,RUB_KGS,2022,5318,1223,247,57,"{""max_depth"": 4, ""max_features"": ""sqrt"", ""min_samples_leaf"": 10}",0.6424727960889449,0.7962450997256659,0.6820233170364799,0.6950122649223222,137,0.5546558704453441,0.6416058394160583,0.7064079342817216,0.5546558704453441,0.1517520638363774,1.2735967866247095,0.25213770641860395,0.2667126532964388,0.05464662698861711,0.7004466969898189
H008_pooling_ablation,3,50,pooled,random_forest,RUB_KZT,2022,5318,1223,247,57,"{""max_depth"": 4, ""max_features"": ""sqrt"", ""min_samples_leaf"": 10}",0.6424727960889449,0.7962450997256659,0.6820233170364799,0.6950122649223222,126,0.5101214574898786,0.6269185360094451,0.6657872876948823,0.5101214574898786,0.15566583020500369,1.3051544449256818,0.24868730040506612,0.2840821667713015,0.12459376372868125,0.6932454352983224
H008_pooling_ablation,3,50,pooled,random_forest,RUB_TJS,2022,5318,1223,246,57,"{""max_depth"": 4, ""max_features"": ""sqrt"", ""min_samples_leaf"": 10}",0.6424727960889449,0.7962450997256659,0.6820233170364799,0.6950122649223222,142,0.5772357723577236,0.6230362946912242,0.7076911365380922,0.5772357723577236,0.13045536418036863,1.2260001379462724,0.26123358793016,0.25790593766912484,-0.012902573283536833,0.7212201321902992
H008_pooling_ablation,3,50,pooled,random_forest,RUB_UZS,2022,5318,1223,247,57,"{""max_depth"": 4, ""max_features"": ""sqrt"", ""min_samples_leaf"": 10}",0.6424727960889449,0.7962450997256659,0.6820233170364799,0.6950122649223222,133,0.5384615384615384,0.6295343622213428,0.7013402246792895,0.5384615384615384,0.16287868621775103,1.302488988690109,0.2532140757914232,0.2730288400145707,0.0725738871471967,0.7047290577403272
H008_pooling_ablation,3,50,pooled,random_forest,RUB_AMD,2023,6556,1219,247,57,"{""max_depth"": 4, ""max_features"": ""sqrt"", ""min_samples_leaf"": 10}",0.6036397789453625,0.6698217047755123,0.6851738865161684,0.5529122231337161,181,0.7327935222672065,0.5685585133098945,0.7897419989577286,0.7327935222672065,0.056948476690522054,1.077714219572149,0.28793094345562137,0.22816445776837996,-0.26194476682215373,0.7762643246463675
H008_pooling_ablation,3,50,pooled,random_forest,RUB_KGS,2023,6556,1219,247,57,"{""max_depth"": 4, ""max_features"": ""sqrt"", ""min_samples_leaf"": 10}",0.6036397789453625,0.6698217047755123,0.6851738865161684,0.5529122231337161,185,0.7489878542510121,0.5905841325196164,0.8171073311185073,0.7489878542510121,0.0681194768674952,1.0909487069528179,0.28324704800440287,0.22645070155352273,-0.25081108630372717,0.7663353435184258
H008_pooling_ablation,3,50,pooled,random_forest,RUB_KZT,2023,6556,1219,247,57,"{""max_depth"": 4, ""max_features"": ""sqrt"", ""min_samples_leaf"": 10}",0.6036397789453625,0.6698217047755123,0.6851738865161684,0.5529122231337161,155,0.6275303643724697,0.576507713884993,0.7122923203143083,0.6275303643724697,0.08476195594183866,1.135072278178285,0.2779281425252975,0.23930387316495177,-0.16140260853079513,0.757067499072181
H008_pooling_ablation,3,50,pooled,random_forest,RUB_TJS,2023,6556,1219,247,57,"{""max_depth"": 4, ""max_features"": ""sqrt"", ""min_samples_leaf"": 10}",0.6036397789453625,0.6698217047755123,0.6851738865161684,0.5529122231337161,184,0.7449392712550608,0.5917874396135266,0.8159415210182203,0.7449392712550608,0.0710022497631595,1.0953128026711978,0.2809514677814939,0.22687914060723705,-0.23833097670210424,0.761370315141511
H008_pooling_ablation,3,50,pooled,random_forest,RUB_UZS,2023,6556,1219,247,57,"{""max_depth"": 4, ""max_features"": ""sqrt"", ""min_samples_leaf"": 10}",0.6036397789453625,0.6698217047755123,0.6851738865161684,0.5529122231337161,182,0.7368421052631579,0.6289940828402366,0.8244180507161426,0.7368421052631579,0.08757594545298475,1.1188530688290508,0.27355794137302164,0.22773601871466564,-0.20120630419805074,0.7445755871085865
H008_pooling_ablation,3,50,pooled,random_forest,RUB_AMD,2024,7790,1225,248,57,"{""max_depth"": 4, ""max_features"": ""sqrt"", ""min_samples_leaf"": 10}",0.6267488055328247,0.8196951222131136,0.6650834403080873,0.7191836734693877,186,0.75,0.6096947624002775,0.8055807616717072,0.75,0.055580761671707224,1.074107682228943,0.23360185598455968,0.18844964598084135,-0.23959827448181414,0.6596329047294063
H008_pooling_ablation,3,50,pooled,random_forest,RUB_KGS,2024,7790,1225,248,57,"{""max_depth"": 4, ""max_features"": ""sqrt"", ""min_samples_leaf"": 10}",0.6267488055328247,0.8196951222131136,0.6650834403080873,0.7191836734693877,182,0.7338709677419355,0.6569264069264069,0.8244485637200798,0.7338709677419355,0.0905775959781443,1.1234244164976912,0.2279048746970776,0.195520087060499,-0.1656340692327838,0.6480783777747862
H008_pooling_ablation,3,50,pooled,random_forest,RUB_KZT,2024,7790,1225,248,57,"{""max_depth"": 4, ""max_features"": ""sqrt"", ""min_samples_leaf"": 10}",0.6267488055328247,0.8196951222131136,0.6650834403080873,0.7191836734693877,167,0.6733870967741935,0.6703629777482074,0.7725191078368875,0.6733870967741935,0.09913201106269398,1.147214004452384,0.23059776366677645,0.22203424110921527,-0.0385684771627135,0.653879749136304
H008_pooling_ablation,3,50,pooled,random_forest,RUB_TJS,2024,7790,1225,248,57,"{""max_depth"": 4, ""max_features"": ""sqrt"", ""min_samples_leaf"": 10}",0.6267488055328247,0.8196951222131136,0.6650834403080873,0.7191836734693877,185,0.7459677419354839,0.6547404547404547,0.8293899704139959,0.7459677419354839,0.083422228478512,1.111830879257681,0.22815751168781048,0.19021725625075575,-0.19945748448310918,0.6484737492038658
H008_pooling_ablation,3,50,pooled,random_forest,RUB_UZS,2024,7790,1225,248,57,"{""max_depth"": 4, ""max_features"": ""sqrt"", ""min_samples_leaf"": 10}",0.6267488055328247,0.8196951222131136,0.6650834403080873,0.7191836734693877,175,0.7056451612903226,0.674990215264188,0.8225699023969273,0.7056451612903226,0.11692474110660467,1.1656990616825027,0.22419524548844855,0.20789335894989994,-0.07841465749984433,0.640294838443114
H008_pooling_ablation,3,50,pooled,random_forest,RUB_AMD,2025,9030,1235,247,57,"{""max_depth"": 8, ""max_features"": ""sqrt"", ""min_samples_leaf"": 10}",0.684149161374369,0.8422872753258294,0.6718715393133998,0.7206477732793523,151,0.611336032388664,0.7093681015452539,0.808647126431923,0.611336032388664,0.19731109404325908,1.3227539087992384,0.2170991967222838,0.24955334458850334,0.1300489397156116,0.6242859606134968
H008_pooling_ablation,3,50,pooled,random_forest,RUB_KGS,2025,9030,1235,247,57,"{""max_depth"": 8, ""max_features"": ""sqrt"", ""min_samples_leaf"": 10}",0.684149161374369,0.8422872753258294,0.6718715393133998,0.7206477732793523,158,0.6396761133603239,0.6874555539752525,0.8054767135418772,0.6396761133603239,0.1658006001815533,1.25919460914458,0.22061567475737365,0.23704699306659674,0.06931671267648953,0.6315335227040002
H008_pooling_ablation,3,50,pooled,random_forest,RUB_KZT,2025,9030,1235,247,57,"{""max_depth"": 8, ""max_features"": ""sqrt"", ""min_samples_leaf"": 10}",0.684149161374369,0.8422872753258294,0.6718715393133998,0.7206477732793523,150,0.6072874493927125,0.6461168384879725,0.7483420482766012,0.6072874493927125,0.14105459888388872,1.2322699061621367,0.23075520925939727,0.25133996623449,0.08190005466893391,0.653102496717619
H008_pooling_ablation,3,50,pooled,random_forest,RUB_TJS,2025,9030,1235,247,57,"{""max_depth"": 8, ""max_features"": ""sqrt"", ""min_samples_leaf"": 10}",0.684149161374369,0.8422872753258294,0.6718715393133998,0.7206477732793523,165,0.6680161943319838,0.6703621581670364,0.8077387217993055,0.6680161943319838,0.13972252746732172,1.2091603896025969,0.22726949220418194,0.22454064154469008,-0.012153036709609433,0.6458124943042384
H008_pooling_ablation,3,50,pooled,random_forest,RUB_UZS,2025,9030,1235,247,57,"{""max_depth"": 8, ""max_features"": ""sqrt"", ""min_samples_leaf"": 10}",0.684149161374369,0.8422872753258294,0.6718715393133998,0.7206477732793523,140,0.5668016194331984,0.6347129506008011,0.716120840703274,0.5668016194331984,0.14931922127007557,1.2634417689550619,0.23475330479835163,0.2692061826943566,0.12797951945673203,0.6613845149654393
H008_pooling_ablation,3,50,pooled,random_forest,RUB_AMD,2026,10275,1225,160,57,"{""max_depth"": 4, ""max_features"": ""sqrt"", ""min_samples_leaf"": 10}",0.6936508472858132,0.7844573536088466,0.6776642335766423,0.6155102040816327,109,0.68125,0.6103615758229898,0.7789160544613477,0.68125,0.09766605446134768,1.1433630157230792,0.24210754700670015,0.22147015826738858,-0.09318360947932014,0.6768933171382517
H008_pooling_ablation,3,50,pooled,random_forest,RUB_KGS,2026,10275,1225,160,57,"{""max_depth"": 4, ""max_features"": ""sqrt"", ""min_samples_leaf"": 10}",0.6936508472858132,0.7844573536088466,0.6776642335766423,0.6155102040816327,105,0.65625,0.635151515151515,0.7885131949311472,0.65625,0.13226319493114724,1.2015439160855577,0.23853629760826028,0.22724566847147024,-0.04968468359698375,0.6696451360327327
H008_pooling_ablation,3,50,pooled,random_forest,RUB_KZT,2026,10275,1225,160,57,"{""max_depth"": 4, ""max_features"": ""sqrt"", ""min_samples_leaf"": 10}",0.6936508472858132,0.7844573536088466,0.6776642335766423,0.6155102040816327,109,0.68125,0.5562151466091023,0.740667170668222,0.68125,0.05941717066822194,1.0872178652010598,0.26287677236756124,0.22147015826738858,-0.1869624983524012,0.719516971669775
H008_pooling_ablation,3,50,pooled,random_forest,RUB_TJS,2026,10275,1225,159,57,"{""max_depth"": 4, ""max_features"": ""sqrt"", ""min_samples_leaf"": 10}",0.6936508472858132,0.7844573536088466,0.6776642335766423,0.6155102040816327,105,0.660377358490566,0.5906525573192241,0.7705680017482173,0.660377358490566,0.11019064325765127,1.1668601169330148,0.24365696252613359,0.2262921644283436,-0.07673618811175675,0.6801145200252059
H008_pooling_ablation,3,50,pooled,random_forest,RUB_UZS,2026,10275,1225,158,57,"{""max_depth"": 4, ""max_features"": ""sqrt"", ""min_samples_leaf"": 10}",0.6936508472858132,0.7844573536088466,0.6776642335766423,0.6155102040816327,101,0.6392405063291139,0.6230675699148863,0.7564555838320035,0.6392405063291139,0.11721507750288962,1.1833661608461046,0.24147757551144208,0.23117520864196892,-0.044565189018295204,0.6756651027824324
