hypothesis_id,horizon_days,epsilon_bps,strategy,model,corridor,test_year,threshold,evaluation_weeks,candidates,signals,signals_per_week,suppressed_by_cooldown,signal_active,signal_hits,false_pushes,signal_hit_rate,hit_rate_ci_low,hit_rate_ci_high,false_push_rate,random_hit_rate,random_hit_rate_ci_low,random_hit_rate_ci_high,lift,moment_advantage_bps_mean,future_regret_bps_mean,client_advantage_rub_mean,client_regret_rub_mean
H008_pooling_ablation,3,50,per_corridor,logistic,RUB_TJS,2022,0.7846587564404102,50.57142857142857,0,0,0.0,0,False,0,0,,,,,,,,,,,,
H008_pooling_ablation,3,50,per_corridor,logistic,RUB_UZS,2022,0.8178903403970077,50.57142857142857,0,0,0.0,0,False,0,0,,,,,,,,,,,,
H008_pooling_ablation,3,50,per_corridor,logistic,RUB_KGS,2022,0.8206567289838606,50.57142857142857,0,0,0.0,0,False,0,0,,,,,,,,,,,,
H008_pooling_ablation,3,50,per_corridor,logistic,RUB_AMD,2022,0.7977091757487391,50.57142857142857,2,2,0.03954802259887006,0,True,2,0,1.0,0.3423719528896193,1.0,0.0,0.536,0.0,1.0,1.8656716417910446,156.21847669329998,23.83567035045,1562.1847669329998,238.3567035045
H008_pooling_ablation,3,50,per_corridor,logistic,RUB_KZT,2022,0.8252838263410619,50.57142857142857,4,3,0.059322033898305086,1,True,2,1,0.6666666666666666,0.20765495512648788,0.9385096847238393,0.33333333333333337,0.5026666666666666,0.0,1.0,1.3262599469496021,255.86614652326668,43.593797302300004,2558.661465232667,435.9379730230001
H008_pooling_ablation,3,50,per_corridor,logistic,RUB_TJS,2023,0.6208882770890789,50.57142857142857,127,47,0.9293785310734464,80,True,27,20,0.574468085106383,0.43281668771211546,0.7048658399817417,0.42553191489361697,0.734936170212766,0.6170212765957447,0.8297872340425532,0.7816571130797291,-14.44909623186383,72.57313668575745,-144.49096231863828,725.7313668575745
H008_pooling_ablation,3,50,per_corridor,logistic,RUB_UZS,2023,0.7571008621529668,50.57142857142857,63,36,0.711864406779661,27,True,30,6,0.8333333333333334,0.6810888526532568,0.921296593714359,0.16666666666666663,0.7336111111111111,0.6111111111111112,0.8611111111111112,1.135933358576297,22.454652970552775,21.11250259968334,224.54652970552775,211.1250259968334
H008_pooling_ablation,3,50,per_corridor,logistic,RUB_KGS,2023,0.514300851741493,50.57142857142857,63,35,0.692090395480226,28,True,30,5,0.8571428571428571,0.7062411969132573,0.9373986119514649,0.1428571428571429,0.7407428571428573,0.6,0.8571428571428571,1.1571395510298539,29.046746374648567,20.92198535784,290.4674637464857,209.2198535784
H008_pooling_ablation,3,50,per_corridor,logistic,RUB_AMD,2023,0.554099862890413,50.57142857142857,115,39,0.7711864406779662,76,True,23,16,0.5897435897435898,0.43418348473344903,0.7292091056459953,0.41025641025641024,0.7252820512820513,0.6153846153846154,0.8339743589743583,0.8131230997666691,1.1098724268076914,75.34975528604616,11.098724268076914,753.4975528604616
H008_pooling_ablation,3,50,per_corridor,logistic,RUB_KZT,2023,0.5948536446504924,50.57142857142857,43,21,0.4152542372881356,22,True,17,4,0.8095238095238095,0.599990134607267,0.923325593848227,0.19047619047619047,0.6222857142857142,0.42857142857142855,0.8095238095238095,1.3008876645240284,44.239121258857146,39.297270923928565,442.3912125885715,392.9727092392857
H008_pooling_ablation,3,50,per_corridor,logistic,RUB_TJS,2024,0.7841834193741174,50.57142857142857,40,27,0.5338983050847458,13,True,25,2,0.9259259259259259,0.7663002270926939,0.9794457783026164,0.07407407407407407,0.747851851851852,0.5925925925925926,0.8888888888888888,1.2381141045958792,21.750152166414818,7.110439664377777,217.50152166414819,71.10439664377778
H008_pooling_ablation,3,50,per_corridor,logistic,RUB_UZS,2024,0.5973901613839219,50.57142857142857,85,46,0.9096045197740114,39,True,39,7,0.8478260869565217,0.7177558259368491,0.9242781376598251,0.15217391304347827,0.6993478260869567,0.5869565217391305,0.8043478260869565,1.2123096052222564,6.543753800250001,18.550140642567392,65.4375380025,185.5014064256739
H008_pooling_ablation,3,50,per_corridor,logistic,RUB_KGS,2024,0.5982673213408622,50.57142857142857,58,37,0.731638418079096,21,True,36,1,0.972972972972973,0.8617562156243666,0.9952131489450925,0.027027027027026973,0.737027027027027,0.6216216216216216,0.8520270270270265,1.3201320132013201,18.084436725364863,7.907243217843243,180.84436725364864,79.07243217843244
H008_pooling_ablation,3,50,per_corridor,logistic,RUB_AMD,2024,0.7534815508215778,50.57142857142857,58,38,0.7514124293785311,20,True,35,3,0.9210526315789473,0.792003210797347,0.9727858986057349,0.07894736842105265,0.7443157894736842,0.631578947368421,0.8559210526315784,1.2374487342667233,8.572195740123684,8.550345130192106,85.72195740123684,85.50345130192106
H008_pooling_ablation,3,50,per_corridor,logistic,RUB_KZT,2024,0.6504448198998836,50.57142857142857,37,26,0.5141242937853108,11,True,23,3,0.8846153846153846,0.7102370691310167,0.9599682817885051,0.11538461538461542,0.665923076923077,0.5,0.8076923076923077,1.3284047591544415,10.152361910984617,12.729970707015385,101.52361910984617,127.29970707015386
H008_pooling_ablation,3,50,per_corridor,logistic,RUB_TJS,2025,0.7403630558185933,50.714285714285715,77,47,0.9267605633802817,30,True,39,8,0.8297872340425532,0.6985994892711488,0.9111374190873607,0.17021276595744683,0.6779574468085107,0.574468085106383,0.7872340425531915,1.2239517951292995,21.17183275808723,28.54674896407447,211.7183275808723,285.4674896407447
H008_pooling_ablation,3,50,per_corridor,logistic,RUB_UZS,2025,0.6593889424240746,50.714285714285715,58,36,0.7098591549295774,22,True,28,8,0.7777777777777778,0.6191498017214091,0.882838070251604,0.2222222222222222,0.5687777777777778,0.4444444444444444,0.7222222222222222,1.3674545809728462,9.903373210700003,29.68820187245278,99.03373210700003,296.8820187245278
H008_pooling_ablation,3,50,per_corridor,logistic,RUB_KGS,2025,0.5897054715536693,50.714285714285715,73,44,0.8676056338028169,29,True,35,9,0.7954545454545454,0.6549913631816676,0.888468721765324,0.20454545454545459,0.6462727272727272,0.5454545454545454,0.7727272727272727,1.230834153889436,23.641606363311368,33.197938611068174,236.41606363311368,331.9793861106818
H008_pooling_ablation,3,50,per_corridor,logistic,RUB_AMD,2025,0.7601982507942086,50.714285714285715,67,42,0.828169014084507,25,True,33,9,0.7857142857142857,0.6405986210195627,0.8829433146894876,0.2142857142857143,0.6185714285714285,0.5,0.7380952380952381,1.2702078521939955,22.5141064387,33.29232300207857,225.14106438700003,332.92323002078564
H008_pooling_ablation,3,50,per_corridor,logistic,RUB_KZT,2025,0.7574175294359045,50.714285714285715,80,47,0.9267605633802817,33,True,37,10,0.7872340425531915,0.6509569794902074,0.8801041987575269,0.21276595744680848,0.6148085106382978,0.49946808510638296,0.723404255319149,1.2804540420819492,20.694328406334044,35.0982966145,206.94328406334046,350.982966145
H008_pooling_ablation,3,50,per_corridor,logistic,RUB_TJS,2026,0.7012631077203899,32.57142857142857,18,15,0.46052631578947373,3,True,13,2,0.8666666666666667,0.6211750079348376,0.9626395301086408,0.1333333333333333,0.6713333333333332,0.4666666666666667,0.8666666666666667,1.290963257199603,2.7823451497066696,15.075242198273331,27.823451497066696,150.75242198273332
H008_pooling_ablation,3,50,per_corridor,logistic,RUB_UZS,2026,0.701335413241029,32.57142857142857,12,11,0.33771929824561403,1,True,9,2,0.8181818181818182,0.5230138624217553,0.9486333993289994,0.18181818181818177,0.643090909090909,0.36363636363636365,0.9090909090909091,1.2722646310432573,-5.031530451836363,21.812751987618185,-50.31530451836363,218.12751987618185
H008_pooling_ablation,3,50,per_corridor,logistic,RUB_KGS,2026,0.5716853348070404,32.57142857142857,48,28,0.8596491228070176,20,True,23,5,0.8214285714285714,0.644082084514089,0.9212161417056989,0.1785714285714286,0.6655,0.5357142857142857,0.7857142857142857,1.2343028871954491,-5.856680264742857,27.52878026115357,-58.56680264742857,275.2878026115357
H008_pooling_ablation,3,50,per_corridor,logistic,RUB_AMD,2026,0.8028119684967426,32.57142857142857,5,5,0.15350877192982457,0,True,3,2,0.6,0.23071993220883702,0.8823817688407467,0.4,0.6995999999999999,0.2,1.0,0.8576329331046313,-0.30518268034000184,33.9821822615,-3.0518268034000187,339.821822615
H008_pooling_ablation,3,50,per_corridor,logistic,RUB_KZT,2026,0.526060702301437,32.57142857142857,53,28,0.8596491228070176,25,True,20,8,0.7142857142857143,0.529403642629825,0.8474618415167003,0.2857142857142857,0.6866428571428571,0.5357142857142857,0.8401785714285706,1.0402579839800272,-14.994281051160717,55.733444732049996,-149.94281051160718,557.3344473205
H008_pooling_ablation,3,50,per_corridor,random_forest,RUB_TJS,2022,0.5947634308028972,50.57142857142857,5,4,0.07909604519774012,1,True,4,0,1.0,0.5100999795960008,1.0,0.0,0.585,0.25,1.0,1.7094017094017095,29.362019842425003,0.0,293.62019842425,0.0
H008_pooling_ablation,3,50,per_corridor,random_forest,RUB_UZS,2022,0.6857544366988286,50.57142857142857,1,1,0.01977401129943503,0,True,1,0,1.0,0.20654329147389294,1.0,0.0,0.504,0.0,1.0,1.9841269841269842,6.9598868842,0.0,69.598868842,0.0
H008_pooling_ablation,3,50,per_corridor,random_forest,RUB_KGS,2022,0.6199676264367007,50.57142857142857,6,4,0.07909604519774012,2,True,4,0,1.0,0.5100999795960008,1.0,0.0,0.572,0.11875000000000036,1.0,1.7482517482517483,22.2564190995,0.0,222.56419099500002,0.0
H008_pooling_ablation,3,50,per_corridor,random_forest,RUB_AMD,2022,0.5793487692948954,50.57142857142857,10,8,0.15819209039548024,2,True,3,5,0.375,0.13684175946152105,0.6942621454161982,0.625,0.5685,0.25,0.875,0.6596306068601583,78.4138417852875,159.268582228125,784.138417852875,1592.6858222812502
H008_pooling_ablation,3,50,per_corridor,random_forest,RUB_KZT,2022,0.7350502523209964,50.57142857142857,0,0,0.0,0,False,0,0,,,,,,,,,,,,
H008_pooling_ablation,3,50,per_corridor,random_forest,RUB_TJS,2023,0.48560706211353133,50.57142857142857,88,37,0.731638418079096,51,True,29,8,0.7837837837837838,0.6280453872612309,0.8861362314804442,0.21621621621621623,0.7381081081081081,0.6074324324324325,0.8648648648648649,1.0618820944708898,25.619515580205405,38.24687234961351,256.19515580205405,382.4687234961351
H008_pooling_ablation,3,50,per_corridor,random_forest,RUB_UZS,2023,0.5226934707684985,50.57142857142857,73,33,0.652542372881356,40,True,28,5,0.8484848484848485,0.6907978686153953,0.9334964074203904,0.1515151515151515,0.7364242424242425,0.6060606060606061,0.8484848484848485,1.1521685457986997,27.539949684360604,23.568373637215153,275.3994968436061,235.68373637215154
H008_pooling_ablation,3,50,per_corridor,random_forest,RUB_KGS,2023,0.5590417558225361,50.57142857142857,41,22,0.43502824858757067,19,True,19,3,0.8636363636363636,0.6666458812053,0.9525108273576373,0.13636363636363635,0.7378181818181817,0.5670454545454546,0.9090909090909091,1.1705273533760474,26.974526647259086,24.54339334115,269.74526647259086,245.4339334115
H008_pooling_ablation,3,50,per_corridor,random_forest,RUB_AMD,2023,0.49822502089132487,50.57142857142857,54,26,0.5141242937853108,28,True,19,7,0.7307692307692307,0.5391659658023868,0.8629572447493261,0.2692307692307693,0.7360769230769231,0.5769230769230769,0.8846153846153846,0.9927892151739993,29.786225521115384,43.48987782425384,297.86225521115387,434.8987782425384
H008_pooling_ablation,3,50,per_corridor,random_forest,RUB_KZT,2023,0.3540646643789602,50.57142857142857,181,45,0.8898305084745763,136,True,22,23,0.4888888888888889,0.3495678935302451,0.6299577567351026,0.5111111111111111,0.6156444444444444,0.5111111111111111,0.7227777777777773,0.7941091539127924,3.8581995955044466,82.50207822926001,38.58199595504447,825.0207822926001
H008_pooling_ablation,3,50,per_corridor,random_forest,RUB_TJS,2024,0.5449950918550234,50.57142857142857,111,42,0.8305084745762712,69,True,33,9,0.7857142857142857,0.6405986210195627,0.8829433146894876,0.2142857142857143,0.748904761904762,0.6428571428571429,0.8571428571428571,1.0491511413492718,9.48953342645,37.97822251294286,94.89533426450001,379.7822251294285
H008_pooling_ablation,3,50,per_corridor,random_forest,RUB_UZS,2024,0.6134977624132761,50.57142857142857,64,35,0.692090395480226,29,True,32,3,0.9142857142857143,0.7762040092883749,0.9704181689947031,0.08571428571428574,0.7001142857142858,0.5714285714285714,0.8571428571428571,1.305909239307868,9.494024775937143,12.1036642237,94.94024775937143,121.03664223699998
H008_pooling_ablation,3,50,per_corridor,random_forest,RUB_KGS,2024,0.5925721424384773,50.57142857142857,63,35,0.692090395480226,28,True,33,2,0.9428571428571428,0.8139261926062996,0.9841871703859559,0.05714285714285716,0.7346285714285715,0.6,0.8571428571428571,1.2834474175482262,14.607597086365713,9.4784911951,146.07597086365712,94.784911951
H008_pooling_ablation,3,50,per_corridor,random_forest,RUB_AMD,2024,0.5353878501890054,50.57142857142857,116,44,0.8700564971751413,72,True,37,7,0.8409090909090909,0.7063350943621746,0.920734234422816,0.15909090909090906,0.7461363636363635,0.6590909090909091,0.8409090909090909,1.1270179713676518,8.364667431143182,36.138955596104545,83.64667431143182,361.38955596104546
H008_pooling_ablation,3,50,per_corridor,random_forest,RUB_KZT,2024,0.5046979243825237,50.57142857142857,110,43,0.8502824858757062,67,True,33,10,0.7674418604651163,0.6225519170056059,0.8684646153075517,0.2325581395348837,0.6653023255813952,0.5348837209302325,0.7906976744186046,1.1535234899328861,-0.3425862994534864,35.455052049246504,-3.425862994534864,354.55052049246507
H008_pooling_ablation,3,50,per_corridor,random_forest,RUB_TJS,2025,0.6660724204000247,50.714285714285715,28,19,0.37464788732394366,9,True,18,1,0.9473684210526315,0.7536078466345479,0.99064824750947,0.052631578947368474,0.6710526315789472,0.47368421052631576,0.8697368421052619,1.4117647058823533,-1.6555258794947365,20.395975100610528,-16.555258794947363,203.95975100610528
H008_pooling_ablation,3,50,per_corridor,random_forest,RUB_UZS,2025,0.7379029220290348,50.714285714285715,8,8,0.15774647887323942,0,True,8,0,1.0,0.6755843804891231,1.0,0.0,0.5665,0.25,0.875,1.7652250661959399,-2.6735761131249998,6.58911665995,-26.735761131249998,65.89116659950001
H008_pooling_ablation,3,50,per_corridor,random_forest,RUB_KGS,2025,0.6221552384220129,50.714285714285715,65,36,0.7098591549295774,29,True,25,11,0.6944444444444444,0.5314342132091627,0.8199572971719464,0.3055555555555556,0.6496111111111111,0.5,0.8055555555555556,1.0690156503891217,6.837174191855555,49.09557551728055,68.37174191855554,490.9557551728055
H008_pooling_ablation,3,50,per_corridor,random_forest,RUB_AMD,2025,0.6528283708496607,50.714285714285715,17,11,0.21690140845070421,6,True,11,0,1.0,0.7411599827511859,1.0,0.0,0.606,0.36363636363636365,0.8181818181818182,1.6501650165016502,0.25563550904545485,7.007670531872727,2.5563550904545487,70.07670531872728
H008_pooling_ablation,3,50,per_corridor,random_forest,RUB_KZT,2025,0.6441874406846008,50.714285714285715,35,25,0.49295774647887325,10,True,18,7,0.72,0.524230281034417,0.8571632616261843,0.28,0.6052799999999999,0.44,0.8,1.189532117367169,-15.338817445823999,33.967822344528,-153.38817445824,339.67822344528
H008_pooling_ablation,3,50,per_corridor,random_forest,RUB_TJS,2026,0.5886021417990384,32.57142857142857,32,22,0.6754385964912281,10,True,18,4,0.8181818181818182,0.6148297802336214,0.9269323397589488,0.18181818181818177,0.6697272727272727,0.5,0.8181818181818182,1.2216641780914892,-0.1832394781863644,21.83571017019091,-1.832394781863644,218.35710170190913
H008_pooling_ablation,3,50,per_corridor,random_forest,RUB_UZS,2026,0.6453838798996245,32.57142857142857,11,8,0.2456140350877193,3,True,6,2,0.75,0.40926987910258916,0.9285223111419724,0.25,0.64125,0.375,0.875,1.1695906432748537,-22.2195267634875,34.842042429875,-222.195267634875,348.42042429875
H008_pooling_ablation,3,50,per_corridor,random_forest,RUB_KGS,2026,0.655701453004624,32.57142857142857,8,8,0.2456140350877193,0,True,6,2,0.75,0.40926987910258916,0.9285223111419724,0.25,0.6715,0.375,1.0,1.1169024571854058,-6.440122429137499,27.893064146675,-64.401224291375,278.93064146675
H008_pooling_ablation,3,50,per_corridor,random_forest,RUB_AMD,2026,0.6208100845231846,32.57142857142857,18,15,0.46052631578947373,3,True,12,3,0.8,0.5481406466534955,0.9295257935638959,0.19999999999999996,0.6981333333333332,0.4666666666666667,0.8666666666666667,1.1459129106187933,-6.0418483983466675,21.142476364753332,-60.41848398346668,211.4247636475333
H008_pooling_ablation,3,50,per_corridor,random_forest,RUB_KZT,2026,0.5835238570524738,32.57142857142857,22,15,0.46052631578947373,7,True,13,2,0.8666666666666667,0.6211750079348376,0.9626395301086408,0.1333333333333333,0.6921333333333334,0.4666666666666667,0.8666666666666667,1.2521672124831438,-7.597101885373334,27.27165932761333,-75.97101885373334,272.71659327613327
H008_pooling_ablation,3,50,pooled_with_corridor_thresholds,logistic,RUB_AMD,2022,0.8816790144065559,50.57142857142857,0,0,0.0,0,False,0,0,,,,,,,,,,,,
H008_pooling_ablation,3,50,pooled_with_corridor_thresholds,logistic,RUB_KGS,2022,0.8229601572430156,50.57142857142857,0,0,0.0,0,False,0,0,,,,,,,,,,,,
H008_pooling_ablation,3,50,pooled_with_corridor_thresholds,logistic,RUB_KZT,2022,0.9029764751147062,50.57142857142857,0,0,0.0,0,False,0,0,,,,,,,,,,,,
H008_pooling_ablation,3,50,pooled_with_corridor_thresholds,logistic,RUB_TJS,2022,0.8327574124911726,50.57142857142857,2,1,0.01977401129943503,1,True,1,0,1.0,0.20654329147389294,1.0,0.0,0.554,0.0,1.0,1.8050541516245486,491.3666353158,11.8147076842,4913.666353158,118.147076842
H008_pooling_ablation,3,50,pooled_with_corridor_thresholds,logistic,RUB_UZS,2022,0.8123090243940267,50.57142857142857,0,0,0.0,0,False,0,0,,,,,,,,,,,,
H008_pooling_ablation,3,50,pooled_with_corridor_thresholds,logistic,RUB_AMD,2023,0.7675766005291803,50.57142857142857,35,21,0.4152542372881356,14,True,15,6,0.7142857142857143,0.5004322617716241,0.8618632425437179,0.2857142857142857,0.7295238095238094,0.5714285714285714,0.9047619047619048,0.9791122715404702,27.899423172057148,30.295776236438098,278.9942317205715,302.957762364381
H008_pooling_ablation,3,50,pooled_with_corridor_thresholds,logistic,RUB_KGS,2023,0.647967702519756,50.57142857142857,89,41,0.8107344632768362,48,True,29,12,0.7073170731707317,0.5552024292386027,0.8239098236694112,0.29268292682926833,0.740780487804878,0.6341463414634146,0.8292682926829268,0.9548268141709468,4.283465071509756,47.89935703789756,42.83465071509756,478.99357037897556
H008_pooling_ablation,3,50,pooled_with_corridor_thresholds,logistic,RUB_KZT,2023,0.7926377730333318,50.57142857142857,34,20,0.3954802259887006,14,True,18,2,0.9,0.6989617935882066,0.9721341060158467,0.09999999999999998,0.6154,0.4,0.8,1.4624634384140398,23.814752533285002,25.274690777125,238.14752533285002,252.74690777125
H008_pooling_ablation,3,50,pooled_with_corridor_thresholds,logistic,RUB_TJS,2023,0.65492544988615,50.57142857142857,92,41,0.8107344632768362,51,True,31,10,0.7560975609756098,0.6065636934554182,0.8617514424897756,0.24390243902439024,0.7433658536585366,0.6341463414634146,0.8292682926829268,1.0171271080779578,2.0483274417487807,45.52959492806829,20.483274417487806,455.295949280683
H008_pooling_ablation,3,50,pooled_with_corridor_thresholds,logistic,RUB_UZS,2023,0.5668821749909182,50.57142857142857,127,46,0.9096045197740114,81,True,28,18,0.6086956521739131,0.4645658371764493,0.7360697764475115,0.3913043478260869,0.7315217391304347,0.6304347826086957,0.8260869565217391,0.8320950965824667,-5.06194566193913,66.92923164525216,-50.6194566193913,669.2923164525215
H008_pooling_ablation,3,50,pooled_with_corridor_thresholds,logistic,RUB_AMD,2024,0.6177363967069041,50.57142857142857,58,39,0.7711864406779662,19,True,38,1,0.9743589743589743,0.8681871352137286,0.9954594139347628,0.02564102564102566,0.7507179487179487,0.6410256410256411,0.8461538461538461,1.2979028622173645,12.79245829994872,6.291540912802565,127.9245829994872,62.91540912802565
H008_pooling_ablation,3,50,pooled_with_corridor_thresholds,logistic,RUB_KGS,2024,0.6186803062861943,50.57142857142857,62,41,0.8107344632768362,21,True,40,1,0.975609756097561,0.8740465298832191,0.9956815797292836,0.024390243902439046,0.7346829268292683,0.6341463414634146,0.8292682926829268,1.3279330721731624,12.95529171947805,6.620316333019512,129.5529171947805,66.20316333019512
H008_pooling_ablation,3,50,pooled_with_corridor_thresholds,logistic,RUB_KZT,2024,0.6509536365017919,50.57142857142857,58,39,0.7711864406779662,19,True,34,5,0.8717948717948718,0.7329395096236953,0.9439726505197168,0.1282051282051282,0.6678974358974359,0.5384615384615384,0.8205128205128205,1.3052825552825553,9.24692112596923,12.430242344264103,92.4692112596923,124.30242344264104
H008_pooling_ablation,3,50,pooled_with_corridor_thresholds,logistic,RUB_TJS,2024,0.6141614462567817,50.57142857142857,62,41,0.8107344632768362,21,True,40,1,0.975609756097561,0.8740465298832191,0.9956815797292836,0.024390243902439046,0.7459024390243901,0.6341463414634146,0.8536585365853658,1.3079589300895953,13.952818219114633,7.005255665314634,139.52818219114633,70.05255665314634
H008_pooling_ablation,3,50,pooled_with_corridor_thresholds,logistic,RUB_UZS,2024,0.6105909427056045,50.57142857142857,62,43,0.8502824858757062,19,True,39,4,0.9069767441860465,0.7839701160146731,0.9632289548966535,0.09302325581395354,0.6976744186046511,0.5813953488372093,0.813953488372093,1.3,15.182896747546513,11.01130063897907,151.82896747546513,110.1130063897907
H008_pooling_ablation,3,50,pooled_with_corridor_thresholds,logistic,RUB_AMD,2025,0.7861366470734331,50.714285714285715,59,43,0.847887323943662,16,True,34,9,0.7906976744186046,0.6479406820576337,0.8857729400218853,0.2093023255813954,0.6185116279069768,0.4883720930232558,0.7441860465116279,1.2783877274778161,24.6466176471,33.49018400328837,246.466176471,334.9018400328837
H008_pooling_ablation,3,50,pooled_with_corridor_thresholds,logistic,RUB_KGS,2025,0.7444579018785852,50.714285714285715,94,49,0.9661971830985915,45,True,39,10,0.7959183673469388,0.6636272988905617,0.8851827295718618,0.20408163265306123,0.6511836734693879,0.5510204081632653,0.7551020408163265,1.2222640090259493,15.831819140851021,34.750746706842854,158.31819140851022,347.5074670684285
H008_pooling_ablation,3,50,pooled_with_corridor_thresholds,logistic,RUB_KZT,2025,0.7538241054066218,50.714285714285715,89,48,0.9464788732394366,41,True,33,15,0.6875,0.5466666274950367,0.8005448783226851,0.3125,0.6167083333333333,0.5,0.7291666666666666,1.114789541247213,7.79316330494375,36.92308245294792,77.9316330494375,369.23082452947915
H008_pooling_ablation,3,50,pooled_with_corridor_thresholds,logistic,RUB_TJS,2025,0.740384922802266,50.714285714285715,115,49,0.9661971830985915,66,True,38,11,0.7755102040816326,0.6412094381295426,0.8697516228527138,0.22448979591836737,0.6771428571428572,0.5811224489795919,0.7755102040816326,1.1452682338758287,16.044928607830613,36.88415869280817,160.44928607830613,368.8415869280817
H008_pooling_ablation,3,50,pooled_with_corridor_thresholds,logistic,RUB_UZS,2025,0.7874063916257429,50.714285714285715,70,45,0.8873239436619718,25,True,31,14,0.6888888888888889,0.5433492001245103,0.804714745364581,0.3111111111111111,0.5684444444444443,0.4444444444444444,0.6888888888888889,1.2118842845973419,20.81845079824,37.88171693216222,208.18450798240002,378.8171693216222
H008_pooling_ablation,3,50,pooled_with_corridor_thresholds,logistic,RUB_AMD,2026,0.7684739873262469,32.57142857142857,6,6,0.1842105263157895,0,True,5,1,0.8333333333333334,0.4364905634363539,0.9699474141282696,0.16666666666666663,0.6803333333333332,0.3333333333333333,1.0,1.2248897599216073,16.253397439866664,14.67091368285,162.53397439866666,146.7091368285
H008_pooling_ablation,3,50,pooled_with_corridor_thresholds,logistic,RUB_KGS,2026,0.5198407585786845,32.57142857142857,64,31,0.9517543859649124,33,True,22,9,0.7096774193548387,0.5340734004245933,0.8390437928156712,0.29032258064516125,0.6692903225806451,0.5483870967741935,0.8064516129032258,1.0603431656063236,-8.399117834209678,39.89228904080968,-83.99117834209677,398.9228904080968
H008_pooling_ablation,3,50,pooled_with_corridor_thresholds,logistic,RUB_KZT,2026,0.7336630781546328,32.57142857142857,17,14,0.4298245614035088,3,True,12,2,0.8571428571428571,0.600580922361363,0.9599069262620787,0.1428571428571429,0.6814285714285715,0.42857142857142855,0.9285714285714286,1.2578616352201255,-13.432505073628565,18.797930874985713,-134.32505073628565,187.97930874985713
H008_pooling_ablation,3,50,pooled_with_corridor_thresholds,logistic,RUB_TJS,2026,0.7954929194456752,32.57142857142857,2,2,0.06140350877192983,0,True,2,0,1.0,0.3423719528896193,1.0,0.0,0.641,0.0,1.0,1.5600624024960998,24.361632959250002,2.8308025114,243.61632959250002,28.308025114
H008_pooling_ablation,3,50,pooled_with_corridor_thresholds,logistic,RUB_UZS,2026,0.767134705237428,32.57142857142857,3,3,0.09210526315789475,0,True,2,1,0.6666666666666666,0.20765495512648788,0.9385096847238393,0.33333333333333337,0.6393333333333334,0.0,1.0,1.0427528675703857,29.257199120333336,46.096322161766665,292.57199120333337,460.96322161766665
H008_pooling_ablation,3,50,pooled_with_corridor_thresholds,random_forest,RUB_AMD,2022,0.5597508785504177,50.57142857142857,11,8,0.15819209039548024,3,True,7,1,0.875,0.5291051942301385,0.9775830911367039,0.125,0.5685,0.25,0.875,1.5391380826737027,28.41532844485,13.258282190287499,284.1532844485,132.582821902875
H008_pooling_ablation,3,50,pooled_with_corridor_thresholds,random_forest,RUB_KGS,2022,0.5749191556390714,50.57142857142857,9,7,0.1384180790960452,2,True,7,0,1.0,0.6456611570247934,1.0,0.0,0.5462857142857144,0.14285714285714285,0.8571428571428571,1.8305439330543931,24.679172282357143,0.0,246.7917228235714,0.0
H008_pooling_ablation,3,50,pooled_with_corridor_thresholds,random_forest,RUB_KZT,2022,0.6070332466715139,50.57142857142857,1,1,0.01977401129943503,0,True,1,0,1.0,0.20654329147389294,1.0,0.0,0.498,0.0,1.0,2.0080321285140563,65.6608384257,0.0,656.608384257,0.0
H008_pooling_ablation,3,50,pooled_with_corridor_thresholds,random_forest,RUB_TJS,2022,0.6509480012690319,50.57142857142857,0,0,0.0,0,False,0,0,,,,,,,,,,,,
H008_pooling_ablation,3,50,pooled_with_corridor_thresholds,random_forest,RUB_UZS,2022,0.6517552661867405,50.57142857142857,0,0,0.0,0,False,0,0,,,,,,,,,,,,
H008_pooling_ablation,3,50,pooled_with_corridor_thresholds,random_forest,RUB_AMD,2023,0.5639058751849528,50.57142857142857,25,15,0.2966101694915254,10,True,13,2,0.8666666666666667,0.6211750079348376,0.9626395301086408,0.1333333333333333,0.7352,0.5333333333333333,0.9333333333333333,1.178817555313747,25.968280931600003,22.833439993813332,259.68280931600003,228.33439993813332
H008_pooling_ablation,3,50,pooled_with_corridor_thresholds,random_forest,RUB_KGS,2023,0.5586030913039619,50.57142857142857,34,19,0.37570621468926557,15,True,16,3,0.8421052631578947,0.6243407235682331,0.9447962896007217,0.1578947368421053,0.7470526315789473,0.5263157894736842,0.8947368421052632,1.1272368606453431,30.432174858368423,26.96627348787368,304.3217485836842,269.6627348787368
H008_pooling_ablation,3,50,pooled_with_corridor_thresholds,random_forest,RUB_KZT,2023,0.5681655151671454,50.57142857142857,20,11,0.21751412429378533,9,True,9,2,0.8181818181818182,0.5230138624217553,0.9486333993289994,0.18181818181818177,0.6310909090909091,0.36363636363636365,0.9090909090909091,1.296456352636128,45.510796244136365,25.575805684318183,455.10796244136367,255.75805684318183
H008_pooling_ablation,3,50,pooled_with_corridor_thresholds,random_forest,RUB_TJS,2023,0.5699456346846826,50.57142857142857,31,18,0.3559322033898305,13,True,15,3,0.8333333333333334,0.6077750036164077,0.9416352959953425,0.16666666666666663,0.7328888888888889,0.5555555555555556,0.8888888888888888,1.137052759248029,25.376351879755557,27.656346424505557,253.76351879755558,276.56346424505557
H008_pooling_ablation,3,50,pooled_with_corridor_thresholds,random_forest,RUB_UZS,2023,0.5155043304906015,50.57142857142857,62,30,0.5932203389830508,32,True,23,7,0.7666666666666667,0.5907132766967573,0.8820776078949878,0.23333333333333328,0.7322666666666666,0.6,0.8666666666666667,1.0469774217042973,28.464613063283327,37.86055366077,284.64613063283326,378.6055366077
H008_pooling_ablation,3,50,pooled_with_corridor_thresholds,random_forest,RUB_AMD,2024,0.5636695088768562,50.57142857142857,80,39,0.7711864406779662,41,True,34,5,0.8717948717948718,0.7329395096236953,0.9439726505197168,0.1282051282051282,0.7507179487179487,0.6410256410256411,0.8461538461538461,1.1612815082997472,15.136889343479488,14.627120719428202,151.36889343479487,146.27120719428203
H008_pooling_ablation,3,50,pooled_with_corridor_thresholds,random_forest,RUB_KGS,2024,0.5787245793291298,50.57142857142857,70,36,0.711864406779661,34,True,33,3,0.9166666666666666,0.7817298972308114,0.9712519107287081,0.08333333333333337,0.7297777777777779,0.6111111111111112,0.8333333333333334,1.2560901339829473,17.374210160586117,11.575571749702776,173.74210160586117,115.75571749702776
H008_pooling_ablation,3,50,pooled_with_corridor_thresholds,random_forest,RUB_KZT,2024,0.5621939479934585,50.57142857142857,78,39,0.7711864406779662,39,True,33,6,0.8461538461538461,0.7027023013426569,0.9275262615494854,0.15384615384615385,0.6678974358974359,0.5384615384615384,0.8205128205128205,1.2668918918918919,15.65837033862821,16.606800761897432,156.5837033862821,166.06800761897432
H008_pooling_ablation,3,50,pooled_with_corridor_thresholds,random_forest,RUB_TJS,2024,0.5783511092672319,50.57142857142857,70,36,0.711864406779661,34,True,33,3,0.9166666666666666,0.7817298972308114,0.9712519107287081,0.08333333333333337,0.7509444444444444,0.6388888888888888,0.8611111111111112,1.2206850632536805,14.576283382025,13.612442498902778,145.76283382025,136.12442498902777
H008_pooling_ablation,3,50,pooled_with_corridor_thresholds,random_forest,RUB_UZS,2024,0.5467805733124186,50.57142857142857,99,43,0.8502824858757062,56,True,35,8,0.813953488372093,0.6738270676469403,0.9025836441989402,0.18604651162790697,0.6976744186046511,0.5813953488372093,0.813953488372093,1.1666666666666667,15.982367490627905,22.888486904095352,159.82367490627905,228.8848690409535
H008_pooling_ablation,3,50,pooled_with_corridor_thresholds,random_forest,RUB_AMD,2025,0.7023528133923983,50.714285714285715,22,16,0.31549295774647884,6,True,16,0,1.0,0.8063865817272801,1.0,0.0,0.61875,0.375,0.8125,1.6161616161616161,-14.44646575330625,6.69347144021875,-144.46465753306248,66.9347144021875
H008_pooling_ablation,3,50,pooled_with_corridor_thresholds,random_forest,RUB_KGS,2025,0.6628442158857571,50.714285714285715,36,26,0.5126760563380282,10,True,22,4,0.8461538461538461,0.6646841558168644,0.9385006600107052,0.15384615384615385,0.6491538461538462,0.5,0.8076923076923077,1.30347197535253,7.016448324996153,19.111740533076922,70.16448324996152,191.11740533076923
H008_pooling_ablation,3,50,pooled_with_corridor_thresholds,random_forest,RUB_KZT,2025,0.6937829168142277,50.714285714285715,16,13,0.2563380281690141,3,True,11,2,0.8461538461538461,0.5776482949136899,0.9567427368172621,0.15384615384615385,0.6096923076923078,0.3076923076923077,0.8461538461538461,1.3878374968458238,-25.394790157646153,11.772677158169229,-253.9479015764615,117.72677158169229
H008_pooling_ablation,3,50,pooled_with_corridor_thresholds,random_forest,RUB_TJS,2025,0.6751764707316312,50.714285714285715,25,20,0.39436619718309857,5,True,19,1,0.95,0.7638641064874331,0.9911187805671267,0.050000000000000044,0.669,0.45,0.85,1.420029895366218,-8.191401493359999,15.557279014359997,-81.91401493359999,155.57279014359997
H008_pooling_ablation,3,50,pooled_with_corridor_thresholds,random_forest,RUB_UZS,2025,0.6983917538739545,50.714285714285715,11,11,0.21690140845070421,0,True,10,1,0.9090909090909091,0.6226353745137962,0.9837682477371741,0.09090909090909094,0.5807272727272728,0.36363636363636365,0.8181818181818182,1.5654351909830932,-10.736909685163637,17.457092298972725,-107.36909685163637,174.57092298972725
H008_pooling_ablation,3,50,pooled_with_corridor_thresholds,random_forest,RUB_AMD,2026,0.5949892899407322,32.57142857142857,25,18,0.5526315789473685,7,True,15,3,0.8333333333333334,0.6077750036164077,0.9416352959953425,0.16666666666666663,0.6815555555555556,0.5,0.8333333333333334,1.2226931855233127,4.118189281966667,19.005017005411112,41.18189281966667,190.0501700541111
H008_pooling_ablation,3,50,pooled_with_corridor_thresholds,random_forest,RUB_KGS,2026,0.5994912000545358,32.57142857142857,21,15,0.46052631578947373,6,True,13,2,0.8666666666666667,0.6211750079348376,0.9626395301086408,0.1333333333333333,0.6552,0.4,0.8666666666666667,1.3227513227513228,5.182645526393333,20.340576745000003,51.82645526393333,203.40576745000004
H008_pooling_ablation,3,50,pooled_with_corridor_thresholds,random_forest,RUB_KZT,2026,0.5825758320365527,32.57142857142857,8,8,0.2456140350877193,0,True,6,2,0.75,0.40926987910258916,0.9285223111419724,0.25,0.6835,0.375,1.0,1.097293343087052,32.459804197912504,43.8727930206,324.59804197912507,438.72793020599994
H008_pooling_ablation,3,50,pooled_with_corridor_thresholds,random_forest,RUB_TJS,2026,0.5862805200307133,32.57142857142857,28,20,0.6140350877192983,8,True,16,4,0.8,0.5839782779742402,0.9193436467288001,0.19999999999999996,0.6637000000000001,0.5,0.85,1.2053638692180202,2.7075178623350014,22.953949893660003,27.075178623350013,229.5394989366
H008_pooling_ablation,3,50,pooled_with_corridor_thresholds,random_forest,RUB_UZS,2026,0.5791334141860913,32.57142857142857,26,17,0.5219298245614036,9,True,13,4,0.7647058823529411,0.5273775411082839,0.9044511092832406,0.23529411764705888,0.6424705882352941,0.47058823529411764,0.8235294117647058,1.1902581944698771,-7.68901108577647,25.560822170888233,-76.8901108577647,255.60822170888233
H008_pooling_ablation,3,50,pooled_without_corridor_feature,logistic,RUB_AMD,2022,0.8849680875721296,50.57142857142857,0,0,0.0,0,False,0,0,,,,,,,,,,,,
H008_pooling_ablation,3,50,pooled_without_corridor_feature,logistic,RUB_KGS,2022,0.8244997261142631,50.57142857142857,0,0,0.0,0,False,0,0,,,,,,,,,,,,
H008_pooling_ablation,3,50,pooled_without_corridor_feature,logistic,RUB_KZT,2022,0.8921984303773277,50.57142857142857,0,0,0.0,0,False,0,0,,,,,,,,,,,,
H008_pooling_ablation,3,50,pooled_without_corridor_feature,logistic,RUB_TJS,2022,0.8371041456011091,50.57142857142857,2,1,0.01977401129943503,1,True,1,0,1.0,0.20654329147389294,1.0,0.0,0.554,0.0,1.0,1.8050541516245486,491.3666353158,11.8147076842,4913.666353158,118.147076842
H008_pooling_ablation,3,50,pooled_without_corridor_feature,logistic,RUB_UZS,2022,0.8498710007826322,50.57142857142857,0,0,0.0,0,False,0,0,,,,,,,,,,,,
H008_pooling_ablation,3,50,pooled_without_corridor_feature,logistic,RUB_AMD,2023,0.6484700105161275,50.57142857142857,82,37,0.731638418079096,45,True,26,11,0.7027027027027027,0.5421656082795642,0.8251069765359181,0.29729729729729726,0.7271891891891892,0.6216216216216216,0.8378378378378378,0.9663272132609827,19.89935085135675,39.628825709372975,198.9935085135675,396.2882570937298
H008_pooling_ablation,3,50,pooled_without_corridor_feature,logistic,RUB_KGS,2023,0.6620609835180709,50.57142857142857,86,41,0.8107344632768362,45,True,33,8,0.8048780487804879,0.6598611764744329,0.8976568425079408,0.19512195121951215,0.740780487804878,0.6341463414634146,0.8292682926829268,1.0865270644014224,20.845547123409755,30.71980656255854,208.45547123409753,307.1980656255854
H008_pooling_ablation,3,50,pooled_without_corridor_feature,logistic,RUB_KZT,2023,0.7603945540692849,50.57142857142857,35,20,0.3954802259887006,15,True,18,2,0.9,0.6989617935882066,0.9721341060158467,0.09999999999999998,0.6154,0.4,0.8,1.4624634384140398,27.191926834845,20.20586871743,271.91926834845,202.05868717430002
H008_pooling_ablation,3,50,pooled_without_corridor_feature,logistic,RUB_TJS,2023,0.6084246171084423,50.57142857142857,116,44,0.8700564971751413,72,True,27,17,0.6136363636363636,0.46623309846201666,0.7427900111329802,0.38636363636363635,0.7373181818181818,0.6363636363636364,0.8409090909090909,0.8322544849269466,-10.202060406275,66.07476808764773,-102.02060406275001,660.7476808764773
H008_pooling_ablation,3,50,pooled_without_corridor_feature,logistic,RUB_UZS,2023,0.6037388279776319,50.57142857142857,113,45,0.8898305084745763,68,True,27,18,0.6,0.4545159420914473,0.7297532055204244,0.4,0.7283999999999998,0.6444444444444445,0.8222222222222222,0.8237232289950578,-9.428885928222222,71.3771302823511,-94.28885928222222,713.7713028235111
H008_pooling_ablation,3,50,pooled_without_corridor_feature,logistic,RUB_AMD,2024,0.6163393586373944,50.57142857142857,62,41,0.8107344632768362,21,True,38,3,0.926829268292683,0.8057225998278871,0.9748026267474359,0.07317073170731703,0.7495121951219512,0.6341463414634146,0.8536585365853658,1.2365766352098926,10.241799605468293,10.471884533751219,102.41799605468293,104.71884533751218
H008_pooling_ablation,3,50,pooled_without_corridor_feature,logistic,RUB_KGS,2024,0.618436606099357,50.57142857142857,63,42,0.8305084745762712,21,True,41,1,0.9761904761904762,0.8767851883475175,0.9957847045008998,0.023809523809523836,0.7358095238095238,0.6190476190476191,0.8458333333333328,1.3266891017344034,11.853493138788092,6.462689753661905,118.53493138788093,64.62689753661904
H008_pooling_ablation,3,50,pooled_without_corridor_feature,logistic,RUB_KZT,2024,0.6234680215693184,50.57142857142857,59,39,0.7711864406779662,20,True,34,5,0.8717948717948718,0.7329395096236953,0.9439726505197168,0.1282051282051282,0.6678974358974359,0.5384615384615384,0.8205128205128205,1.3052825552825553,9.697904740728205,12.7422053084359,96.97904740728205,127.42205308435899
H008_pooling_ablation,3,50,pooled_without_corridor_feature,logistic,RUB_TJS,2024,0.6171318037663707,50.57142857142857,61,40,0.7909604519774012,21,True,39,1,0.975,0.8711834051199223,0.9955732825922052,0.025000000000000022,0.7474500000000001,0.65,0.85,1.3044350792695163,13.404524700595001,7.1803870569475,134.04524700595002,71.803870569475
H008_pooling_ablation,3,50,pooled_without_corridor_feature,logistic,RUB_UZS,2024,0.6194764014878757,50.57142857142857,59,41,0.8107344632768362,18,True,37,4,0.9024390243902439,0.7745202448096945,0.9614035402470387,0.09756097560975607,0.7019512195121951,0.5853658536585366,0.8048780487804879,1.2856150104239057,16.195102471456096,12.169633891992683,161.95102471456096,121.69633891992683
H008_pooling_ablation,3,50,pooled_without_corridor_feature,logistic,RUB_AMD,2025,0.7932769713158336,50.714285714285715,59,43,0.847887323943662,16,True,34,9,0.7906976744186046,0.6479406820576337,0.8857729400218853,0.2093023255813954,0.6185116279069768,0.4883720930232558,0.7441860465116279,1.2783877274778161,24.6466176471,33.49018400328837,246.466176471,334.9018400328837
H008_pooling_ablation,3,50,pooled_without_corridor_feature,logistic,RUB_KGS,2025,0.7413267362582011,50.714285714285715,94,49,0.9661971830985915,45,True,39,10,0.7959183673469388,0.6636272988905617,0.8851827295718618,0.20408163265306123,0.6511836734693879,0.5510204081632653,0.7551020408163265,1.2222640090259493,15.831819140851021,34.750746706842854,158.31819140851022,347.5074670684285
H008_pooling_ablation,3,50,pooled_without_corridor_feature,logistic,RUB_KZT,2025,0.8294776516832212,50.714285714285715,47,39,0.7690140845070422,8,True,28,11,0.717948717948718,0.5622438267752261,0.8345667498605671,0.28205128205128205,0.6170769230769231,0.48717948717948717,0.7435897435897436,1.1634671320535195,-6.288733386194872,39.96443511032821,-62.887333861948726,399.64435110328213
H008_pooling_ablation,3,50,pooled_without_corridor_feature,logistic,RUB_TJS,2025,0.7398005933554067,50.714285714285715,112,49,0.9661971830985915,63,True,38,11,0.7755102040816326,0.6412094381295426,0.8697516228527138,0.22448979591836737,0.6771428571428572,0.5811224489795919,0.7755102040816326,1.1452682338758287,16.802601698644896,36.686680083342864,168.02601698644898,366.86680083342867
H008_pooling_ablation,3,50,pooled_without_corridor_feature,logistic,RUB_UZS,2025,0.7879957109091646,50.714285714285715,68,44,0.8676056338028169,24,True,30,14,0.6818181818181818,0.5344282746687306,0.8000087006832642,0.31818181818181823,0.569909090909091,0.45454545454545453,0.6818181818181818,1.1963630563088208,21.207987552399995,37.71765872360227,212.07987552399993,377.1765872360227
H008_pooling_ablation,3,50,pooled_without_corridor_feature,logistic,RUB_AMD,2026,0.5913611187763679,32.57142857142857,49,29,0.8903508771929826,20,True,23,6,0.7931034482758621,0.6160955339174229,0.9015406348441479,0.2068965517241379,0.6928275862068966,0.5517241379310345,0.7931034482758621,1.1447342225761497,-4.892093247496552,25.01768898998276,-48.92093247496552,250.1768898998276
H008_pooling_ablation,3,50,pooled_without_corridor_feature,logistic,RUB_KGS,2026,0.5851181854522913,32.57142857142857,47,29,0.8903508771929826,18,True,24,5,0.8275862068965517,0.6545119942718489,0.9240225472852006,0.1724137931034483,0.6698620689655174,0.5172413793103449,0.8275862068965517,1.2354576340986305,-3.7207715189551718,24.28498633186207,-37.20771518955172,242.84986331862066
H008_pooling_ablation,3,50,pooled_without_corridor_feature,logistic,RUB_KZT,2026,0.748671534384111,32.57142857142857,10,10,0.30701754385964913,0,True,7,3,0.7,0.3967732199795652,0.892210712513788,0.30000000000000004,0.6844000000000001,0.4,0.9,1.0227936879018116,-7.009074213119997,29.094748846359998,-70.09074213119997,290.9474884636
H008_pooling_ablation,3,50,pooled_without_corridor_feature,logistic,RUB_TJS,2026,0.791274331142884,32.57142857142857,1,1,0.030701754385964914,0,True,1,0,1.0,0.20654329147389294,1.0,0.0,0.642,0.0,1.0,1.557632398753894,83.140326841,0.0,831.40326841,0.0
H008_pooling_ablation,3,50,pooled_without_corridor_feature,logistic,RUB_UZS,2026,0.7420949043651968,32.57142857142857,5,5,0.15350877192982457,0,True,4,1,0.8,0.37552826411853885,0.9637768390302125,0.19999999999999996,0.6452,0.2950000000000003,1.0,1.2399256044637323,29.28910014022,31.58311144158,292.8910014022,315.8311144158
H008_pooling_ablation,3,50,pooled_without_corridor_feature,random_forest,RUB_AMD,2022,0.5853976976699314,50.57142857142857,8,6,0.11864406779661017,2,True,6,0,1.0,0.6096569663469354,1.0,0.0,0.585,0.16666666666666666,1.0,1.7094017094017095,27.545608967083336,0.9719150076999999,275.45608967083336,9.719150077
H008_pooling_ablation,3,50,pooled_without_corridor_feature,random_forest,RUB_KGS,2022,0.6460852672823436,50.57142857142857,0,0,0.0,0,False,0,0,,,,,,,,,,,,
H008_pooling_ablation,3,50,pooled_without_corridor_feature,random_forest,RUB_KZT,2022,0.6108920407056498,50.57142857142857,3,3,0.059322033898305086,0,True,3,0,1.0,0.4384939195509822,1.0,0.0,0.502,0.0,1.0,1.9920318725099602,19.170913452666667,13.033381254033332,191.70913452666667,130.33381254033333
H008_pooling_ablation,3,50,pooled_without_corridor_feature,random_forest,RUB_TJS,2022,0.5856131524576004,50.57142857142857,12,9,0.17796610169491525,3,True,9,0,1.0,0.7008472464490406,1.0,0.0,0.586,0.3333333333333333,0.8888888888888888,1.7064846416382253,29.509264248422223,0.5170580672111111,295.0926424842222,5.170580672111111
H008_pooling_ablation,3,50,pooled_without_corridor_feature,random_forest,RUB_UZS,2022,0.6891382418170262,50.57142857142857,0,0,0.0,0,False,0,0,,,,,,,,,,,,
H008_pooling_ablation,3,50,pooled_without_corridor_feature,random_forest,RUB_AMD,2023,0.5766894345370874,50.57142857142857,25,15,0.2966101694915254,10,True,13,2,0.8666666666666667,0.6211750079348376,0.9626395301086408,0.1333333333333333,0.7352,0.5333333333333333,0.9333333333333333,1.178817555313747,30.144936142160002,21.24810658158667,301.44936142160003,212.48106581586669
H008_pooling_ablation,3,50,pooled_without_corridor_feature,random_forest,RUB_KGS,2023,0.5674284175582214,50.57142857142857,32,17,0.3361581920903955,15,True,14,3,0.8235294117647058,0.5897007098262422,0.9380898628745102,0.17647058823529416,0.7411764705882353,0.5294117647058824,0.9411764705882353,1.111111111111111,17.756037554658825,32.13811980202941,177.56037554658823,321.38119802029405
H008_pooling_ablation,3,50,pooled_without_corridor_feature,random_forest,RUB_KZT,2023,0.574802697490144,50.57142857142857,23,14,0.2768361581920904,9,True,12,2,0.8571428571428571,0.600580922361363,0.9599069262620787,0.1428571428571429,0.6214285714285713,0.3910714285714287,0.8571428571428571,1.3793103448275863,35.80611473445,24.040774818714286,358.06114734449994,240.40774818714286
H008_pooling_ablation,3,50,pooled_without_corridor_feature,random_forest,RUB_TJS,2023,0.5469279995716081,50.57142857142857,46,24,0.4745762711864407,22,True,19,5,0.7916666666666666,0.5952915551476453,0.9075531089521192,0.20833333333333337,0.7451666666666668,0.5833333333333334,0.9166666666666666,1.062402147170655,18.818044087658333,30.32319087775417,188.18044087658333,303.23190877754166
H008_pooling_ablation,3,50,pooled_without_corridor_feature,random_forest,RUB_UZS,2023,0.5744647344408914,50.57142857142857,28,17,0.3361581920903955,11,True,15,2,0.8823529411764706,0.6566315750229009,0.9671209199870792,0.11764705882352944,0.7307058823529412,0.5294117647058824,0.8823529411764706,1.207535018515537,37.380823394364704,13.921496506882354,373.80823394364705,139.21496506882355
H008_pooling_ablation,3,50,pooled_without_corridor_feature,random_forest,RUB_AMD,2024,0.5452938306300481,50.57142857142857,100,43,0.8502824858757062,57,True,36,7,0.8372093023255814,0.7002730466408176,0.9188347549714246,0.16279069767441856,0.7483720930232557,0.6511627906976745,0.8372093023255814,1.1187072715972657,18.131027047779074,18.182904193672094,181.31027047779074,181.82904193672093
H008_pooling_ablation,3,50,pooled_without_corridor_feature,random_forest,RUB_KGS,2024,0.5618817719269992,50.57142857142857,84,40,0.7909604519774012,44,True,35,5,0.875,0.7388757932976185,0.9454058022645871,0.125,0.7406,0.625,0.85,1.1814744801512287,16.152079584277498,15.133553811259997,161.520795842775,151.33553811259995
H008_pooling_ablation,3,50,pooled_without_corridor_feature,random_forest,RUB_KZT,2024,0.5784955723135345,50.57142857142857,67,36,0.711864406779661,31,True,31,5,0.8611111111111112,0.7134014871960681,0.9391827463688489,0.13888888888888884,0.6701111111111111,0.5277777777777778,0.8055555555555556,1.2850273586469907,14.483759969102778,12.348890566413889,144.83759969102778,123.4889056641389
H008_pooling_ablation,3,50,pooled_without_corridor_feature,random_forest,RUB_TJS,2024,0.5604566161990269,50.57142857142857,81,38,0.7514124293785311,43,True,35,3,0.9210526315789473,0.792003210797347,0.9727858986057349,0.07894736842105265,0.7475263157894736,0.631578947368421,0.868421052631579,1.2321340561853131,18.99583957186579,12.435752317557895,189.9583957186579,124.35752317557896
H008_pooling_ablation,3,50,pooled_without_corridor_feature,random_forest,RUB_UZS,2024,0.5346098033716361,50.57142857142857,120,45,0.8898305084745763,75,True,34,11,0.7555555555555555,0.6132633941520987,0.8576466497449071,0.24444444444444446,0.6929333333333332,0.5777777777777777,0.8,1.0903726508883331,14.88532644086889,29.238299776339996,148.8532644086889,292.38299776339994
H008_pooling_ablation,3,50,pooled_without_corridor_feature,random_forest,RUB_AMD,2025,0.7394216276060113,50.714285714285715,8,6,0.11830985915492957,2,True,6,0,1.0,0.6096569663469354,1.0,0.0,0.6103333333333333,0.3333333333333333,1.0,1.6384489350081923,-3.2178136084166677,0.0,-32.178136084166674,0.0
H008_pooling_ablation,3,50,pooled_without_corridor_feature,random_forest,RUB_KGS,2025,0.6771964699353122,50.714285714285715,28,18,0.3549295774647887,10,True,16,2,0.8888888888888888,0.6719975513339578,0.9689811315464172,0.11111111111111116,0.6441111111111111,0.4444444444444444,0.8333333333333334,1.3800241504226325,-4.962366694277778,8.998263104311112,-49.623666942777774,89.98263104311113
H008_pooling_ablation,3,50,pooled_without_corridor_feature,random_forest,RUB_KZT,2025,0.6713027615465282,50.714285714285715,24,18,0.3549295774647887,6,True,15,3,0.8333333333333334,0.6077750036164077,0.9416352959953425,0.16666666666666663,0.6077777777777779,0.3888888888888889,0.7777777777777778,1.3711151736745886,-15.890138495261112,20.080336486233332,-158.90138495261112,200.8033648623333
H008_pooling_ablation,3,50,pooled_without_corridor_feature,random_forest,RUB_TJS,2025,0.6770095691257747,50.714285714285715,17,14,0.27605633802816903,3,True,14,0,1.0,0.7846829880728186,1.0,0.0,0.6665714285714287,0.42857142857142855,0.8571428571428571,1.500214316330904,-6.649452588871428,9.6672471861,-66.49452588871429,96.67247186099999
H008_pooling_ablation,3,50,pooled_without_corridor_feature,random_forest,RUB_UZS,2025,0.7119806406287235,50.714285714285715,4,4,0.07887323943661971,0,True,4,0,1.0,0.5100999795960008,1.0,0.0,0.5865,0.25,1.0,1.7050298380221653,-3.550505339875002,0.0,-35.50505339875002,0.0
H008_pooling_ablation,3,50,pooled_without_corridor_feature,random_forest,RUB_AMD,2026,0.602600693822456,32.57142857142857,25,18,0.5526315789473685,7,True,15,3,0.8333333333333334,0.6077750036164077,0.9416352959953425,0.16666666666666663,0.6815555555555556,0.5,0.8333333333333334,1.2226931855233127,-3.4236623629111116,21.093955273844443,-34.236623629111115,210.9395527384444
H008_pooling_ablation,3,50,pooled_without_corridor_feature,random_forest,RUB_KGS,2026,0.608296839486298,32.57142857142857,22,16,0.4912280701754386,6,True,14,2,0.875,0.6397666856325172,0.9650232506629429,0.125,0.655875,0.4375,0.875,1.3340956737183152,4.4077427328250005,22.051496175325,44.07742732825,220.51496175325002
H008_pooling_ablation,3,50,pooled_without_corridor_feature,random_forest,RUB_KZT,2026,0.5697592374789286,32.57142857142857,19,14,0.4298245614035088,5,True,10,4,0.7142857142857143,0.4535045882751561,0.882788120898909,0.2857142857142857,0.6814285714285715,0.42857142857142855,0.9285714285714286,1.0482180293501047,2.399562786321429,47.258517250292854,23.99562786321429,472.5851725029285
H008_pooling_ablation,3,50,pooled_without_corridor_feature,random_forest,RUB_TJS,2026,0.5947861773035779,32.57142857142857,30,21,0.6447368421052632,9,True,17,4,0.8095238095238095,0.599990134607267,0.923325593848227,0.19047619047619047,0.6701904761904761,0.47619047619047616,0.8345238095238084,1.2079010942162856,0.9396807773428575,22.130504899809527,9.396807773428575,221.3050489980953
H008_pooling_ablation,3,50,pooled_without_corridor_feature,random_forest,RUB_UZS,2026,0.59488530501908,32.57142857142857,24,16,0.4912280701754386,8,True,12,4,0.75,0.5050123107060135,0.8981809801576265,0.25,0.64,0.4375,0.8125,1.171875,-4.950420974181251,25.25420537065,-49.50420974181251,252.54205370649998
H008_pooling_ablation,3,50,pooled,logistic,RUB_AMD,2022,0.8884014178928156,50.57142857142857,0,0,0.0,0,False,0,0,,,,,,,,,,,,
H008_pooling_ablation,3,50,pooled,logistic,RUB_KGS,2022,0.8884014178928156,50.57142857142857,0,0,0.0,0,False,0,0,,,,,,,,,,,,
H008_pooling_ablation,3,50,pooled,logistic,RUB_KZT,2022,0.8884014178928156,50.57142857142857,0,0,0.0,0,False,0,0,,,,,,,,,,,,
H008_pooling_ablation,3,50,pooled,logistic,RUB_TJS,2022,0.8884014178928156,50.57142857142857,1,1,0.01977401129943503,0,True,1,0,1.0,0.20654329147389294,1.0,0.0,0.554,0.0,1.0,1.8050541516245486,204.8312954315,0.0,2048.312954315,0.0
H008_pooling_ablation,3,50,pooled,logistic,RUB_UZS,2022,0.8884014178928156,50.57142857142857,0,0,0.0,0,False,0,0,,,,,,,,,,,,
H008_pooling_ablation,3,50,pooled,logistic,RUB_AMD,2023,0.7822277911799462,50.57142857142857,27,18,0.3559322033898305,9,True,13,5,0.7222222222222222,0.49126922453805477,0.8750043085364453,0.2777777777777778,0.7287777777777777,0.5,0.8888888888888888,0.9910047263302333,36.96524594656667,28.92481175305,369.65245946566665,289.2481175305
H008_pooling_ablation,3,50,pooled,logistic,RUB_KGS,2023,0.7822277911799462,50.57142857142857,27,18,0.3559322033898305,9,True,14,4,0.7777777777777778,0.547849735476945,0.9099921808661801,0.2222222222222222,0.7503333333333333,0.5555555555555556,0.9444444444444444,1.0365763364430625,31.565048355188885,24.50237326573889,315.65048355188884,245.02373265738888
H008_pooling_ablation,3,50,pooled,logistic,RUB_KZT,2023,0.7822277911799462,50.57142857142857,41,22,0.43502824858757067,19,True,18,4,0.8181818181818182,0.6148297802336214,0.9269323397589488,0.18181818181818177,0.611090909090909,0.4090909090909091,0.7727272727272727,1.3388872359416844,21.084839693263635,28.44638733176818,210.84839693263635,284.46387331768176
H008_pooling_ablation,3,50,pooled,logistic,RUB_TJS,2023,0.7822277911799462,50.57142857142857,32,21,0.4152542372881356,11,True,16,5,0.7619047619047619,0.5490841802765406,0.8937214361088773,0.23809523809523814,0.7365714285714285,0.5714285714285714,0.9047619047619048,1.034393586759762,23.32127957216667,27.675812732895235,233.2127957216667,276.75812732895236
H008_pooling_ablation,3,50,pooled,logistic,RUB_UZS,2023,0.7822277911799462,50.57142857142857,36,23,0.4548022598870057,13,True,19,4,0.8260869565217391,0.6286194521470434,0.9302145964938723,0.17391304347826086,0.7363478260869564,0.5652173913043478,0.9130434782608695,1.1218705715635335,33.12515958004783,20.059520410804346,331.2515958004783,200.59520410804345
H008_pooling_ablation,3,50,pooled,logistic,RUB_AMD,2024,0.7120012865446551,50.57142857142857,20,16,0.3163841807909605,4,True,11,5,0.6875,0.4440393186673406,0.8583556494803894,0.3125,0.7485,0.5625,0.9375,0.918503674014696,19.665869653799998,25.93001015735625,196.65869653799996,259.3001015735625
H008_pooling_ablation,3,50,pooled,logistic,RUB_KGS,2024,0.7120012865446551,50.57142857142857,21,17,0.3361581920903955,4,True,13,4,0.7647058823529411,0.5273775411082839,0.9044511092832406,0.23529411764705888,0.7381176470588234,0.5294117647058824,0.9411764705882353,1.036021676761237,14.666785561041175,26.472786177,146.66785561041175,264.72786177
H008_pooling_ablation,3,50,pooled,logistic,RUB_KZT,2024,0.7120012865446551,50.57142857142857,30,23,0.4548022598870057,7,True,21,2,0.9130434782608695,0.7320359570190598,0.9758205045927666,0.08695652173913049,0.6698260869565218,0.4782608695652174,0.8695652173913043,1.3631052836557183,12.413195573582607,10.362125245830436,124.13195573582607,103.62125245830435
H008_pooling_ablation,3,50,pooled,logistic,RUB_TJS,2024,0.7120012865446551,50.57142857142857,20,17,0.3361581920903955,3,True,13,4,0.7647058823529411,0.5273775411082839,0.9044511092832406,0.23529411764705888,0.7458823529411764,0.5294117647058824,0.9411764705882353,1.025236593059937,12.839472612458824,22.47773821220588,128.39472612458823,224.77738212205884
H008_pooling_ablation,3,50,pooled,logistic,RUB_UZS,2024,0.7120012865446551,50.57142857142857,19,16,0.3163841807909605,3,True,12,4,0.75,0.5050123107060135,0.8981809801576265,0.25,0.700625,0.5,0.875,1.070472792149866,18.56539982228125,25.162490455674998,185.6539982228125,251.62490455674998
H008_pooling_ablation,3,50,pooled,logistic,RUB_AMD,2025,0.7508012571417654,50.714285714285715,84,48,0.9464788732394366,36,True,37,11,0.7708333333333334,0.6346046409154885,0.8669230897101095,0.22916666666666663,0.6197916666666666,0.5,0.7291666666666666,1.2436974789915969,15.779900503902082,32.61227564350833,157.7990050390208,326.1227564350833
H008_pooling_ablation,3,50,pooled,logistic,RUB_KGS,2025,0.7508012571417654,50.714285714285715,90,49,0.9661971830985915,41,True,38,11,0.7755102040816326,0.6412094381295426,0.8697516228527138,0.22448979591836737,0.6511836734693879,0.5510204081632653,0.7551020408163265,1.1909239062304122,15.695732349224487,33.516159105467345,156.95732349224485,335.16159105467347
H008_pooling_ablation,3,50,pooled,logistic,RUB_KZT,2025,0.7508012571417654,50.714285714285715,90,48,0.9464788732394366,42,True,33,15,0.6875,0.5466666274950367,0.8005448783226851,0.3125,0.6167083333333333,0.5,0.7291666666666666,1.114789541247213,7.79316330494375,36.92308245294792,77.9316330494375,369.23082452947915
H008_pooling_ablation,3,50,pooled,logistic,RUB_TJS,2025,0.7508012571417654,50.714285714285715,107,48,0.9464788732394366,59,True,37,11,0.7708333333333334,0.6346046409154885,0.8669230897101095,0.22916666666666663,0.6767083333333332,0.5833333333333334,0.7708333333333334,1.1390924204174622,17.38820282128125,37.25183338316875,173.8820282128125,372.5183338316875
H008_pooling_ablation,3,50,pooled,logistic,RUB_UZS,2025,0.7508012571417654,50.714285714285715,93,49,0.9661971830985915,44,True,33,16,0.673469387755102,0.5337894368740628,0.7879267867073578,0.326530612244898,0.5706122448979591,0.46938775510204084,0.673469387755102,1.1802575107296138,16.99272128900612,40.086954056087755,169.9272128900612,400.86954056087757
H008_pooling_ablation,3,50,pooled,logistic,RUB_AMD,2026,0.772273377641918,32.57142857142857,5,5,0.15350877192982457,0,True,4,1,0.8,0.37552826411853885,0.9637768390302125,0.19999999999999996,0.6995999999999999,0.2,1.0,1.1435105774728418,12.78052739152,17.60509641942,127.8052739152,176.0509641942
H008_pooling_ablation,3,50,pooled,logistic,RUB_KGS,2026,0.772273377641918,32.57142857142857,5,5,0.15350877192982457,0,True,4,1,0.8,0.37552826411853885,0.9637768390302125,0.19999999999999996,0.6516,0.2,1.0,1.2277470841006755,14.061849785200002,20.82736715814,140.61849785200002,208.2736715814
H008_pooling_ablation,3,50,pooled,logistic,RUB_KZT,2026,0.772273377641918,32.57142857142857,9,9,0.27631578947368424,0,True,6,3,0.6666666666666666,0.35419734749908977,0.8794184013172571,0.33333333333333337,0.678,0.3333333333333333,0.8888888888888888,0.9832841691248769,-15.080804425922224,32.32749871817778,-150.80804425922224,323.27498718177776
H008_pooling_ablation,3,50,pooled,logistic,RUB_TJS,2026,0.772273377641918,32.57142857142857,5,5,0.15350877192982457,0,True,4,1,0.8,0.37552826411853885,0.9637768390302125,0.19999999999999996,0.6635999999999999,0.2,1.0,1.205545509342978,21.201569600640003,18.43109508162,212.01569600640005,184.3109508162
H008_pooling_ablation,3,50,pooled,logistic,RUB_UZS,2026,0.772273377641918,32.57142857142857,3,3,0.09210526315789475,0,True,2,1,0.6666666666666666,0.20765495512648788,0.9385096847238393,0.33333333333333337,0.6393333333333334,0.0,1.0,1.0427528675703857,29.257199120333336,46.096322161766665,292.57199120333337,460.96322161766665
H008_pooling_ablation,3,50,pooled,random_forest,RUB_AMD,2022,0.6652253621148759,50.57142857142857,0,0,0.0,0,False,0,0,,,,,,,,,,,,
H008_pooling_ablation,3,50,pooled,random_forest,RUB_KGS,2022,0.6652253621148759,50.57142857142857,0,0,0.0,0,False,0,0,,,,,,,,,,,,
H008_pooling_ablation,3,50,pooled,random_forest,RUB_KZT,2022,0.6652253621148759,50.57142857142857,0,0,0.0,0,False,0,0,,,,,,,,,,,,
H008_pooling_ablation,3,50,pooled,random_forest,RUB_TJS,2022,0.6652253621148759,50.57142857142857,0,0,0.0,0,False,0,0,,,,,,,,,,,,
H008_pooling_ablation,3,50,pooled,random_forest,RUB_UZS,2022,0.6652253621148759,50.57142857142857,0,0,0.0,0,False,0,0,,,,,,,,,,,,
H008_pooling_ablation,3,50,pooled,random_forest,RUB_AMD,2023,0.5642999389559281,50.57142857142857,25,15,0.2966101694915254,10,True,13,2,0.8666666666666667,0.6211750079348376,0.9626395301086408,0.1333333333333333,0.7352,0.5333333333333333,0.9333333333333333,1.178817555313747,25.968280931600003,22.833439993813332,259.68280931600003,228.33439993813332
H008_pooling_ablation,3,50,pooled,random_forest,RUB_KGS,2023,0.5642999389559281,50.57142857142857,32,18,0.3559322033898305,14,True,16,2,0.8888888888888888,0.6719975513339578,0.9689811315464172,0.11111111111111116,0.7503333333333333,0.5555555555555556,0.9444444444444444,1.1846586702206428,34.479984274088885,15.792214102016667,344.79984274088883,157.92214102016666
H008_pooling_ablation,3,50,pooled,random_forest,RUB_KZT,2023,0.5642999389559281,50.57142857142857,22,11,0.21751412429378533,11,True,9,2,0.8181818181818182,0.5230138624217553,0.9486333993289994,0.18181818181818177,0.6310909090909091,0.36363636363636365,0.9090909090909091,1.296456352636128,33.67496552299091,30.597349769272725,336.74965522990914,305.9734976927273
H008_pooling_ablation,3,50,pooled,random_forest,RUB_TJS,2023,0.5642999389559281,50.57142857142857,34,19,0.37570621468926557,15,True,15,4,0.7894736842105263,0.5666528575973391,0.9149246150840842,0.21052631578947367,0.7326315789473683,0.5513157894736843,0.8947368421052632,1.0775862068965518,22.569287111473685,29.511396663042103,225.69287111473685,295.11396663042103
H008_pooling_ablation,3,50,pooled,random_forest,RUB_UZS,2023,0.5642999389559281,50.57142857142857,31,17,0.3361581920903955,14,True,15,2,0.8823529411764706,0.6566315750229009,0.9671209199870792,0.11764705882352944,0.7307058823529412,0.5294117647058824,0.8823529411764706,1.207535018515537,35.82301721531176,13.812326108694117,358.2301721531176,138.1232610869412
H008_pooling_ablation,3,50,pooled,random_forest,RUB_AMD,2024,0.5841160323095639,50.57142857142857,65,34,0.672316384180791,31,True,30,4,0.8823529411764706,0.7337882520370123,0.9532862902656388,0.11764705882352944,0.7452941176470588,0.6176470588235294,0.8683823529411758,1.1838989739542227,4.301511896088235,15.99182986832647,43.015118960882354,159.91829868326468
H008_pooling_ablation,3,50,pooled,random_forest,RUB_KGS,2024,0.5841160323095639,50.57142857142857,67,35,0.692090395480226,32,True,32,3,0.9142857142857143,0.7762040092883749,0.9704181689947031,0.08571428571428574,0.7337142857142858,0.6,0.8571428571428571,1.2461059190031152,11.933106579437142,11.906302371122855,119.33106579437141,119.06302371122855
H008_pooling_ablation,3,50,pooled,random_forest,RUB_KZT,2024,0.5841160323095639,50.57142857142857,57,31,0.612994350282486,26,True,27,4,0.8709677419354839,0.7114724304561464,0.9486579883535523,0.12903225806451613,0.6736774193548388,0.5161290322580645,0.8064516129032258,1.2928557747557936,5.506125712632258,13.247890672016128,55.06125712632257,132.47890672016126
H008_pooling_ablation,3,50,pooled,random_forest,RUB_TJS,2024,0.5841160323095639,50.57142857142857,68,35,0.692090395480226,33,True,32,3,0.9142857142857143,0.7762040092883749,0.9704181689947031,0.08571428571428574,0.7481714285714286,0.6285714285714286,0.8571428571428571,1.2220270373482012,10.693668898814286,14.001369427442857,106.93668898814286,140.01369427442856
H008_pooling_ablation,3,50,pooled,random_forest,RUB_UZS,2024,0.5841160323095639,50.57142857142857,66,36,0.711864406779661,30,True,31,5,0.8611111111111112,0.7134014871960681,0.9391827463688489,0.13888888888888884,0.702,0.5555555555555556,0.8333333333333334,1.2266540044317824,10.485339253158333,14.8699240085,104.85339253158332,148.699240085
H008_pooling_ablation,3,50,pooled,random_forest,RUB_AMD,2025,0.7007693891448394,50.714285714285715,24,17,0.3352112676056338,7,True,16,1,0.9411764705882353,0.730174547964372,0.9895398693548358,0.05882352941176472,0.6101176470588235,0.4117647058823529,0.8235294117647058,1.5426147319706902,-12.73053934992941,9.884929435935293,-127.30539349929411,98.84929435935292
H008_pooling_ablation,3,50,pooled,random_forest,RUB_KGS,2025,0.7007693891448394,50.714285714285715,22,15,0.29577464788732394,7,True,15,0,1.0,0.7961107336956521,1.0,0.0,0.6390666666666666,0.4,0.8666666666666667,1.564781973711663,-13.502946053273332,4.540444951126667,-135.02946053273334,45.40444951126667
H008_pooling_ablation,3,50,pooled,random_forest,RUB_KZT,2025,0.7007693891448394,50.714285714285715,16,13,0.2563380281690141,3,True,11,2,0.8461538461538461,0.5776482949136899,0.9567427368172621,0.15384615384615385,0.6096923076923078,0.3076923076923077,0.8461538461538461,1.3878374968458238,-25.394790157646153,11.772677158169229,-253.9479015764615,117.72677158169229
H008_pooling_ablation,3,50,pooled,random_forest,RUB_TJS,2025,0.7007693891448394,50.714285714285715,10,9,0.17746478873239435,1,True,8,1,0.8888888888888888,0.5649937852319398,0.9801096286728695,0.11111111111111116,0.6597777777777778,0.3333333333333333,0.9472222222222196,1.3472549680026944,-19.524115009777777,18.110708753733334,-195.24115009777776,181.10708753733334
H008_pooling_ablation,3,50,pooled,random_forest,RUB_UZS,2025,0.7007693891448394,50.714285714285715,8,8,0.15774647887323942,0,True,7,1,0.875,0.5291051942301385,0.9775830911367039,0.125,0.581,0.25,0.875,1.5060240963855422,-10.6828350315125,18.885298238912497,-106.82835031512501,188.85298238912497
H008_pooling_ablation,3,50,pooled,random_forest,RUB_AMD,2026,0.5969092145856613,32.57142857142857,23,17,0.5219298245614036,6,True,14,3,0.8235294117647058,0.5897007098262422,0.9380898628745102,0.17647058823529416,0.6911764705882353,0.47058823529411764,0.8823529411764706,1.1914893617021276,5.786678081135294,20.1229591822,57.866780811352946,201.22959182199997
H008_pooling_ablation,3,50,pooled,random_forest,RUB_KGS,2026,0.5969092145856613,32.57142857142857,24,17,0.5219298245614036,7,True,15,2,0.8823529411764706,0.6566315750229009,0.9671209199870792,0.11764705882352944,0.6634117647058825,0.47058823529411764,0.8235294117647058,1.3300230537329312,7.563418665629411,20.754349341482353,75.6341866562941,207.54349341482353
H008_pooling_ablation,3,50,pooled,random_forest,RUB_KZT,2026,0.5969092145856613,32.57142857142857,4,4,0.12280701754385966,0,True,4,0,1.0,0.5100999795960008,1.0,0.0,0.679,0.25,1.0,1.4727540500736376,51.20412008385,0.0,512.0412008385,0.0
H008_pooling_ablation,3,50,pooled,random_forest,RUB_TJS,2026,0.5969092145856613,32.57142857142857,25,18,0.5526315789473685,7,True,15,3,0.8333333333333334,0.6077750036164077,0.9416352959953425,0.16666666666666663,0.6711111111111111,0.5,0.8333333333333334,1.2417218543046358,8.572581268533334,18.928479203027777,85.72581268533334,189.28479203027777
H008_pooling_ablation,3,50,pooled,random_forest,RUB_UZS,2026,0.5969092145856613,32.57142857142857,18,13,0.3991228070175439,5,True,11,2,0.8461538461538461,0.5776482949136899,0.9567427368172621,0.15384615384615385,0.6421538461538462,0.46153846153846156,0.8461538461538461,1.317680881648299,-2.4647461219230773,21.441256879923078,-24.64746121923077,214.41256879923077
